# File generated by ImageToStl.com - Free Image and 3D model conversion tools

mtllib szek.mtl

o obj1
v -1.79999995 1.12346327 -2.11522412
v -0.90003359 1.14177752 -2.10872698
v -1.79999995 1.14177799 -2.10872746
v 0 1.16100347 -2.10395122
v -1.79999995 1.16100383 -2.10395193
v 0.90003359 1.18059349 -2.10100603
v -1.79999995 1.18059373 -2.10100603
v 1.79999995 1.20000005 -2.0999999
v -1.79999995 1.20000005 -2.0999999
v 1.79999995 1.18059373 -2.10100603
v 1.79999995 1.16100383 -2.10395193
v 1.79999995 1.14177799 -2.10872746
v 1.79999995 1.12346327 -2.11522412
v 1.79999995 1.05857861 -2.15857863
v 1.79999995 1.0730139 -2.14556789
v 0.90003359 1.07301235 -2.14556742
v 1.79999995 1.08894837 -2.13379788
v 0 1.0889473 -2.13379788
v 1.79999995 1.10591924 -2.1235795
v -0.90003359 1.10591888 -2.12357998
v -1.79999995 1.10591924 -2.1235795
v -1.79999995 1.08894837 -2.13379788
v -1.79999995 1.0730139 -2.14556789
v -1.79999995 1.05857861 -2.15857863
v 1.79999995 1.0152241 -2.2234633
v 1.79999995 1.02357948 -2.20591831
v 0.90003359 1.02358007 -2.20591879
v 1.79999995 1.03379667 -2.18894601
v 0 1.03379798 -2.18894744
v 1.79999995 1.04556632 -2.17301106
v -0.90003359 1.04556751 -2.1730125
v -1.79999995 1.04556632 -2.17301106
v -1.79999995 1.03379667 -2.18894601
v -1.79999995 1.02357948 -2.20591831
v -1.79999995 1.0152241 -2.2234633
v -1.79999995 1 -2.29999995
v -0.90003359 1.00100601 -2.2805934
v -1.79999995 1.00100613 -2.2805934
v 0 1.00395119 -2.26100349
v -1.79999995 1.00395155 -2.26100373
v 0.90003359 1.00872695 -2.24177766
v -1.79999995 1.00872719 -2.24177766
v 1.79999995 1.00872719 -2.24177766
v 1.79999995 1.00395155 -2.26100373
v 1.79999995 1.00100613 -2.2805934
v 1.79999995 1 -2.29999995
v 1.87653673 1.20000005 -2.11522412
v 1.85822248 1.89997387 -2.10872698
v 1.85822213 1.20000005 -2.10872746
v 1.83899653 2.5999999 -2.10395122
v 1.83899629 1.20000005 -2.10395145
v 1.81940639 3.30002618 -2.10100603
v 1.81940627 1.20000005 -2.10100603
v 1.79999995 4 -2.0999999
v 1.81940627 4 -2.10100603
v 1.83899629 4 -2.10395145
v 1.85822213 4 -2.10872746
v 1.87653673 4 -2.11522412
v 1.94142139 4 -2.15857863
v 1.92698717 4 -2.14556766
v 1.92698765 3.30002618 -2.14556742
v 1.91105235 4 -2.13379788
v 1.9110527 2.5999999 -2.13379788
v 1.89408088 4 -2.12357998
v 1.894081 1.89997387 -2.12357998
v 1.89408088 1.20000005 -2.12357998
v 1.91105235 1.20000005 -2.13379788
v 1.92698717 1.20000005 -2.14556766
v 1.94142139 1.20000005 -2.15857863
v 1.9847759 4 -2.2234633
v 1.97642088 4 -2.20591879
v 1.97641993 3.30002618 -2.20591879
v 1.96620321 4 -2.18894672
v 1.96620202 2.5999999 -2.18894744
v 1.95443308 4 -2.17301202
v 1.95443249 1.89997387 -2.1730125
v 1.95443308 1.20000005 -2.17301202
v 1.96620321 1.20000005 -2.18894672
v 1.97642088 1.20000005 -2.20591879
v 1.9847759 1.20000005 -2.2234633
v 2 1.20000005 -2.29999995
v 1.99899399 1.89997387 -2.2805934
v 1.99899387 1.20000005 -2.2805934
v 1.99604881 2.5999999 -2.26100349
v 1.99604821 1.20000005 -2.26100397
v 1.99127305 3.30002618 -2.24177766
v 1.99127233 1.20000005 -2.2417779
v 1.99127233 4 -2.2417779
v 1.99604821 4 -2.26100397
v 1.99899387 4 -2.2805934
v 2 4 -2.29999995
v 1 4.99127293 -2.24177766
v 1 4.98477602 -2.2234633
v 1.04866076 4.9900074 -2.24186587
v 1 4.99604845 -2.26100373
v 1.04896688 4.9947381 -2.26086664
v 1.09800386 4.99108744 -2.26106834
v 1 4.99899387 -2.2805934
v 1.04906201 4.99769878 -2.28042722
v 1.09821939 4.99402666 -2.28043032
v 1.14711761 4.98801374 -2.28060269
v 1 5 -2.29999995
v 1.04894602 4.99878025 -2.29999995
v 1.09801269 4.99514675 -2.29999995
v 1.14684558 4.98913574 -2.29999995
v 1.19509029 4.98078537 -2.29999995
v 1.04807091 4.98249435 -2.22089911
v 1.09709299 4.9856019 -2.2393527
v 1.09618056 4.97778177 -2.21831799
v 1.14630532 4.98459864 -2.2585113
v 1.14523339 4.97877312 -2.23662591
v 1.14400637 4.97071266 -2.21574926
v 1.19479632 4.97948313 -2.27790594
v 1.19398427 4.9756937 -2.25554323
v 1.19275928 4.96959305 -2.23371458
v 1.19122636 4.9613595 -2.21322322
v 1.24022365 4.95900202 -2.23390746
v 1.24173892 4.96490526 -2.25537395
v 1.2892046 4.95180798 -2.25568008
v 1.24265218 4.9686451 -2.27767253
v 1.29018724 4.95545483 -2.27767658
v 1.33706069 4.94001961 -2.27791834
v 1.24285853 4.97004414 -2.29999995
v 1.2902739 4.95690823 -2.29999995
v 1.33699572 4.94148397 -2.29999995
v 1.3826834 4.92387962 -2.29999995
v 1.23806834 4.95085239 -2.21322322
v 1.28707767 4.94602776 -2.23408365
v 1.28452384 4.9379673 -2.21322322
v 1.33548093 4.93654251 -2.25585365
v 1.33320057 4.93074799 -2.23402381
v 1.33029997 4.92283392 -2.21322322
v 1.3821696 4.92263794 -2.27791023
v 1.38068175 4.91904354 -2.25555515
v 1.37829971 4.91329288 -2.23372769
v 1.37510395 4.905581 -2.21322322
v 1.42270076 4.89363861 -2.23386598
v 1.42538571 4.8991251 -2.25535488
v 1.46933627 4.87702274 -2.25562978
v 1.42699122 4.90265274 -2.27766466
v 1.47102988 4.88043499 -2.27765584
v 1.51397204 4.85615778 -2.27788424
v 1.42743778 4.90402412 -2.29999995
v 1.47137904 4.88188982 -2.29999995
v 1.51419425 4.85764837 -2.29999995
v 1.55557024 4.83146954 -2.29999995
v 1.41898942 4.88612366 -2.21322322
v 1.46612215 4.87179327 -2.23405576
v 1.46203327 4.86441565 -2.21322322
v 1.51174867 4.85306168 -2.25582743
v 1.50838292 4.84783268 -2.23400712
v 1.50397801 4.84064579 -2.21322322
v 1.55483103 4.83035374 -2.27790785
v 1.55268157 4.82712173 -2.25554824
v 1.54922569 4.82194662 -2.23372078
v 1.54456651 4.81500149 -2.21322322
v 1.58894229 4.7940464 -2.23386693
v 1.59265101 4.79889297 -2.2553544
v 1.63145137 4.76866817 -2.25564218
v 1.59490228 4.80202389 -2.27766514
v 1.6337682 4.77165794 -2.27766323
v 1.67115319 4.7394824 -2.27790189
v 1.5955925 4.80326605 -2.29999995
v 1.63437295 4.77298594 -2.29999995
v 1.67163634 4.74085712 -2.29999995
v 1.70710683 4.70710659 -2.29999995
v 1.58383262 4.78738165 -2.21322322
v 1.62726343 4.76414585 -2.23406601
v 1.62183022 4.75770855 -2.21322322
v 1.66834772 4.73686123 -2.25584674
v 1.66401541 4.73237848 -2.23402762
v 1.65832973 4.72620678 -2.21322322
v 1.70614493 4.70614481 -2.27791834
v 1.70337439 4.70337439 -2.25557613
v 1.69896889 4.69896889 -2.23375177
v 1.69310164 4.69310188 -2.21322322
v 1.7324791 4.66380262 -2.23387575
v 1.7370615 4.66785479 -2.25537348
v 1.76925099 4.63063812 -2.25563812
v 1.73991132 4.67052269 -2.27767444
v 1.77211905 4.63315725 -2.27766418
v 1.80253994 4.59432316 -2.27788758
v 1.74085534 4.6716342 -2.29999995
v 1.77298403 4.6343708 -2.29999995
v 1.80326474 4.59559155 -2.29999995
v 1.83146966 4.55557013 -2.29999995
v 1.72620654 4.65832996 -2.21322322
v 1.76426744 4.62704468 -2.23406124
v 1.75770831 4.62183094 -2.21322322
v 1.79927552 4.59230709 -2.25583029
v 1.7941649 4.58877611 -2.23400927
v 1.78738141 4.58383274 -2.21322322
v 1.83035398 4.55483055 -2.27790785
v 1.82712185 4.55268192 -2.25554824
v 1.82194674 4.54922581 -2.23372078
v 1.81500137 4.54456663 -2.21322322
v 1.84792781 4.50817823 -2.23388457
v 1.85322547 4.51127243 -2.25536466
v 1.8775084 4.46847582 -2.25565958
v 1.85652328 4.51331234 -2.27766943
v 1.8808136 4.47038078 -2.27767038
v 1.90305483 4.42634773 -2.27791071
v 1.85764873 4.51419449 -2.29999995
v 1.8818897 4.47137928 -2.29999995
v 1.90402329 4.42743778 -2.29999995
v 1.9238795 4.38268328 -2.29999995
v 1.84064555 4.50397778 -2.21322322
v 1.87189436 4.46589279 -2.23407125
v 1.86441588 4.46203327 -2.21322322
v 1.89945447 4.42499352 -2.25584602
v 1.89374554 4.42251396 -2.2340188
v 1.8861239 4.41898918 -2.21322322
v 1.92263794 4.38216972 -2.27791023
v 1.91904378 4.38068199 -2.25555515
v 1.91329288 4.37829971 -2.23372769
v 1.905581 4.37510395 -2.21322322
v 1.93077612 4.33298683 -2.2338779
v 1.93657172 4.33498001 -2.25536489
v 1.95204782 4.28827763 -2.25565386
v 1.94020641 4.33634377 -2.27767038
v 1.95565772 4.28949928 -2.27766991
v 1.96888733 4.24197865 -2.27790833
v 1.94148397 4.33699608 -2.29999995
v 1.9569062 4.29027367 -2.29999995
v 1.97004128 4.24285841 -2.29999995
v 1.98078525 4.19509029 -2.29999995
v 1.92283356 4.33030033 -2.21322322
v 1.94605649 4.28682327 -2.23406434
v 1.9379673 4.28452396 -2.21322322
v 1.96510911 4.24132109 -2.25583935
v 1.95903862 4.23998308 -2.23400998
v 1.95085239 4.23806858 -2.21322322
v 1.97948277 4.19479609 -2.27790594
v 1.97569335 4.19398403 -2.25554323
v 1.96959329 4.19275951 -2.23371458
v 1.96135962 4.19122648 -2.21322322
v 1.97071266 4.14400673 -2.21574926
v 1.97877252 4.14523315 -2.23662567
v 1.97778201 4.09618044 -2.21831799
v 1.98459852 4.14630508 -2.2585113
v 1.98560166 4.09709358 -2.2393527
v 1.98249412 4.04807138 -2.22089911
v 1.98801374 4.14711761 -2.28060269
v 1.99108708 4.09800386 -2.26106834
v 1.99000704 4.04866076 -2.24186587
v 1.96168935 4.14353228 -2.19867492
v 1.96887636 4.09591722 -2.20094395
v 1.95840979 4.09533024 -2.18451571
v 1.97381139 4.047966 -2.20336843
v 1.9634167 4.04769897 -2.18659687
v 1.95162082 4.04726982 -2.17104912
v 1.9507817 4.18919563 -2.19388533
v 1.949386 4.14130402 -2.18007231
v 1.93785787 4.18656063 -2.1754117
v 1.94453001 4.09322453 -2.16691566
v 1.93498087 4.13873672 -2.16269827
v 1.92307758 4.18355131 -2.15844607
v 1.93631279 4.04560804 -2.15471888
v 1.928792 4.09104681 -2.15090895
v 1.91896319 4.13606215 -2.14719748
v 1.90693009 4.18039942 -2.1436336
v 1.90361547 4.13499451 -2.13547826
v 1.91360426 4.09039593 -2.13865757
v 1.89738417 4.08952761 -2.12792397
v 1.92142951 4.04531288 -2.14203691
v 1.90527987 4.04490948 -2.13073444
v 1.8883276 4.0443964 -2.12112212
v 1.88916075 4.17695808 -2.13086987
v 1.88474357 4.13170147 -2.12384748
v 1.86965859 4.17306471 -2.11990023
v 1.87759137 4.08658361 -2.11758161
v 1.86448908 4.12815857 -2.11423421
v 1.84912896 4.16892767 -2.11114216
v 1.86779475 4.04200363 -2.11222363
v 1.85676551 4.08359337 -2.10948086
v 1.843557 4.12457561 -2.10705686
v 1.82827723 4.16475439 -2.10501432
v 1.82454038 4.12314415 -2.10291624
v 1.83783138 4.08270025 -2.10449505
v 1.81855655 4.08166981 -2.10133886
v 1.84909463 4.04158783 -2.10645247
v 1.82976842 4.04110241 -2.10245681
v 1.81036365 4.04054928 -2.10034537
v 1.816401 4.1683197 -2.10288906
v 1.81269848 4.12686634 -2.10134506
v 1.8043189 4.17170429 -2.10131454
v 1.80679309 4.08559132 -2.10036063
v 1.80069971 4.13052464 -2.10035753
v 1.79213214 4.17492867 -2.10033607
v 1.79872227 4.04471111 -2.0999999
v 1.7949214 4.08956623 -2.0999999
v 1.78864539 4.13414145 -2.0999999
v 1.77994227 4.17801666 -2.0999999
v 1.81923175 4.20517159 -2.10501432
v 1.80712819 4.2084136 -2.10287809
v 1.80814457 4.24514103 -2.10501432
v 1.79488993 4.21143389 -2.10130596
v 1.79587293 4.24802017 -2.10288477
v 1.79510939 4.28452301 -2.10501432
v 1.78261781 4.21425533 -2.10034275
v 1.78353715 4.25063896 -2.10133219
v 1.78272867 4.28700161 -2.10290909
v 1.78022015 4.32317781 -2.10501432
v 1.76568162 4.32966232 -2.10289764
v 1.76838839 4.29366302 -2.10134602
v 1.75086665 4.3358078 -2.10132217
v 1.76942003 4.2574954 -2.10036039
v 1.75378942 4.30008411 -2.10035896
v 1.73586702 4.34162092 -2.10033894
v 1.7687484 4.22132301 -2.0999999
v 1.75506186 4.26420736 -2.0999999
v 1.73902369 4.30626869 -2.0999999
v 1.72077513 4.34710693 -2.0999999
v 1.76345444 4.36105108 -2.10501432
v 1.74849606 4.36704254 -2.10288286
v 1.74479294 4.39809608 -2.10501432
v 1.7333262 4.37265539 -2.10130835
v 1.72947717 4.4035511 -2.1028862
v 1.72433496 4.43418312 -2.10501432
v 1.71803665 4.37789631 -2.10034227
v 1.71401501 4.40858746 -2.10133123
v 1.7087245 4.43905735 -2.10290766
v 1.70217955 4.46918154 -2.10501432
v 1.68343687 4.47743464 -2.10290551
v 1.69024479 4.44753361 -2.10134935
v 1.66433716 4.48510456 -2.10132909
v 1.6958456 4.41729259 -2.10036135
v 1.67141795 4.45551872 -2.10036111
v 1.64498007 4.49221563 -2.1003418
v 1.70022488 4.38683653 -2.0999999
v 1.67733836 4.42559958 -2.0999999
v 1.65234292 4.46303749 -2.0999999
v 1.62546515 4.49879169 -2.0999999
v 1.67833364 4.50304794 -2.10501432
v 1.65903842 4.5105505 -2.10288715
v 1.6528095 4.53574562 -2.10501432
v 1.63945055 4.51744366 -2.10131121
v 1.63303566 4.54245949 -2.10288787
v 1.62571406 4.56715488 -2.10501432
v 1.61966884 4.52375317 -2.10034227
v 1.6130327 4.54853821 -2.10133123
v 1.60553515 4.57304096 -2.10290766
v 1.59715462 4.59715462 -2.10501432
v 1.5730412 4.60553551 -2.10290766
v 1.58168817 4.58168793 -2.10135055
v 1.54853857 4.61303329 -2.10133123
v 1.58953047 4.55745792 -2.10036182
v 1.5574584 4.58953047 -2.10036159
v 1.52375293 4.61966944 -2.10034227
v 1.59659016 4.53295326 -2.0999999
v 1.56565249 4.56565237 -2.0999999
v 1.5329529 4.59658957 -2.0999999
v 1.49879181 4.62546539 -2.0999999
v 1.56715465 4.6257143 -2.10501432
v 1.54245937 4.63303566 -2.10288787
v 1.53574586 4.65280962 -2.10501432
v 1.51744413 4.63945103 -2.10131121
v 1.5105505 4.65903854 -2.10288715
v 1.50304818 4.67833424 -2.10501432
v 1.49221551 4.64498043 -2.1003418
v 1.48510444 4.66433716 -2.10132909
v 1.47743464 4.68343687 -2.10290551
v 1.46918142 4.70217943 -2.10501432
v 1.43905711 4.70872498 -2.10290766
v 1.44753349 4.69024563 -2.10134935
v 1.40858734 4.71401501 -2.10133123
v 1.45551932 4.67141962 -2.10036087
v 1.41729331 4.69584751 -2.10036135
v 1.37789607 4.71803665 -2.10034227
v 1.46303868 4.6523447 -2.0999999
v 1.42560112 4.67734146 -2.0999999
v 1.38683772 4.70022774 -2.0999999
v 1.34710693 4.72077513 -2.0999999
v 1.43418288 4.72433472 -2.10501432
v 1.40355039 4.72947693 -2.1028862
v 1.3980962 4.74479294 -2.10501432
v 1.37265515 4.73332596 -2.10130835
v 1.36704242 4.74849606 -2.10288286
v 1.36105144 4.76345444 -2.10501432
v 1.34162068 4.7358675 -2.10033894
v 1.33580804 4.75086689 -2.10132217
v 1.32966256 4.76568174 -2.10289764
v 1.32317781 4.78022003 -2.10501432
v 1.28700161 4.78272867 -2.10290909
v 1.29366326 4.76838827 -2.10134578
v 1.25063896 4.78353739 -2.10133219
v 1.30008304 4.75378895 -2.10035896
v 1.25749493 4.76942015 -2.10036016
v 1.21425557 4.78261805 -2.10034275
v 1.30626726 4.73902178 -2.0999999
v 1.26420617 4.75506115 -2.0999999
v 1.22132301 4.76874876 -2.0999999
v 1.17801678 4.77994251 -2.0999999
v 1.28452301 4.79510927 -2.10501432
v 1.24802053 4.79587269 -2.10288501
v 1.24514127 4.80814457 -2.10501432
v 1.21143389 4.79488993 -2.10130596
v 1.20841348 4.80712795 -2.10287809
v 1.20517182 4.81923103 -2.10501432
v 1.17492867 4.79213238 -2.10033607
v 1.17170405 4.80431938 -2.10131454
v 1.16832018 4.81640053 -2.10288906
v 1.16475463 4.82827711 -2.10501432
v 1.12314439 4.82454014 -2.10291624
v 1.12686634 4.81269836 -2.10134482
v 1.08167005 4.81855679 -2.10133886
v 1.1305244 4.80069923 -2.10035753
v 1.08559084 4.80679321 -2.10036039
v 1.04054928 4.81036377 -2.10034537
v 1.13414121 4.78864431 -2.0999999
v 1.08956552 4.79492092 -2.0999999
v 1.04471159 4.79872227 -2.0999999
v 1 4.80000019 -2.0999999
v 1.12457538 4.8435564 -2.10705686
v 1.08270049 4.8378315 -2.10449505
v 1.08359361 4.85676527 -2.10948086
v 1.04110277 4.82976913 -2.10245681
v 1.04158759 4.84909439 -2.1064527
v 1.04200363 4.86779451 -2.11222363
v 1 4.81940651 -2.10100603
v 1 4.83899641 -2.10395193
v 1 4.85822201 -2.10872746
v 1 4.87653685 -2.11522412
v 1.16892755 4.84912872 -2.11114216
v 1.12815881 4.86448908 -2.11423421
v 1.17306471 4.86965847 -2.11990023
v 1.08658373 4.87759161 -2.11758137
v 1.13170123 4.88474369 -2.12384725
v 1.17695808 4.88916016 -2.13086987
v 1.04439676 4.8883276 -2.12112212
v 1.08952761 4.89738369 -2.12792397
v 1.13499451 4.90361547 -2.13547826
v 1.18039966 4.90692997 -2.1436336
v 1.13606226 4.91896343 -2.14719748
v 1.09039605 4.91360426 -2.13865757
v 1.09104681 4.928792 -2.15090895
v 1.04490924 4.90527916 -2.13073468
v 1.04531288 4.92142868 -2.14203715
v 1.04560781 4.93631268 -2.15471888
v 1 4.89408064 -2.1235795
v 1 4.91105175 -2.13379788
v 1 4.92698622 -2.14556789
v 1 4.94142151 -2.15857863
v 1.18355155 4.92307758 -2.15844607
v 1.13873696 4.93498087 -2.16269827
v 1.18656027 4.93785763 -2.1754117
v 1.09322476 4.94453001 -2.16691566
v 1.14130378 4.94938612 -2.18007231
v 1.18919551 4.95078182 -2.19388533
v 1.04726982 4.95162106 -2.17104912
v 1.09533048 4.95840979 -2.18451571
v 1.14353251 4.961689 -2.19867492
v 1.09591746 4.96887636 -2.20094371
v 1.04769897 4.96341705 -2.18659639
v 1.047966 4.97381115 -2.20336819
v 1 4.95443344 -2.17301106
v 1 4.96620369 -2.18894601
v 1 4.97642088 -2.20591831
v 1.99878144 4.04894638 -2.29999995
v 1.9976995 4.04906225 -2.28042722
v 1.99514949 4.0980134 -2.29999995
v 1.99473822 4.04896736 -2.26086688
v 1.99402785 4.09821987 -2.28043032
v 1.98913896 4.14684677 -2.29999995
v 1.23580313 4.94020987 -2.19377184
v 1.28208649 4.92741251 -2.19386101
v 1.23282957 4.9274807 -2.1754117
v 1.32775307 4.91251945 -2.19415283
v 1.27883708 4.91503143 -2.17581701
v 1.2293787 4.91315556 -2.15878654
v 1.21154523 4.84027433 -2.11136198
v 1.21628654 4.86011028 -2.11991596
v 1.25921381 4.84873486 -2.12022877
v 1.22071576 4.87926006 -2.13081264
v 1.26410818 4.86732483 -2.13090372
v 1.30693078 4.85347462 -2.13114285
v 1.22462451 4.89701939 -2.1436336
v 1.2684139 4.88486624 -2.1436336
v 1.3115629 4.87059021 -2.1436336
v 1.35386658 4.85430956 -2.1436336
v 1.25220656 4.82891178 -2.11144257
v 1.29972649 4.83508968 -2.12022662
v 1.29216659 4.81541252 -2.11137199
v 1.34690237 4.83758163 -2.13089514
v 1.33928466 4.81921387 -2.11992264
v 1.33128572 4.79987144 -2.1111505
v 1.37140572 4.78290129 -2.11136961
v 1.37988257 4.80142546 -2.11992717
v 1.41981137 4.78189468 -2.12022877
v 1.38794136 4.81933451 -2.13082671
v 1.42821479 4.79916191 -2.13090706
v 1.46753931 4.77721119 -2.13113546
v 1.39530957 4.8359623 -2.1436336
v 1.43589067 4.81550646 -2.1436336
v 1.47542679 4.79308891 -2.1436336
v 1.5137347 4.76885843 -2.1436336
v 1.40906155 4.76381016 -2.11144543
v 1.45686591 4.76059961 -2.12022424
v 1.44561553 4.74277306 -2.11137366
v 1.50360894 4.75383282 -2.13089442
v 1.49254549 4.73730946 -2.11992407
v 1.4809382 4.71989059 -2.1111536
v 1.51699841 4.69535351 -2.11136818
v 1.52891064 4.71189976 -2.11992645
v 1.56427217 4.68491077 -2.12022233
v 1.54030991 4.72790766 -2.13082528
v 1.57588625 4.70025063 -2.13090277
v 1.61017036 4.67102242 -2.13112736
v 1.55080128 4.74277401 -2.1436336
v 1.58662295 4.7148056 -2.1436336
v 1.621032 4.68511391 -2.1436336
v 1.65386021 4.65386009 -2.1436336
v 1.55021763 4.66927385 -2.11144805
v 1.59649134 4.65678453 -2.12023163
v 1.58198547 4.64151478 -2.11137915
v 1.64103651 4.64103603 -2.13091564
v 1.62697685 4.62697649 -2.11994314
v 1.61218238 4.61218262 -2.11116076
v 1.64271891 4.58110142 -2.11135507
v 1.65766358 4.59498692 -2.11992288
v 1.68706393 4.56165695 -2.12019682
v 1.6719625 4.60846424 -2.13083076
v 1.70146394 4.57443142 -2.13089299
v 1.72938013 4.53910542 -2.13110209
v 1.68511426 4.62103176 -2.1436336
v 1.71480584 4.58662319 -2.1436336
v 1.74277413 4.55080128 -2.1436336
v 1.76885831 4.51373482 -2.1436336
v 1.67023158 4.54904079 -2.11143279
v 1.71320772 4.52776337 -2.1202054
v 1.69599128 4.5156126 -2.11136556
v 1.75383306 4.50360966 -2.13089442
v 1.73730958 4.49254608 -2.11992407
v 1.71989083 4.48093796 -2.1111536
v 1.74373484 4.44453955 -2.11136079
v 1.76113296 4.45521593 -2.1199224
v 1.78345037 4.41683817 -2.12021613
v 1.7777853 4.46564293 -2.13082361
v 1.8000778 4.42653894 -2.13090086
v 1.82056296 4.38648033 -2.13112545
v 1.79308915 4.47542667 -2.1436336
v 1.81550646 4.43589067 -2.1436336
v 1.83596253 4.39530993 -2.1436336
v 1.85430956 4.35386658 -2.1436336
v 1.76446509 4.40774632 -2.11143899
v 1.8024683 4.37851906 -2.12021756
v 1.78321052 4.36995173 -2.11136889
v 1.83758116 4.34690237 -2.13089514
v 1.81921363 4.3392849 -2.11992264
v 1.7998718 4.33128595 -2.1111505
v 1.81620538 4.29093599 -2.11136866
v 1.83533335 4.29802513 -2.11992669
v 1.8497839 4.25603819 -2.12022805
v 1.85368335 4.30499077 -2.13082647
v 1.86794853 4.26229429 -2.13090658
v 1.88025808 4.21901608 -2.13113546
v 1.87059033 4.31156254 -2.1436336
v 1.8848666 4.26841354 -2.1436336
v 1.89701939 4.22462463 -2.1436336
v 1.82934594 4.25082302 -2.11143899
v 1.86092901 4.2147913 -2.12021017
v 1.84035182 4.21010733 -2.11136341
v 1.37100172 4.89565849 -2.19386339
v 1.41468394 4.87614727 -2.19374585
v 1.36597061 4.88347483 -2.17537713
v 1.45759225 4.85453415 -2.1938386
v 1.40933478 4.86421776 -2.17536664
v 1.36019695 4.86952686 -2.15841627
v 1.49946868 4.83100796 -2.19414163
v 1.45199227 4.84300709 -2.17577648
v 1.40312779 4.85083055 -2.15873742
v 1.32292533 4.90040398 -2.17580104
v 1.31746674 4.88626194 -2.15874386
v 1.27379227 4.90084457 -2.15886736
v 1.44428313 4.8300972 -2.1588428
v 1.49237525 4.82007313 -2.17579198
v 1.4842782 4.80728102 -2.15873718
v 1.53859508 4.80605841 -2.1938715
v 1.53129995 4.79508114 -2.17538548
v 1.52293015 4.7825284 -2.1584208
v 1.57767081 4.77844143 -2.19375014
v 1.61556911 4.7489109 -2.19383669
v 1.57010686 4.76778316 -2.17537189
v 1.65206063 4.71769047 -2.19413114
v 1.60782766 4.73871136 -2.1757741
v 1.56139004 4.75586605 -2.15874457
v 1.59772015 4.7275219 -2.15883303
v 1.64296484 4.70834827 -2.17576337
v 1.63249171 4.69735909 -2.15871453
v 1.68554831 4.68554878 -2.19383335
v 1.67622995 4.67623043 -2.17533898
v 1.66553712 4.66553688 -2.15838933
v 1.71845126 4.65081453 -2.19372749
v 1.74985099 4.61444616 -2.19382715
v 1.70894122 4.64185524 -2.17535448
v 1.77952218 4.5766716 -2.19413257
v 1.74024916 4.60593796 -2.17578125
v 1.69806707 4.63184166 -2.15875316
v 1.72814095 4.59693336 -2.15884924
v 1.76875067 4.56927967 -2.17579031
v 1.75634837 4.5605731 -2.15873837
v 1.80605853 4.5385952 -2.1938715
v 1.79508114 4.53130007 -2.17538548
v 1.78252804 4.52293015 -2.1584208
v 1.83154225 4.49811077 -2.19375873
v 1.85526538 4.45632935 -2.19385052
v 1.82047117 4.49119759 -2.17539239
v 1.87703967 4.41350937 -2.19414711
v 1.8442142 4.44985771 -2.17580843
v 1.80789149 4.48348713 -2.15877986
v 1.83058703 4.44338655 -2.15886307
v 1.86503911 4.40835714 -2.17579699
v 1.85118151 4.40222931 -2.15874195
v 1.89565837 4.37100124 -2.19386339
v 1.88347507 4.36597061 -2.17537713
v 1.8695271 4.36019659 -2.15841627
v 1.9127543 4.32631397 -2.19375658
v 1.92785823 4.28070259 -2.19386053
v 1.90053105 4.32166958 -2.17538691
v 1.94084072 4.23446131 -2.19417524
v 1.91572225 4.27649355 -2.17581844
v 1.8866601 4.31655216 -2.15876675
v 1.90109372 4.27280283 -2.15886974
v 1.92804265 4.23175716 -2.17582488
v 1.91327238 4.22840118 -2.15876293
v -1 4.98477602 -2.2234633
v -0.50001872 4.9912734 -2.24177766
v -1 4.99127293 -2.24177766
v 0 4.99604893 -2.26100349
v -1 4.99604845 -2.26100373
v 0.50001872 4.99899387 -2.2805934
v -1 4.99899387 -2.2805934
v -1 5 -2.29999995
v 0.50001872 4.95443296 -2.1730125
v 0 4.96620178 -2.18894744
v -0.50001872 4.97641993 -2.20591879
v -1 4.97642088 -2.20591831
v -1 4.96620369 -2.18894601
v -1 4.95443344 -2.17301106
v -1 4.94142151 -2.15857863
v 0.50001872 4.89408112 -2.12357998
v 0 4.9110527 -2.13379788
v -0.50001872 4.92698765 -2.14556742
v -1 4.92698622 -2.14556789
v -1 4.91105175 -2.13379788
v -1 4.89408064 -2.1235795
v -1 4.87653685 -2.11522412
v -1 4.80000019 -2.0999999
v -0.50001872 4.81940651 -2.10100603
v -1 4.81940651 -2.10100603
v 0 4.83899689 -2.10395122
v -1 4.83899641 -2.10395193
v 0.50001872 4.85822248 -2.10872698
v -1 4.85822201 -2.10872746
v -1.99127233 4 -2.2417779
v -1.9847759 4 -2.2234633
v -1.99000704 4.04866076 -2.24186587
v -1.99604821 4 -2.26100397
v -1.99473822 4.04896736 -2.26086688
v -1.99108708 4.09800386 -2.26106834
v -1.99899387 4 -2.2805934
v -1.9976995 4.04906225 -2.28042722
v -1.99402785 4.09821987 -2.28043032
v -1.98801374 4.14711761 -2.28060269
v -2 4 -2.29999995
v -1.99878144 4.04894638 -2.29999995
v -1.99514949 4.0980134 -2.29999995
v -1.98913896 4.14684677 -2.29999995
v -1.98078525 4.19509029 -2.29999995
v -1.98249412 4.04807138 -2.22089911
v -1.98560154 4.09709311 -2.2393527
v -1.97778201 4.09618044 -2.21831799
v -1.98459864 4.14630508 -2.2585113
v -1.97877264 4.14523315 -2.23662591
v -1.97071266 4.14400673 -2.21574926
v -1.97948277 4.19479609 -2.27790594
v -1.97569335 4.19398403 -2.25554323
v -1.96959329 4.19275951 -2.23371458
v -1.96135962 4.19122648 -2.21322322
v -1.95900226 4.24022341 -2.23390746
v -1.96490502 4.2417388 -2.25537395
v -1.95180774 4.2892046 -2.25568008
v -1.96864367 4.24265194 -2.27767253
v -1.95545435 4.29018784 -2.27767682
v -1.94001925 4.33706093 -2.27791858
v -1.97004128 4.24285841 -2.29999995
v -1.9569062 4.29027367 -2.29999995
v -1.94148397 4.33699608 -2.29999995
v -1.9238795 4.38268328 -2.29999995
v -1.95085239 4.23806858 -2.21322322
v -1.94602787 4.28707743 -2.23408365
v -1.9379673 4.28452396 -2.21322322
v -1.93654215 4.33548069 -2.25585365
v -1.93074834 4.33320045 -2.23402381
v -1.92283356 4.33030033 -2.21322322
v -1.92263794 4.38216972 -2.27791023
v -1.91904378 4.38068199 -2.25555515
v -1.91329288 4.37829971 -2.23372769
v -1.905581 4.37510395 -2.21322322
v -1.89363885 4.42270088 -2.23386598
v -1.89912522 4.42538548 -2.25535488
v -1.8770225 4.46933603 -2.25562978
v -1.90265203 4.42699146 -2.27766466
v -1.88043535 4.47103024 -2.27765584
v -1.85615754 4.51397181 -2.27788424
v -1.90402329 4.42743778 -2.29999995
v -1.8818897 4.47137928 -2.29999995
v -1.85764873 4.51419449 -2.29999995
v -1.83146966 4.55557013 -2.29999995
v -1.8861239 4.41898918 -2.21322322
v -1.87179303 4.46612215 -2.23405576
v -1.86441588 4.46203327 -2.21322322
v -1.85306132 4.51174879 -2.25582743
v -1.84783292 4.50838327 -2.23400712
v -1.84064555 4.50397778 -2.21322322
v -1.83035398 4.55483055 -2.27790785
v -1.82712185 4.55268192 -2.25554824
v -1.82194674 4.54922581 -2.23372078
v -1.81500137 4.54456663 -2.21322322
v -1.79404616 4.58894253 -2.23386693
v -1.79889262 4.59265041 -2.2553544
v -1.76866794 4.63145113 -2.25564218
v -1.80202329 4.59490108 -2.27766514
v -1.77165687 4.63376713 -2.27766323
v -1.73948288 4.67115307 -2.27790189
v -1.80326474 4.59559155 -2.29999995
v -1.77298403 4.6343708 -2.29999995
v -1.74085534 4.6716342 -2.29999995
v -1.70710683 4.70710659 -2.29999995
v -1.78738141 4.58383274 -2.21322322
v -1.76414585 4.62726307 -2.23406601
v -1.75770831 4.62183094 -2.21322322
v -1.73686159 4.66834736 -2.25584674
v -1.73237848 4.66401577 -2.23402762
v -1.72620654 4.65832996 -2.21322322
v -1.70614493 4.70614481 -2.27791834
v -1.70337439 4.70337439 -2.25557613
v -1.69896889 4.69896889 -2.23375177
v -1.69310164 4.69310188 -2.21322322
v -1.66380239 4.73247957 -2.23387575
v -1.66785514 4.73706245 -2.25537348
v -1.63063812 4.76925087 -2.25563812
v -1.670524 4.73991251 -2.27767444
v -1.63315821 4.77212048 -2.27766418
v -1.5943228 4.8025403 -2.27788758
v -1.67163634 4.74085712 -2.29999995
v -1.63437295 4.77298594 -2.29999995
v -1.5955925 4.80326605 -2.29999995
v -1.55557024 4.83146954 -2.29999995
v -1.65832973 4.72620678 -2.21322322
v -1.6270448 4.76426792 -2.23406124
v -1.62183022 4.75770855 -2.21322322
v -1.59230709 4.7992754 -2.25583029
v -1.58877611 4.79416513 -2.23400927
v -1.58383262 4.78738165 -2.21322322
v -1.55483103 4.83035374 -2.27790785
v -1.55268157 4.82712173 -2.25554824
v -1.54922569 4.82194662 -2.23372078
v -1.54456651 4.81500149 -2.21322322
v -1.50817811 4.84792805 -2.23388457
v -1.51127267 4.85322571 -2.25536466
v -1.46847558 4.87750816 -2.25565958
v -1.51331246 4.85652304 -2.27766943
v -1.47038043 4.8808136 -2.27767038
v -1.42634773 4.90305519 -2.27791071
v -1.51419425 4.85764837 -2.29999995
v -1.47137904 4.88188982 -2.29999995
v -1.42743778 4.90402412 -2.29999995
v -1.3826834 4.92387962 -2.29999995
v -1.50397801 4.84064579 -2.21322322
v -1.46589255 4.87189436 -2.23407125
v -1.46203327 4.86441565 -2.21322322
v -1.4249934 4.89945459 -2.25584602
v -1.42251384 4.89374542 -2.2340188
v -1.41898942 4.88612366 -2.21322322
v -1.3821696 4.92263794 -2.27791023
v -1.38068175 4.91904354 -2.25555515
v -1.37829971 4.91329288 -2.23372769
v -1.37510395 4.905581 -2.21322322
v -1.33298683 4.93077612 -2.23387814
v -1.33498001 4.93657207 -2.25536489
v -1.28827775 4.9520483 -2.25565386
v -1.33634305 4.940207 -2.27767038
v -1.28949904 4.95565891 -2.27766991
v -1.24197841 4.96888733 -2.27790833
v -1.33699572 4.94148397 -2.29999995
v -1.2902739 4.95690823 -2.29999995
v -1.24285853 4.97004414 -2.29999995
v -1.19509029 4.98078537 -2.29999995
v -1.33029997 4.92283392 -2.21322322
v -1.28682303 4.94605637 -2.23406458
v -1.28452384 4.9379673 -2.21322322
v -1.24132121 4.96510887 -2.25583935
v -1.23998284 4.95903873 -2.23400998
v -1.23806834 4.95085239 -2.21322322
v -1.19479632 4.97948313 -2.27790594
v -1.19398427 4.9756937 -2.25554323
v -1.19275928 4.96959305 -2.23371458
v -1.19122636 4.9613595 -2.21322322
v -1.14400637 4.97071266 -2.21574926
v -1.14523339 4.97877264 -2.23662567
v -1.09618056 4.97778177 -2.21831799
v -1.14630532 4.98459864 -2.2585113
v -1.09709311 4.9856019 -2.2393527
v -1.04807091 4.98249435 -2.22089911
v -1.14711761 4.98801374 -2.28060269
v -1.09800386 4.99108744 -2.26106834
v -1.04866076 4.9900074 -2.24186587
v -1.14353251 4.961689 -2.19867492
v -1.09591746 4.96887636 -2.20094371
v -1.09533048 4.95840979 -2.18451571
v -1.047966 4.97381115 -2.20336819
v -1.04769886 4.96341705 -2.18659639
v -1.04726982 4.95162106 -2.17104912
v -1.18919551 4.95078182 -2.19388533
v -1.14130378 4.94938612 -2.18007231
v -1.18656027 4.93785763 -2.1754117
v -1.09322476 4.94453001 -2.16691566
v -1.13873684 4.93498087 -2.16269827
v -1.18355155 4.92307758 -2.15844607
v -1.04560781 4.93631268 -2.15471888
v -1.09104681 4.928792 -2.15090895
v -1.13606226 4.91896343 -2.14719748
v -1.18039966 4.90692997 -2.1436336
v -1.13499451 4.90361547 -2.13547826
v -1.09039605 4.91360378 -2.13865781
v -1.08952761 4.89738369 -2.12792397
v -1.045313 4.92142868 -2.14203715
v -1.04490924 4.90527916 -2.13073444
v -1.04439676 4.8883276 -2.12112212
v -1.17695808 4.88916016 -2.13086987
v -1.13170123 4.88474369 -2.12384748
v -1.17306471 4.86965847 -2.11990023
v -1.08658373 4.87759113 -2.11758161
v -1.12815881 4.86448908 -2.11423421
v -1.16892755 4.84912872 -2.11114216
v -1.04200363 4.86779451 -2.11222363
v -1.08359361 4.85676527 -2.10948086
v -1.12457538 4.8435564 -2.10705686
v -1.16475463 4.82827711 -2.10501432
v -1.12314439 4.82454014 -2.10291624
v -1.08270049 4.8378315 -2.10449505
v -1.08167005 4.81855679 -2.10133886
v -1.04158759 4.84909439 -2.1064527
v -1.04110289 4.82976866 -2.10245681
v -1.04054928 4.81036377 -2.10034537
v -1.16832018 4.81640053 -2.10288906
v -1.12686634 4.81269836 -2.10134506
v -1.17170405 4.80431938 -2.10131454
v -1.08559084 4.80679226 -2.10036063
v -1.1305244 4.80069923 -2.10035753
v -1.17492867 4.79213238 -2.10033607
v -1.04471159 4.79872227 -2.0999999
v -1.08956552 4.79492092 -2.0999999
v -1.13414121 4.78864431 -2.0999999
v -1.17801678 4.77994251 -2.0999999
v -1.20517182 4.81923103 -2.10501432
v -1.20841348 4.80712843 -2.10287809
v -1.24514127 4.80814457 -2.10501432
v -1.21143389 4.79488993 -2.10130596
v -1.24802053 4.79587269 -2.10288477
v -1.28452301 4.79510927 -2.10501432
v -1.21425557 4.78261805 -2.10034275
v -1.25063896 4.78353739 -2.10133219
v -1.28700161 4.78272867 -2.10290909
v -1.32317781 4.78022003 -2.10501432
v -1.32966256 4.76568174 -2.10289764
v -1.29366326 4.76838827 -2.10134602
v -1.33580804 4.75086689 -2.10132217
v -1.25749493 4.76941967 -2.10036039
v -1.30008304 4.75378847 -2.10035896
v -1.34162068 4.7358675 -2.10033894
v -1.22132301 4.76874876 -2.0999999
v -1.26420617 4.75506115 -2.0999999
v -1.30626726 4.73902178 -2.0999999
v -1.34710693 4.72077513 -2.0999999
v -1.36105144 4.76345444 -2.10501432
v -1.36704242 4.74849606 -2.10288286
v -1.3980962 4.74479294 -2.10501432
v -1.37265527 4.73332596 -2.10130835
v -1.40355039 4.72947741 -2.1028862
v -1.43418288 4.72433472 -2.10501432
v -1.37789607 4.71803665 -2.10034227
v -1.40858734 4.71401501 -2.10133123
v -1.43905711 4.70872498 -2.10290766
v -1.46918142 4.70217943 -2.10501432
v -1.47743464 4.68343687 -2.10290551
v -1.44753361 4.69024563 -2.10134935
v -1.48510444 4.66433716 -2.10132909
v -1.41729331 4.69584751 -2.10036135
v -1.45551932 4.67141914 -2.10036111
v -1.49221551 4.64498043 -2.1003418
v -1.38683772 4.70022774 -2.0999999
v -1.42560112 4.67734146 -2.0999999
v -1.46303868 4.6523447 -2.0999999
v -1.49879181 4.62546539 -2.0999999
v -1.50304818 4.67833424 -2.10501432
v -1.5105505 4.65903854 -2.10288715
v -1.53574586 4.65280962 -2.10501432
v -1.5174439 4.63945055 -2.10131121
v -1.54245925 4.63303566 -2.10288787
v -1.56715465 4.6257143 -2.10501432
v -1.52375293 4.61966944 -2.10034227
v -1.54853857 4.61303329 -2.10133123
v -1.5730412 4.60553551 -2.10290766
v -1.59715462 4.59715462 -2.10501432
v -1.60553515 4.57304096 -2.10290766
v -1.58168793 4.58168793 -2.10135055
v -1.6130327 4.54853821 -2.10133123
v -1.5574584 4.58953047 -2.10036182
v -1.58953047 4.55745888 -2.10036159
v -1.61966884 4.52375317 -2.10034227
v -1.5329529 4.59658957 -2.0999999
v -1.56565249 4.56565237 -2.0999999
v -1.59659016 4.53295326 -2.0999999
v -1.62546515 4.49879169 -2.0999999
v -1.62571406 4.56715488 -2.10501432
v -1.63303566 4.54245949 -2.10288787
v -1.6528095 4.53574562 -2.10501432
v -1.63945043 4.51744366 -2.10131121
v -1.65903854 4.5105505 -2.10288715
v -1.67833364 4.50304794 -2.10501432
v -1.64498007 4.49221563 -2.1003418
v -1.66433716 4.48510456 -2.10132909
v -1.68343687 4.47743464 -2.10290551
v -1.70217955 4.46918154 -2.10501432
v -1.7087245 4.43905735 -2.10290766
v -1.69024491 4.44753313 -2.10134935
v -1.71401501 4.40858746 -2.10133123
v -1.67141795 4.45551872 -2.10036087
v -1.69584572 4.41729259 -2.10036135
v -1.71803665 4.37789631 -2.10034227
v -1.65234292 4.46303749 -2.0999999
v -1.67733836 4.42559958 -2.0999999
v -1.70022488 4.38683653 -2.0999999
v -1.72077513 4.34710693 -2.0999999
v -1.72433496 4.43418312 -2.10501432
v -1.72947717 4.40355062 -2.1028862
v -1.74479294 4.39809608 -2.10501432
v -1.7333262 4.37265539 -2.10130835
v -1.74849606 4.36704254 -2.10288286
v -1.76345444 4.36105108 -2.10501432
v -1.73586702 4.34162092 -2.10033894
v -1.75086665 4.3358078 -2.10132217
v -1.76568162 4.32966232 -2.10289764
v -1.78022015 4.32317781 -2.10501432
v -1.78272867 4.28700161 -2.10290909
v -1.76838827 4.2936635 -2.10134578
v -1.78353715 4.25063896 -2.10133219
v -1.75378942 4.30008411 -2.10035896
v -1.76942003 4.25749493 -2.10036016
v -1.78261781 4.21425533 -2.10034275
v -1.73902369 4.30626869 -2.0999999
v -1.75506186 4.26420736 -2.0999999
v -1.7687484 4.22132301 -2.0999999
v -1.77994227 4.17801666 -2.0999999
v -1.79510939 4.28452301 -2.10501432
v -1.79587293 4.24802017 -2.10288501
v -1.80814457 4.24514103 -2.10501432
v -1.79488981 4.21143389 -2.10130596
v -1.80712819 4.2084136 -2.10287809
v -1.81923175 4.20517159 -2.10501432
v -1.79213226 4.17492867 -2.10033607
v -1.8043189 4.17170429 -2.10131454
v -1.816401 4.1683197 -2.10288906
v -1.82827723 4.16475439 -2.10501432
v -1.82454038 4.12314415 -2.10291624
v -1.8126986 4.12686634 -2.10134482
v -1.81855655 4.08166981 -2.10133886
v -1.80069983 4.13052464 -2.10035753
v -1.80679297 4.08559132 -2.10036039
v -1.81036365 4.04054928 -2.10034537
v -1.78864539 4.13414145 -2.0999999
v -1.7949214 4.08956623 -2.0999999
v -1.79872227 4.04471111 -2.0999999
v -1.79999995 4 -2.0999999
v -1.843557 4.12457561 -2.10705686
v -1.83783138 4.08270073 -2.10449505
v -1.85676551 4.08359337 -2.10948086
v -1.82976854 4.04110289 -2.10245681
v -1.84909463 4.04158783 -2.10645247
v -1.86779475 4.04200363 -2.11222363
v -1.81940627 4 -2.10100603
v -1.83899629 4 -2.10395145
v -1.85822213 4 -2.10872746
v -1.87653673 4 -2.11522412
v -1.84912896 4.16892767 -2.11114216
v -1.86448908 4.12815857 -2.11423421
v -1.86965859 4.17306471 -2.11990023
v -1.87759137 4.08658361 -2.11758137
v -1.88474369 4.13170147 -2.12384725
v -1.88916075 4.17695808 -2.13086987
v -1.8883276 4.0443964 -2.12112212
v -1.89738417 4.08952761 -2.12792397
v -1.90361547 4.13499451 -2.13547826
v -1.90693009 4.18039942 -2.1436336
v -1.91896319 4.13606215 -2.14719748
v -1.91360426 4.09039593 -2.13865757
v -1.928792 4.09104681 -2.15090895
v -1.90527976 4.04490948 -2.13073444
v -1.9214294 4.04531288 -2.14203715
v -1.93631279 4.04560804 -2.15471888
v -1.89408088 4 -2.12357998
v -1.91105235 4 -2.13379788
v -1.92698717 4 -2.14556766
v -1.94142139 4 -2.15857863
v -1.92307758 4.18355131 -2.15844607
v -1.93498099 4.13873672 -2.16269827
v -1.93785787 4.18656063 -2.1754117
v -1.94453001 4.09322453 -2.16691566
v -1.94938612 4.14130354 -2.18007231
v -1.9507817 4.18919563 -2.19388533
v -1.95162082 4.04726982 -2.17104912
v -1.95840979 4.09533024 -2.18451571
v -1.96168935 4.14353228 -2.19867492
v -1.96887624 4.0959177 -2.20094395
v -1.96341658 4.04769897 -2.18659687
v -1.97381127 4.047966 -2.20336866
v -1.95443308 4 -2.17301202
v -1.96620321 4 -2.18894672
v -1.97642088 4 -2.20591879
v -1.04894602 4.99878025 -2.29999995
v -1.04906201 4.99769878 -2.28042722
v -1.09801269 4.99514675 -2.29999995
v -1.04896688 4.9947381 -2.26086664
v -1.09821928 4.99402666 -2.28043032
v -1.14684558 4.98913574 -2.29999995
v -1.94020975 4.23580313 -2.19377184
v -1.92741263 4.28208637 -2.19386101
v -1.92748094 4.23282957 -2.1754117
v -1.91251969 4.32775259 -2.19415283
v -1.91503155 4.27883673 -2.17581701
v -1.91315532 4.2293787 -2.15878654
v -1.84027433 4.21154499 -2.11136198
v -1.86011004 4.21628666 -2.11991596
v -1.84873462 4.25921345 -2.12022877
v -1.8792603 4.22071552 -2.13081264
v -1.86732507 4.2641077 -2.13090372
v -1.85347426 4.30693054 -2.13114285
v -1.89701939 4.22462463 -2.1436336
v -1.8848666 4.26841354 -2.1436336
v -1.87059033 4.31156254 -2.1436336
v -1.85430956 4.35386658 -2.1436336
v -1.82891178 4.25220633 -2.11144257
v -1.83508945 4.29972649 -2.12022662
v -1.81541288 4.29216671 -2.11137199
v -1.83758116 4.34690237 -2.13089514
v -1.81921363 4.3392849 -2.11992264
v -1.7998718 4.33128595 -2.1111505
v -1.78290153 4.3714056 -2.11136961
v -1.8014257 4.37988281 -2.11992717
v -1.78189492 4.41981125 -2.12022877
v -1.81933451 4.38794136 -2.13082671
v -1.79916167 4.42821503 -2.13090706
v -1.77721047 4.46753979 -2.13113546
v -1.83596253 4.39530993 -2.1436336
v -1.81550646 4.43589067 -2.1436336
v -1.79308915 4.47542667 -2.1436336
v -1.76885831 4.51373482 -2.1436336
v -1.76380968 4.40906143 -2.11144543
v -1.76059926 4.45686579 -2.12022424
v -1.74277306 4.44561577 -2.11137366
v -1.75383306 4.50360966 -2.13089442
v -1.73730958 4.49254608 -2.11992407
v -1.71989083 4.48093796 -2.1111536
v -1.69535387 4.51699829 -2.11136818
v -1.71190012 4.52891064 -2.11992645
v -1.68491101 4.56427193 -2.12022233
v -1.72790778 4.54030991 -2.13082528
v -1.70025063 4.57588625 -2.13090277
v -1.67102253 4.61017036 -2.13112736
v -1.74277413 4.55080128 -2.1436336
v -1.71480584 4.58662319 -2.1436336
v -1.68511426 4.62103176 -2.1436336
v -1.65386021 4.65386009 -2.1436336
v -1.66927409 4.55021763 -2.11144805
v -1.65678453 4.59649134 -2.12023163
v -1.64151454 4.58198547 -2.11137915
v -1.64103651 4.64103603 -2.13091564
v -1.62697685 4.62697649 -2.11994314
v -1.61218238 4.61218262 -2.11116076
v -1.58110166 4.64271927 -2.11135507
v -1.59498727 4.65766335 -2.11992288
v -1.56165671 4.68706417 -2.12019682
v -1.60846448 4.67196274 -2.13083076
v -1.57443154 4.7014637 -2.13089299
v -1.53910565 4.72937965 -2.13110209
v -1.621032 4.68511391 -2.1436336
v -1.58662295 4.7148056 -2.1436336
v -1.55080128 4.74277401 -2.1436336
v -1.5137347 4.76885843 -2.1436336
v -1.54904056 4.67023182 -2.11143279
v -1.52776361 4.71320772 -2.1202054
v -1.51561284 4.69599152 -2.11136556
v -1.50360894 4.75383282 -2.13089442
v -1.49254549 4.73730946 -2.11992407
v -1.4809382 4.71989059 -2.1111536
v -1.44453931 4.74373484 -2.11136079
v -1.45521569 4.76113272 -2.1199224
v -1.41683817 4.78345013 -2.12021613
v -1.46564293 4.7777853 -2.13082361
v -1.42653883 4.80007744 -2.13090086
v -1.38648009 4.82056332 -2.13112545
v -1.47542679 4.79308891 -2.1436336
v -1.43589067 4.81550646 -2.1436336
v -1.39530957 4.8359623 -2.1436336
v -1.35386658 4.85430956 -2.1436336
v -1.40774632 4.76446486 -2.11143899
v -1.37851906 4.8024683 -2.12021756
v -1.36995208 4.78321028 -2.11136889
v -1.34690237 4.83758163 -2.13089514
v -1.33928466 4.81921387 -2.11992264
v -1.33128572 4.79987144 -2.1111505
v -1.29093587 4.81620502 -2.11136866
v -1.29802477 4.83533335 -2.11992669
v -1.25603843 4.8497839 -2.12022805
v -1.30499125 4.85368347 -2.13082647
v -1.26229429 4.86794853 -2.13090658
v -1.21901619 4.88025761 -2.13113546
v -1.3115629 4.87059021 -2.1436336
v -1.2684139 4.88486624 -2.1436336
v -1.22462451 4.89701939 -2.1436336
v -1.2508235 4.8293457 -2.11143899
v -1.21479154 4.86092901 -2.12021017
v -1.21010733 4.84035206 -2.11136341
v -1.89565837 4.37100124 -2.19386339
v -1.87614727 4.41468382 -2.19374585
v -1.88347507 4.36597061 -2.17537713
v -1.85453463 4.45759201 -2.1938386
v -1.86421776 4.40933418 -2.17536664
v -1.8695271 4.36019659 -2.15841627
v -1.83100796 4.4994688 -2.19414163
v -1.84300721 4.45199203 -2.17577648
v -1.85083055 4.40312815 -2.15873742
v -1.9004041 4.32292557 -2.17580104
v -1.8862623 4.31746674 -2.15874386
v -1.90084481 4.27379227 -2.15886736
v -1.8300972 4.44428349 -2.1588428
v -1.82007325 4.49237537 -2.17579198
v -1.80728054 4.48427868 -2.15873718
v -1.80605853 4.5385952 -2.1938715
v -1.79508114 4.53130007 -2.17538548
v -1.78252804 4.52293015 -2.1584208
v -1.77844143 4.57767105 -2.19375014
v -1.74891055 4.61556911 -2.19383669
v -1.76778316 4.57010746 -2.17537189
v -1.71769059 4.65206051 -2.19413114
v -1.73871088 4.60782814 -2.1757741
v -1.75586581 4.5613904 -2.15874457
v -1.7275219 4.59772015 -2.15883303
v -1.7083478 4.64296484 -2.17576337
v -1.69735873 4.63249207 -2.15871453
v -1.68554831 4.68554878 -2.19383335
v -1.67622995 4.67623043 -2.17533898
v -1.66553712 4.66553688 -2.15838933
v -1.65081465 4.7184515 -2.19372749
v -1.61444604 4.74985123 -2.19382715
v -1.64185524 4.70894146 -2.17535448
v -1.57667184 4.77952194 -2.19413257
v -1.6059382 4.74024868 -2.17578125
v -1.63184202 4.69806671 -2.15875316
v -1.59693313 4.72814083 -2.15884924
v -1.56927967 4.76875067 -2.17579031
v -1.5605731 4.75634861 -2.15873837
v -1.53859508 4.80605841 -2.1938715
v -1.53129995 4.79508114 -2.17538548
v -1.52293015 4.7825284 -2.1584208
v -1.49811065 4.83154202 -2.19375873
v -1.45632935 4.85526514 -2.19385076
v -1.49119723 4.82047129 -2.17539239
v -1.41350889 4.87703943 -2.19414711
v -1.44985759 4.84421444 -2.17580843
v -1.48348713 4.80789089 -2.1587801
v -1.44338655 4.83058739 -2.15886307
v -1.40835714 4.86503887 -2.17579699
v -1.40222871 4.85118103 -2.15874195
v -1.37100172 4.89565849 -2.19386339
v -1.36597061 4.88347483 -2.17537713
v -1.36019695 4.86952686 -2.15841627
v -1.32631397 4.91275406 -2.19375658
v -1.28070307 4.92785788 -2.19386053
v -1.32166934 4.90053129 -2.17538691
v -1.23446155 4.94084072 -2.19417524
v -1.27649379 4.91572189 -2.17581844
v -1.3165524 4.88665962 -2.15876675
v -1.27280331 4.90109348 -2.15886974
v -1.23175728 4.92804241 -2.17582488
v -1.22840142 4.9132719 -2.15876293
v -1.9847759 1.20000005 -2.2234633
v -1.99127305 1.89997387 -2.24177766
v -1.99127233 1.20000005 -2.2417779
v -1.99604881 2.5999999 -2.26100349
v -1.99604821 1.20000005 -2.26100397
v -1.99899399 3.30002618 -2.2805934
v -1.99899387 1.20000005 -2.2805934
v -2 1.20000005 -2.29999995
v -1.95443249 3.30002618 -2.1730125
v -1.96620202 2.5999999 -2.18894744
v -1.97641993 1.89997387 -2.20591879
v -1.97642088 1.20000005 -2.20591879
v -1.96620321 1.20000005 -2.18894672
v -1.95443308 1.20000005 -2.17301202
v -1.94142139 1.20000005 -2.15857863
v -1.894081 3.30002618 -2.12357998
v -1.9110527 2.5999999 -2.13379788
v -1.92698765 1.89997387 -2.14556742
v -1.92698717 1.20000005 -2.14556766
v -1.91105235 1.20000005 -2.13379788
v -1.89408088 1.20000005 -2.12357998
v -1.87653673 1.20000005 -2.11522412
v -1.81940639 1.89997387 -2.10100603
v -1.81940627 1.20000005 -2.10100603
v -1.83899653 2.5999999 -2.10395122
v -1.83899629 1.20000005 -2.10395145
v -1.85822248 3.30002618 -2.10872698
v -1.85822213 1.20000005 -2.10872746
v -1.81523108 1.18341446 -2.10138583
v -1.81531858 1.1638006 -2.1040988
v -1.83065546 1.16661823 -2.10541081
v -1.81526589 1.14437366 -2.10865974
v -1.83058548 1.14721131 -2.10971713
v -1.8456955 1.15024066 -2.11187601
v -1.81507349 1.12568069 -2.11495924
v -1.83023524 1.12836123 -2.1157794
v -1.84522271 1.13145471 -2.11766195
v -1.85977328 1.13491094 -2.12058258
v -1.83488035 1.18329835 -2.10398293
v -1.85015273 1.1666429 -2.10948634
v -1.8543582 1.18334532 -2.10842705
v -1.86464548 1.15066242 -2.1173172
v -1.8691231 1.16699314 -2.11531663
v -1.87311673 1.18355501 -2.11460924
v -1.89255178 1.18042016 -2.12404776
v -1.8887229 1.1635586 -2.12486196
v -1.90741944 1.16049123 -2.13648748
v -1.8841368 1.14694452 -2.12678862
v -1.90293002 1.14377666 -2.13842726
v -1.92039764 1.14125741 -2.15180349
v -1.87888324 1.13092613 -2.12979913
v -1.8974998 1.1276741 -2.14127064
v -1.91499591 1.12525332 -2.15456629
v -1.93074369 1.12376249 -2.16925621
v -1.90967703 1.1802398 -2.1343255
v -1.92366457 1.16056252 -2.14827824
v -1.92588639 1.1803236 -2.14617467
v -1.93530154 1.14201188 -2.16469836
v -1.93865097 1.1611619 -2.16134906
v -1.94071627 1.18067169 -2.15928364
v -1.95382595 1.1803236 -2.17411304
v -1.95172191 1.1605624 -2.17633486
v -1.96567488 1.18023968 -2.19032264
v -1.94819641 1.14125741 -2.17960238
v -1.96351254 1.16049123 -2.1925807
v -1.97595239 1.18042016 -2.20744801
v -1.98539066 1.18355501 -2.22688317
v -1.97513843 1.1635586 -2.21127701
v -1.98468351 1.16699314 -2.23087692
v -1.96157265 1.14377666 -2.19706988
v -1.97321153 1.14694452 -2.21586323
v -1.9826827 1.15066242 -2.23535466
v -1.94543362 1.12525332 -2.18500423
v -1.95872951 1.1276741 -2.20250034
v -1.97020078 1.13092613 -2.22111678
v -1.97941732 1.13491094 -2.24022675
v -1.99157238 1.18334532 -2.24564195
v -1.99051332 1.1666429 -2.24984741
v -1.99601674 1.18329835 -2.26511955
v -1.98812377 1.15024078 -2.25430465
v -1.99458909 1.16661823 -2.26934433
v -1.99861407 1.18341446 -2.28476858
v -1.99899387 1.18059349 -2.29999995
v -1.99590111 1.1638006 -2.28468132
v -1.99604845 1.16100371 -2.29999995
v -1.99028289 1.14721131 -2.26941442
v -1.9913404 1.14437354 -2.28473377
v -1.99127281 1.14177775 -2.29999995
v -1.98233807 1.13145471 -2.25477743
v -1.9842205 1.12836123 -2.2697649
v -1.9850409 1.12568069 -2.28492641
v -1.9847759 1.12346327 -2.29999995
v -1.9768188 1.10685778 -2.29405832
v -1.97667134 1.1090312 -2.27872682
v -1.96702003 1.09082854 -2.2880609
v -1.9755559 1.11182773 -2.26340961
v -1.96655548 1.09305406 -2.27265477
v -1.95567513 1.07580996 -2.28217411
v -1.97349584 1.11519706 -2.24836969
v -1.96524024 1.09606254 -2.25736547
v -1.95498896 1.07818365 -2.26687622
v -1.94307983 1.06223595 -2.27656412
v -1.97642052 1.10591841 -2.29999995
v -1.96677542 1.08997548 -2.29405308
v -1.96620333 1.08894587 -2.29999995
v -1.95548809 1.07490385 -2.28813076
v -1.95507383 1.07397008 -2.29407787
v -1.95443368 1.07301092 -2.29999995
v -1.94285429 1.06113791 -2.28239965
v -1.9425019 1.06016064 -2.28826141
v -1.94202375 1.05930674 -2.29413319
v -1.94142139 1.05857861 -2.29999995
v -1.9269861 1.04556823 -2.29999995
v -1.92747033 1.04612541 -2.29406738
v -1.91105163 1.0337981 -2.29999995
v -1.92800021 1.04692507 -2.28810453
v -1.91155505 1.03427339 -2.29403734
v -1.89408064 1.0235796 -2.29999995
v -1.92857456 1.04796505 -2.2821269
v -1.91227436 1.03510821 -2.28801894
v -1.8947413 1.02406228 -2.29404259
v -1.87653673 1.0152241 -2.29999995
v -1.82974696 1.00449157 -2.27025294
v -1.83937037 1.00790644 -2.26062965
v -1.84900212 1.00840485 -2.27026534
v -1.81987977 1.00201583 -2.28012037
v -1.83937144 1.00499749 -2.28007841
v -1.85849404 1.00980783 -2.28013134
v -1.80991507 1.00050879 -2.2900846
v -1.8294574 1.00252128 -2.29003859
v -1.84890664 1.00641799 -2.29004002
v -1.86771572 1.01208949 -2.29008889
v -1.81940627 1.00100613 -2.29999995
v -1.83899617 1.00395179 -2.29999995
v -1.85822201 1.00872767 -2.29999995
v -1.85411525 1.01533532 -2.2458849
v -1.86411428 1.01609981 -2.25546813
v -1.8685441 1.02527606 -2.23145604
v -1.87378621 1.01761544 -2.26549172
v -1.8786695 1.02617574 -2.24102521
v -1.88214505 1.03732753 -2.21785498
v -1.88300061 1.01985598 -2.27581763
v -1.88828063 1.02767241 -2.25124574
v -1.89215589 1.03823042 -2.22744918
v -1.8944062 1.0510875 -2.20559382
v -1.9084549 1.05129576 -2.22198272
v -1.9054904 1.03963268 -2.24510431
v -1.92153704 1.05328906 -2.23969269
v -1.90084553 1.03040719 -2.26951265
v -1.91777325 1.04291034 -2.26353955
v -1.93322206 1.05696857 -2.25809526
v -1.90541172 1.06682813 -2.19458818
v -1.91997385 1.06754291 -2.21118665
v -1.91536188 1.08463812 -2.18463802
v -1.93333542 1.06969476 -2.22917223
v -1.93015957 1.08569086 -2.2011857
v -1.92391837 1.10384154 -2.17608118
v -1.9450655 1.07318509 -2.24791813
v -1.94352257 1.08783269 -2.21918774
v -1.93867397 1.10506356 -2.19231892
v -1.95201492 1.10729504 -2.21015787
v -1.95527458 1.09123349 -2.23809695
v -1.96376574 1.11070573 -2.22905064
v -1.80991101 1.01208949 -2.23228407
v -1.80995989 1.00641775 -2.25109315
v -1.8198688 1.00980783 -2.2415061
v -1.8099612 1.00252128 -2.27054262
v -1.81992173 1.00499737 -2.26062846
v -1.8297348 1.00840485 -2.25099802
v -1.82418239 1.01985598 -2.21699929
v -1.8345083 1.01761544 -2.22621346
v -1.84875441 1.02767241 -2.21171951
v -1.84453213 1.01609981 -2.23588562
v -1.8589747 1.02617574 -2.22133064
v -1.87255061 1.03823042 -2.20784426
v -1.80595732 1.02406228 -2.20525885
v -1.83048725 1.03040719 -2.19915438
v -1.81198096 1.03510821 -2.18772554
v -1.85489559 1.03963256 -2.19450951
v -1.83646047 1.04291034 -2.18222666
v -1.81787312 1.04796505 -2.17142558
v -1.87801707 1.05129576 -2.19154501
v -1.86030746 1.05328894 -2.17846298
v -1.8419044 1.05696857 -2.16677785
v -1.82343578 1.06223595 -2.15692019
v -1.80596268 1.03427303 -2.18844414
v -1.81189537 1.04692483 -2.17199922
v -1.8059324 1.04612446 -2.17252827
v -1.81760025 1.06113791 -2.15714598
v -1.81173849 1.06016064 -2.15749812
v -1.80586636 1.05930674 -2.15797591
v -1.80592191 1.07397175 -2.14492702
v -1.81186914 1.07490444 -2.14451241
v -1.80594683 1.08997631 -2.13322496
v -1.81782579 1.07580996 -2.14432478
v -1.811939 1.09082854 -2.13298011
v -1.80594146 1.10685778 -2.12318134
v -1.82127321 1.10903108 -2.12332869
v -1.82734513 1.09305406 -2.13344455
v -1.83659017 1.11182773 -2.12444401
v -1.83312356 1.07818365 -2.14501095
v -1.84263444 1.09606254 -2.13475966
v -1.85163045 1.11519706 -2.12650418
v -1.85224044 1.07328796 -2.15494323
v -1.8710264 1.06966352 -2.16680074
v -1.86202145 1.09147036 -2.14460683
v -1.88885343 1.0674088 -2.18015337
v -1.88081205 1.08783269 -2.15647745
v -1.87090945 1.11083984 -2.13610673
v -1.89869559 1.08545387 -2.16995859
v -1.90752244 1.10496068 -2.16131687
v -1.88964343 1.10732627 -2.14784861
v 1.80991507 1.19008493 -2.10050869
v 1.8294574 1.19003868 -2.10252118
v 1.81987977 1.18012023 -2.10201573
v 1.84890676 1.19004011 -2.10641766
v 1.83937156 1.18007827 -2.10499716
v 1.82974696 1.17025292 -2.10449147
v 1.86771572 1.19008899 -2.11208963
v 1.85849404 1.1801312 -2.10980773
v 1.84900212 1.1702652 -2.10840464
v 1.83937037 1.16062963 -2.10790634
v 1.80996132 1.1705426 -2.10252118
v 1.81992173 1.16062856 -2.1049974
v 1.80995989 1.15109336 -2.10641789
v 1.82973492 1.15099812 -2.10840464
v 1.8198688 1.14150596 -2.10980773
v 1.80991101 1.13228416 -2.11208963
v 1.82418239 1.11699939 -2.11985612
v 1.8345083 1.12621367 -2.11761522
v 1.84875441 1.11171937 -2.1276722
v 1.84453201 1.13588572 -2.11609983
v 1.8589747 1.1213305 -2.12617564
v 1.87255061 1.10784411 -2.13823032
v 1.85411525 1.14588475 -2.11533499
v 1.8685441 1.1314559 -2.12527609
v 1.88214505 1.11785495 -2.13732743
v 1.8944062 1.1055938 -2.15108752
v 1.80595732 1.10525882 -2.1240623
v 1.83048725 1.09915447 -2.13040733
v 1.81198096 1.08772564 -2.13510847
v 1.85489559 1.09450972 -2.1396327
v 1.83646047 1.08222675 -2.14291048
v 1.81787312 1.07142556 -2.14796495
v 1.87801707 1.0915451 -2.15129566
v 1.86030746 1.07846296 -2.15328908
v 1.8419044 1.06677794 -2.15696859
v 1.82343578 1.05692017 -2.16223598
v 1.83312356 1.04501104 -2.17818356
v 1.85224044 1.0549432 -2.17328787
v 1.84263444 1.03475976 -2.19606256
v 1.8710264 1.06680083 -2.16966343
v 1.86202145 1.04460692 -2.19147015
v 1.85163045 1.02650416 -2.21519709
v 1.88885343 1.08015335 -2.16740894
v 1.88081205 1.05647743 -2.18783259
v 1.87090945 1.03610694 -2.21083975
v 1.85977328 1.02058268 -2.23491096
v 1.81782579 1.04432487 -2.17580986
v 1.82734537 1.03344452 -2.1930542
v 1.811939 1.03297997 -2.19082856
v 1.83659017 1.0244441 -2.21182775
v 1.82127309 1.02332866 -2.20903134
v 1.80594146 1.0231812 -2.20685768
v 1.84522271 1.01766193 -2.23145485
v 1.83023524 1.0157795 -2.22836113
v 1.81507349 1.0149591 -2.22568083
v 1.81526601 1.0086596 -2.24437356
v 1.83058548 1.00971723 -2.24721122
v 1.81531858 1.00409889 -2.26380062
v 1.8456955 1.01187623 -2.2502408
v 1.83065546 1.00541091 -2.26661825
v 1.81523108 1.00138593 -2.28341436
v 1.80586636 1.05797613 -2.15930653
v 1.8059324 1.07252967 -2.14612532
v 1.81173849 1.0574981 -2.16016078
v 1.80596256 1.08844495 -2.13427353
v 1.81189537 1.07199979 -2.14692497
v 1.81760025 1.05714583 -2.16113782
v 1.80592191 1.04492617 -2.17397022
v 1.81186914 1.04451203 -2.17490387
v 1.80594683 1.03322458 -2.1899755
v 1.85822201 1.00872767 -2.29999995
v 1.87653673 1.0152241 -2.29999995
v 1.87311685 1.01460934 -2.28355503
v 1.83899617 1.00395179 -2.29999995
v 1.85435796 1.00842762 -2.28334522
v 1.86912322 1.01531649 -2.26699305
v 1.81940627 1.00100613 -2.29999995
v 1.83488035 1.00398326 -2.28329825
v 1.85015261 1.00948668 -2.26664281
v 1.86464548 1.0173173 -2.25066233
v 1.89255178 1.02404773 -2.28041983
v 1.8887229 1.02486169 -2.26355839
v 1.90741944 1.03648746 -2.26049137
v 1.8841368 1.02678835 -2.24694443
v 1.90293002 1.03842735 -2.24377656
v 1.92039764 1.05180371 -2.24125767
v 1.87888324 1.02979922 -2.23092604
v 1.8974998 1.04127049 -2.22767401
v 1.91499591 1.05456638 -2.22525358
v 1.93074369 1.06925631 -2.22376251
v 1.92391837 1.07608163 -2.20384169
v 1.90752232 1.06131697 -2.20496082
v 1.91536188 1.08463812 -2.18463802
v 1.88964343 1.0478487 -2.20732641
v 1.89869559 1.06995881 -2.18545389
v 1.90541172 1.09458828 -2.16682792
v 1.93867397 1.09231913 -2.20506334
v 1.93015969 1.10118604 -2.18569088
v 1.94352257 1.11918807 -2.18783259
v 1.91997409 1.11118662 -2.16754293
v 1.93333554 1.12917233 -2.16969466
v 1.9450655 1.14791799 -2.17318511
v 1.9084549 1.12198293 -2.15129566
v 1.92153704 1.13969254 -2.15328908
v 1.93322206 1.1580956 -2.15696859
v 1.94307983 1.17656422 -2.16223598
v 1.92857456 1.18212688 -2.14796495
v 1.91777337 1.16353953 -2.14291024
v 1.91227436 1.18801904 -2.13510847
v 1.9054904 1.14510441 -2.13963246
v 1.90084553 1.16951275 -2.13040733
v 1.8947413 1.19404268 -2.1240623
v 1.89215589 1.12744927 -2.13823032
v 1.88828063 1.15124559 -2.1276722
v 1.88300061 1.17581761 -2.11985612
v 1.94285429 1.18239975 -2.16113782
v 1.92800033 1.18810463 -2.14692521
v 1.9425019 1.18826151 -2.16016078
v 1.91155529 1.1940372 -2.13427353
v 1.9274708 1.1940676 -2.14612532
v 1.94202375 1.19413364 -2.15930653
v 1.95567513 1.18217432 -2.17580986
v 1.95548797 1.18813086 -2.17490411
v 1.96702003 1.188061 -2.19082856
v 1.9550736 1.19407809 -2.1739707
v 1.96677542 1.19405317 -2.18997574
v 1.9768188 1.19405842 -2.20685768
v 1.95498896 1.16687644 -2.17818356
v 1.96655536 1.17265487 -2.1930542
v 1.96524024 1.15736556 -2.19606256
v 1.97667146 1.17872691 -2.20903111
v 1.9755559 1.16340983 -2.21182775
v 1.97349584 1.14836955 -2.21519709
v 1.9850409 1.18492651 -2.22568083
v 1.9842205 1.16976476 -2.22836113
v 1.98233807 1.15477729 -2.23145485
v 1.97941732 1.14022672 -2.23491096
v 1.98812377 1.1543045 -2.2502408
v 1.99028277 1.16941452 -2.24721146
v 1.99458909 1.16934454 -2.26661825
v 1.99134016 1.18473399 -2.2443738
v 1.99590099 1.18468142 -2.26380062
v 1.99861407 1.18476903 -2.28341436
v 1.9826827 1.13535452 -2.25066233
v 1.99051356 1.14984739 -2.26664281
v 1.98468351 1.13087678 -2.26699305
v 1.99601698 1.16511965 -2.28329825
v 1.99157262 1.1456418 -2.28334522
v 1.98539066 1.12688315 -2.28355503
v 1.99899387 1.18059349 -2.29999995
v 1.99604845 1.16100371 -2.29999995
v 1.99127281 1.14177775 -2.29999995
v 1.9847759 1.12346327 -2.29999995
v 1.97020078 1.12111676 -2.23092604
v 1.97321177 1.1158632 -2.24694443
v 1.95872951 1.1025002 -2.22767401
v 1.97513831 1.1112771 -2.26355839
v 1.96157265 1.09706998 -2.24377656
v 1.94543362 1.08500409 -2.22525358
v 1.97595227 1.10744822 -2.28041983
v 1.96351254 1.09258056 -2.26049137
v 1.94819629 1.07960248 -2.24125767
v 1.93530154 1.06469846 -2.24201155
v 1.95172191 1.07633495 -2.26056242
v 1.93865097 1.06134903 -2.2611618
v 1.96567488 1.09032238 -2.28023982
v 1.95382619 1.07411253 -2.28032351
v 1.94071627 1.05928385 -2.2806716
v 1.97642052 1.10591841 -2.29999995
v 1.96620333 1.08894587 -2.29999995
v 1.95443368 1.07301092 -2.29999995
v 1.94142139 1.05857861 -2.29999995
v 1.92366433 1.04827833 -2.26056242
v 1.92588592 1.04617465 -2.28032374
v 1.90967679 1.03432548 -2.28023958
v 1.9269861 1.04556823 -2.29999995
v 1.91105163 1.0337981 -2.29999995
v 1.89408064 1.0235796 -2.29999995
v 1.87378633 1.16549158 -2.11761522
v 1.8786695 1.1410253 -2.12617564
v 1.86411428 1.15546799 -2.11609983
v 1.95527458 1.13809693 -2.1912334
v 1.96376574 1.12905049 -2.21070576
v 1.95201492 1.11015785 -2.20729494
v -1.98078525 4.19509029 -2.70000005
v -1.98913896 4.14684677 -2.70000005
v -1.98913932 4.14684677 -2.60000372
v -1.99514949 4.0980134 -2.70000005
v -1.99514961 4.09801388 -2.5
v -1.99878144 4.04894638 -2.70000005
v -1.99878168 4.04894638 -2.39999628
v -2 4 -2.70000005
v -1.9238795 4.38268328 -2.70000005
v -1.94148397 4.33699608 -2.70000005
v -1.94148469 4.33699656 -2.60000372
v -1.9569062 4.29027367 -2.70000005
v -1.95690656 4.29027462 -2.5
v -1.97004128 4.24285841 -2.70000005
v -1.97004151 4.24285841 -2.39999628
v -1.83146966 4.55557013 -2.70000005
v -1.85764873 4.51419449 -2.70000005
v -1.8576498 4.51419544 -2.60000372
v -1.8818897 4.47137928 -2.70000005
v -1.88189018 4.47138023 -2.5
v -1.90402329 4.42743778 -2.70000005
v -1.90402269 4.42743778 -2.39999628
v -1.70710683 4.70710659 -2.70000005
v -1.74085534 4.6716342 -2.70000005
v -1.74085569 4.67163467 -2.60000372
v -1.77298403 4.6343708 -2.70000005
v -1.77298331 4.6343708 -2.5
v -1.80326474 4.59559155 -2.70000005
v -1.80326355 4.59559059 -2.39999628
v -1.55557024 4.83146954 -2.70000005
v -1.5955925 4.80326605 -2.70000005
v -1.59559083 4.80326319 -2.60000372
v -1.63437295 4.77298594 -2.70000005
v -1.63437104 4.77298307 -2.5
v -1.67163634 4.74085712 -2.70000005
v -1.67163491 4.74085522 -2.39999628
v -1.3826834 4.92387962 -2.70000005
v -1.42743778 4.90402412 -2.70000005
v -1.42743766 4.90402317 -2.60000372
v -1.47137904 4.88188982 -2.70000005
v -1.47138023 4.8818903 -2.5
v -1.51419425 4.85764837 -2.70000005
v -1.5141958 4.8576498 -2.39999628
v -1.19509029 4.98078537 -2.70000005
v -1.24285853 4.97004414 -2.70000005
v -1.24285865 4.97004128 -2.60000372
v -1.2902739 4.95690823 -2.70000005
v -1.29027438 4.95690632 -2.5
v -1.33699572 4.94148397 -2.70000005
v -1.33699656 4.94148493 -2.39999628
v -1 5 -2.70000005
v -1.04894602 4.99878025 -2.70000005
v -1.04894638 4.99878168 -2.60000372
v -1.09801269 4.99514675 -2.70000005
v -1.09801364 4.99514961 -2.5
v -1.14684558 4.98913574 -2.70000005
v -1.14684653 4.98913908 -2.39999628
v 1 5 -2.70000005
v 1.19509029 4.98078537 -2.70000005
v 1.14684558 4.98913574 -2.70000005
v 1.14684653 4.98913908 -2.60000372
v 1.09801269 4.99514675 -2.70000005
v 1.09801364 4.99514961 -2.5
v 1.04894602 4.99878025 -2.70000005
v 1.04894638 4.99878168 -2.39999628
v 1.3826834 4.92387962 -2.70000005
v 1.33699572 4.94148397 -2.70000005
v 1.33699656 4.94148493 -2.60000372
v 1.2902739 4.95690823 -2.70000005
v 1.29027438 4.95690632 -2.5
v 1.24285853 4.97004414 -2.70000005
v 1.24285865 4.97004128 -2.39999628
v 1.55557024 4.83146954 -2.70000005
v 1.51419425 4.85764837 -2.70000005
v 1.5141958 4.8576498 -2.60000372
v 1.47137904 4.88188982 -2.70000005
v 1.47138023 4.8818903 -2.5
v 1.42743778 4.90402412 -2.70000005
v 1.42743766 4.90402317 -2.39999628
v 1.70710683 4.70710659 -2.70000005
v 1.67163634 4.74085712 -2.70000005
v 1.67163491 4.74085522 -2.60000372
v 1.63437295 4.77298594 -2.70000005
v 1.63437104 4.77298307 -2.5
v 1.5955925 4.80326605 -2.70000005
v 1.59559083 4.80326319 -2.39999628
v 1.83146966 4.55557013 -2.70000005
v 1.80326474 4.59559155 -2.70000005
v 1.80326355 4.59559059 -2.60000372
v 1.77298403 4.6343708 -2.70000005
v 1.77298331 4.6343708 -2.5
v 1.74085534 4.6716342 -2.70000005
v 1.74085569 4.67163467 -2.39999628
v 1.9238795 4.38268328 -2.70000005
v 1.90402329 4.42743778 -2.70000005
v 1.90402269 4.42743778 -2.60000372
v 1.8818897 4.47137928 -2.70000005
v 1.88189018 4.47138023 -2.5
v 1.85764873 4.51419449 -2.70000005
v 1.8576498 4.51419544 -2.39999628
v 1.98078525 4.19509029 -2.70000005
v 1.97004128 4.24285841 -2.70000005
v 1.97004151 4.24285841 -2.60000372
v 1.9569062 4.29027367 -2.70000005
v 1.95690656 4.29027462 -2.5
v 1.94148397 4.33699608 -2.70000005
v 1.94148469 4.33699656 -2.39999628
v 2 4 -2.70000005
v 1.99878144 4.04894638 -2.70000005
v 1.99878168 4.04894638 -2.60000372
v 1.99514949 4.0980134 -2.70000005
v 1.99514961 4.09801388 -2.5
v 1.98913896 4.14684677 -2.70000005
v 1.98913932 4.14684677 -2.39999628
v 2 1.20000005 -2.70000005
v -0.25 2.84764814 -2.82727909
v -0.25 2.88795209 -2.79840159
v -0.12500468 2.8879509 -2.79839945
v -0.25 2.92696762 -2.76740313
v 0 2.92696667 -2.76740122
v -0.25 2.96441174 -2.7345233
v 0.12500468 2.96441126 -2.73452234
v -0.25 3 -2.70000005
v 0.25 3 -2.70000005
v 0.25 2.96441174 -2.7345233
v 0.25 2.92696762 -2.76740313
v 0.25 2.88795209 -2.79840159
v 0.25 2.84764814 -2.82727909
v -0.25 2.67315555 -2.92195439
v -0.25 2.71836853 -2.90160561
v -0.12500468 2.71836877 -2.90160513
v -0.25 2.76273823 -2.87892437
v 0 2.76273918 -2.87892485
v -0.25 2.80593944 -2.85408926
v 0.12500468 2.80594087 -2.85409069
v 0.25 2.80593944 -2.85408926
v 0.25 2.76273823 -2.87892437
v 0.25 2.71836853 -2.90160561
v 0.25 2.67315555 -2.92195439
v -0.25 2.48339891 -2.98029447
v -0.25 2.53174114 -2.96927762
v -0.12500468 2.53174114 -2.96927762
v -0.25 2.57971692 -2.95580864
v 0 2.57971764 -2.95580959
v -0.25 2.62697315 -2.93999791
v 0.12500468 2.62697363 -2.93999887
v 0.25 2.62697315 -2.93999791
v 0.25 2.57971692 -2.95580864
v 0.25 2.53174114 -2.96927762
v 0.25 2.48339891 -2.98029447
v -0.25 2.2858572 -3
v -0.25 2.33542299 -2.99874997
v -0.12500468 2.33542299 -2.99874997
v -0.25 2.38511467 -2.99502444
v 0 2.38511467 -2.99502468
v -0.25 2.43456244 -2.98886013
v 0.12500468 2.43456268 -2.98886061
v 0.25 2.43456244 -2.98886013
v 0.25 2.38511467 -2.99502444
v 0.25 2.33542299 -2.99874997
v 0.25 2.2858572 -3
v -0.25 1 -2.70000005
v -0.25 -0.1 -3
v -0.25 0.2 -2.70000005
v -0.25 0.12346331 -2.68477583
v -0.25 0.14177802 -2.69127226
v -0.25 0.16100389 -2.69604826
v -0.25 0.18059362 -2.69899392
v -0.25 -0.24142136 -2.94142127
v -0.25 -0.25443235 -2.92698717
v -0.25 -0.26620221 -2.91105223
v -0.25 -0.27642024 -2.89408112
v -0.25 -0.28477591 -2.87653661
v -0.25 -0.17653668 -2.98477602
v -0.25 -0.19408131 -2.97642088
v -0.25 -0.15822199 -2.99127293
v -0.25 -0.21105321 -2.96620321
v -0.25 -0.13899612 -2.99604821
v -0.25 -0.22698802 -2.9544332
v -0.25 -0.11940637 -2.99899387
v -0.25 -0.29127276 -2.85822201
v -0.25 -0.29604852 -2.83899617
v -0.25 -0.29899395 -2.81940651
v -0.25 -0.30000001 -2.79999995
v -0.25 0.05857864 -2.64142132
v -0.25 0.07301383 -2.65443182
v -0.25 0.08894844 -2.66620207
v -0.25 0.10591932 -2.67642045
v -0.25 0.01522409 -2.57653666
v -0.25 0.02357936 -2.59408164
v -0.25 0.03379672 -2.61105394
v -0.25 0.04556641 -2.62698889
v -0.25 0 -2.5
v -0.25 0.00100607 -2.51940656
v -0.25 0.00395152 -2.53899622
v -0.25 0.00872723 -2.55822229
v -0.25 0 -2.25
v -0.25 -0.30000001 -1
v -0.25 0 -1
v 0.25 -0.1 -3
v 1.79999995 1 -2.70000005
v 0.25 1 -2.70000005
v 1.9847759 1.12346327 -2.70000005
v 1.97642052 1.10591841 -2.70000005
v 1.99127281 1.14177775 -2.70000005
v 1.96620333 1.08894587 -2.70000005
v 1.99604845 1.16100371 -2.70000005
v 1.95443368 1.07301092 -2.70000005
v 1.99899387 1.18059349 -2.70000005
v 1.94142139 1.05857861 -2.70000005
v 1.9269861 1.04556823 -2.70000005
v 1.91105163 1.0337981 -2.70000005
v 1.89408064 1.0235796 -2.70000005
v 1.87653673 1.0152241 -2.70000005
v 1.85822201 1.00872767 -2.70000005
v 1.83899617 1.00395179 -2.70000005
v 1.81940627 1.00100613 -2.70000005
v -1.79999995 1 -2.70000005
v -2 1.20000005 -2.70000005
v -1.81940627 1.00100613 -2.70000005
v -1.83899617 1.00395179 -2.70000005
v -1.85822201 1.00872767 -2.70000005
v -1.87653673 1.0152241 -2.70000005
v -1.89408064 1.0235796 -2.70000005
v -1.91105163 1.0337981 -2.70000005
v -1.9269861 1.04556823 -2.70000005
v -1.94142139 1.05857861 -2.70000005
v -1.9847759 1.12346327 -2.70000005
v -1.99127281 1.14177775 -2.70000005
v -1.97642052 1.10591841 -2.70000005
v -1.99604845 1.16100371 -2.70000005
v -1.96620333 1.08894587 -2.70000005
v -1.99899387 1.18059349 -2.70000005
v -1.95443368 1.07301092 -2.70000005
v 1.99127305 1.14177752 -2.39999628
v 1.99604881 1.16100347 -2.5
v 1.99899399 1.18059349 -2.60000372
v 1.95443249 1.07301235 -2.60000372
v 1.96620202 1.0889473 -2.5
v 1.97641993 1.10591888 -2.39999628
v 1.894081 1.02358007 -2.60000372
v 1.9110527 1.03379798 -2.5
v 1.92698765 1.04556751 -2.39999628
v 1.81940639 1.00100601 -2.39999628
v 1.83899653 1.00395119 -2.5
v 1.85822248 1.00872695 -2.60000372
v -1.85822248 1.00872695 -2.39999628
v -1.83899653 1.00395119 -2.5
v -1.81940639 1.00100601 -2.60000372
v -1.92698765 1.04556751 -2.60000372
v -1.9110527 1.03379798 -2.5
v -1.894081 1.02358007 -2.39999628
v -1.97641993 1.10591888 -2.60000372
v -1.96620202 1.0889473 -2.5
v -1.95443249 1.07301235 -2.39999628
v -1.99899399 1.18059349 -2.39999628
v -1.99604881 1.16100347 -2.5
v -1.99127305 1.14177752 -2.60000372
v 2.25 -2.0999999 -0.25
v 0.30000001 -2.0999999 0
v 2.25 -2.0999999 0.25
v 0.29881769 -2.0999999 0.02594042
v 0.29533941 -2.0999999 0.05207602
v 0.28966844 -2.0999999 0.07782513
v 0.2819078 -2.0999999 0.10260604
v 0.25 -2.0999999 0.25
v 0.27192569 -2.0999999 0.12657803
v 0.25971848 -2.0999999 0.14994814
v 0.24558231 -2.0999999 0.17220475
v 0.22981334 -2.0999999 0.19283628
v 0.21223375 -2.0999999 0.21194836
v 0.19276987 -2.0999999 0.22973433
v 0.17187439 -2.0999999 0.24581416
v 0.15000001 -2.0999999 0.25980762
v 0.2819078 -2.0999999 -0.10260604
v 0.28966844 -2.0999999 -0.07782513
v 0.29533941 -2.0999999 -0.05207602
v 0.29881769 -2.0999999 -0.02594042
v 0.25 -2.0999999 -0.25
v 0.22981334 -2.0999999 -0.19283628
v 0.24558231 -2.0999999 -0.17220475
v 0.25971848 -2.0999999 -0.14994814
v 0.27192569 -2.0999999 -0.12657803
v 0.15000001 -2.0999999 -0.25980762
v 0.17187439 -2.0999999 -0.24581416
v 0.19276987 -2.0999999 -0.22973433
v 0.21223375 -2.0999999 -0.21194836
v 0.05209445 -2.0999999 -0.29544231
v 0.07743556 -2.0999999 -0.28977433
v 0.10257026 -2.0999999 -0.28181064
v 0.12694344 -2.0999999 -0.27175409
v 0.25 -2.0999999 -2.25
v -0.25 -2.0999999 -2.25
v -0.05209445 -2.0999999 -0.29544231
v -0.02634252 -2.0999999 -0.29878172
v 0 -2.0999999 -0.29989487
v 0.02634252 -2.0999999 -0.29878172
v -0.25 -2.0999999 -0.25
v -0.15000001 -2.0999999 -0.25980762
v -0.12694344 -2.0999999 -0.27175409
v -0.10257026 -2.0999999 -0.28181064
v -0.07743556 -2.0999999 -0.28977433
v -0.22981334 -2.0999999 -0.19283628
v -0.21223375 -2.0999999 -0.21194836
v -0.19276987 -2.0999999 -0.22973433
v -0.17187439 -2.0999999 -0.24581416
v -0.2819078 -2.0999999 -0.10260604
v -0.27192569 -2.0999999 -0.12657803
v -0.25971848 -2.0999999 -0.14994814
v -0.24558231 -2.0999999 -0.17220475
v -2.25 -2.0999999 -0.25
v -0.30000001 -2.0999999 0
v -0.29881769 -2.0999999 -0.02594042
v -0.29533941 -2.0999999 -0.05207602
v -0.28966844 -2.0999999 -0.07782513
v -2.25 -2.0999999 0.25
v -0.2819078 -2.0999999 0.10260604
v -0.28966844 -2.0999999 0.07782513
v -0.29533941 -2.0999999 0.05207602
v -0.29881769 -2.0999999 0.02594042
v -0.25 -2.0999999 0.25
v -0.22981334 -2.0999999 0.19283628
v -0.24558231 -2.0999999 0.17220475
v -0.25971848 -2.0999999 0.14994814
v -0.27192569 -2.0999999 0.12657803
v -0.15000001 -2.0999999 0.25980762
v -0.17187439 -2.0999999 0.24581416
v -0.19276987 -2.0999999 0.22973433
v -0.21223375 -2.0999999 0.21194836
v -0.05209445 -2.0999999 0.29544231
v -0.07743556 -2.0999999 0.28977433
v -0.10257026 -2.0999999 0.28181064
v -0.12694344 -2.0999999 0.27175409
v -0.25 -2.0999999 2.25
v 0.05209445 -2.0999999 0.29544231
v 0.02634252 -2.0999999 0.29878172
v 0 -2.0999999 0.29989487
v -0.02634252 -2.0999999 0.29878172
v 0.25 -2.0999999 2.25
v 0.12694344 -2.0999999 0.27175409
v 0.10257026 -2.0999999 0.28181064
v 0.07743556 -2.0999999 0.28977433
v 0.25 -2.4000001 -0.25
v 2.25 -2.4000001 -0.25
v 0.25 -2.4000001 -2.25
v -0.25 -2.4000001 -2.25
v -0.25 -2.4000001 -0.25
v -2.25 -2.4000001 -0.25
v -2.25 -2.4000001 0.25
v -0.25 -2.4000001 0.25
v -0.25 -2.4000001 2.25
v 0.25 -2.4000001 2.25
v 0.25 -2.4000001 0.25
v 2.25 -2.4000001 0.25
v 0.28966922 -1.65001678 -0.07782558
v 0.29534012 -1.19999993 -0.05207643
v 0.29881796 -0.74998307 -0.02594058
v 0.30000001 -0.30000001 0
v 0.2819078 -0.30000001 0.10260604
v 0.28966922 -0.74998307 0.07782558
v 0.28966844 -0.30000001 0.07782513
v 0.29534012 -1.19999993 0.05207643
v 0.29533941 -0.30000001 0.05207602
v 0.29881796 -1.65001678 0.02594058
v 0.29881769 -0.30000001 0.02594042
v 0.22981334 -0.30000001 0.19283628
v 0.2455821 -0.74998307 0.17220482
v 0.24558231 -0.30000001 0.17220475
v 0.25971776 -1.19999993 0.14994812
v 0.25971848 -0.30000001 0.14994814
v 0.27192479 -1.65001678 0.12657791
v 0.27192569 -0.30000001 0.12657803
v 0.15000001 -0.30000001 0.25980762
v 0.17187417 -0.74998307 0.24581364
v 0.17187439 -0.30000001 0.24581416
v 0.19276959 -1.19999993 0.22973382
v 0.19276987 -0.30000001 0.22973433
v 0.21223354 -1.65001678 0.2119481
v 0.21223375 -0.30000001 0.21194836
v 0.05209445 -0.30000001 0.29544231
v 0.07743567 -0.74998307 0.28977364
v 0.07743556 -0.30000001 0.28977433
v 0.10257056 -1.19999993 0.28181022
v 0.10257026 -0.30000001 0.28181064
v 0.12694377 -1.65001678 0.27175421
v 0.12694344 -0.30000001 0.27175409
v -0.05209445 -0.30000001 0.29544231
v -0.02634271 -0.74998307 0.29878274
v -0.02634252 -0.30000001 0.29878172
v 0 -1.19999993 0.29989621
v 0 -0.30000001 0.29989487
v 0.02634271 -1.65001678 0.29878274
v 0.02634252 -0.30000001 0.29878172
v -0.15000001 -0.30000001 0.25980762
v -0.12694377 -0.74998307 0.27175421
v -0.12694344 -0.30000001 0.27175409
v -0.10257056 -1.19999993 0.28181022
v -0.10257026 -0.30000001 0.28181064
v -0.07743567 -1.65001678 0.28977364
v -0.07743556 -0.30000001 0.28977433
v -0.22981334 -0.30000001 0.19283628
v -0.21223354 -0.74998307 0.2119481
v -0.21223375 -0.30000001 0.21194836
v -0.19276959 -1.19999993 0.22973382
v -0.19276987 -0.30000001 0.22973433
v -0.17187417 -1.65001678 0.24581364
v -0.17187439 -0.30000001 0.24581416
v -0.2819078 -0.30000001 0.10260604
v -0.27192479 -0.74998307 0.12657791
v -0.27192569 -0.30000001 0.12657803
v -0.25971776 -1.19999993 0.14994812
v -0.25971848 -0.30000001 0.14994814
v -0.2455821 -1.65001678 0.17220482
v -0.24558231 -0.30000001 0.17220475
v -0.29881796 -1.65001678 0.02594058
v -0.29534012 -1.19999993 0.05207643
v -0.28966922 -0.74998307 0.07782558
v -0.28966844 -0.30000001 0.07782513
v -0.29533941 -0.30000001 0.05207602
v -0.29881769 -0.30000001 0.02594042
v -0.30000001 -0.30000001 0
v -0.28966922 -1.65001678 -0.07782558
v -0.29534012 -1.19999993 -0.05207643
v -0.29881796 -0.74998307 -0.02594058
v -0.29881769 -0.30000001 -0.02594042
v -0.29533941 -0.30000001 -0.05207602
v -0.28966844 -0.30000001 -0.07782513
v -0.2819078 -0.30000001 -0.10260604
v -0.22981334 -0.30000001 -0.19283628
v -0.2455821 -0.74998307 -0.17220482
v -0.24558231 -0.30000001 -0.17220475
v -0.25971776 -1.19999993 -0.14994812
v -0.25971848 -0.30000001 -0.14994814
v -0.27192479 -1.65001678 -0.12657791
v -0.27192569 -0.30000001 -0.12657803
v 0.29881769 -0.30000001 -0.02594042
v 0.29533941 -0.30000001 -0.05207602
v 0.28966844 -0.30000001 -0.07782513
v 0.2819078 -0.30000001 -0.10260604
v 0.2455821 -1.65001678 -0.17220482
v 0.25971776 -1.19999993 -0.14994812
v 0.27192479 -0.74998307 -0.12657791
v 0.27192569 -0.30000001 -0.12657803
v 0.25971848 -0.30000001 -0.14994814
v 0.24558231 -0.30000001 -0.17220475
v 0.22981334 -0.30000001 -0.19283628
v 0.17187417 -1.65001678 -0.24581364
v 0.19276959 -1.19999993 -0.22973382
v 0.21223354 -0.74998307 -0.2119481
v 0.21223375 -0.30000001 -0.21194836
v 0.19276987 -0.30000001 -0.22973433
v 0.17187439 -0.30000001 -0.24581416
v 0.15000001 -0.30000001 -0.25980762
v 0.07743567 -1.65001678 -0.28977364
v 0.10257056 -1.19999993 -0.28181022
v 0.12694377 -0.74998307 -0.27175421
v 0.12694344 -0.30000001 -0.27175409
v 0.10257026 -0.30000001 -0.28181064
v 0.07743556 -0.30000001 -0.28977433
v 0.05209445 -0.30000001 -0.29544231
v -0.02634271 -1.65001678 -0.29878274
v 0 -1.19999993 -0.29989621
v 0.02634271 -0.74998307 -0.29878274
v 0.02634252 -0.30000001 -0.29878172
v 0 -0.30000001 -0.29989487
v -0.02634252 -0.30000001 -0.29878172
v -0.05209445 -0.30000001 -0.29544231
v -0.12694377 -1.65001678 -0.27175421
v -0.10257056 -1.19999993 -0.28181022
v -0.07743567 -0.74998307 -0.28977364
v -0.07743556 -0.30000001 -0.28977433
v -0.10257026 -0.30000001 -0.28181064
v -0.12694344 -0.30000001 -0.27175409
v -0.15000001 -0.30000001 -0.25980762
v -0.21223354 -1.65001678 -0.2119481
v -0.19276959 -1.19999993 -0.22973382
v -0.17187417 -0.74998307 -0.24581364
v -0.17187439 -0.30000001 -0.24581416
v -0.19276987 -0.30000001 -0.22973433
v -0.21223375 -0.30000001 -0.21194836
v 0.25 0.01522409 -2.57653666
v 0.12500468 0.00872693 -2.55822229
v 0.25 0.00872723 -2.55822229
v 0 0.00395125 -2.53899646
v 0.25 0.00395152 -2.53899622
v -0.12500468 0.00100597 -2.51940656
v 0.25 0.00100607 -2.51940656
v 0.25 0 -2.5
v -0.12500468 0.04556749 -2.62698746
v 0 0.03379789 -2.61105275
v 0.12500468 0.02358004 -2.59408092
v 0.25 0.02357936 -2.59408164
v 0.25 0.03379672 -2.61105394
v 0.25 0.04556641 -2.62698889
v 0.25 0.05857864 -2.64142132
v -0.12500468 0.105919 -2.67641973
v 0 0.0889473 -2.66620207
v 0.12500468 0.07301246 -2.6544323
v 0.25 0.07301383 -2.65443182
v 0.25 0.08894844 -2.66620207
v 0.25 0.10591932 -2.67642045
v 0.25 0.12346331 -2.68477583
v 0.25 0.2 -2.70000005
v 0.12500468 0.18059349 -2.69899416
v 0.25 0.18059362 -2.69899392
v 0 0.16100347 -2.69604874
v 0.25 0.16100389 -2.69604826
v -0.12500468 0.14177756 -2.69127297
v 0.25 0.14177802 -2.69127226
v 0.87653667 -0.30000001 0.9847759
v 0.85822248 -0.22500283 0.99127305
v 0.85822225 -0.30000001 0.99127275
v 0.83899653 -0.15000001 0.99604875
v 0.83899635 -0.30000001 0.99604845
v 0.81940651 -0.07499719 0.99899405
v 0.81940645 -0.30000001 0.99899393
v 0.80000001 0 1
v 0.80000001 -0.30000001 1
v 0.81940645 0 0.99899393
v 0.83899635 0 0.99604845
v 0.85822225 0 0.99127275
v 0.87653667 0 0.9847759
v 0.94142133 0 0.94142133
v 0.92698711 0 0.95443237
v 0.92698753 -0.07499719 0.95443249
v 0.91105235 0 0.96620214
v 0.91105264 -0.15000001 0.96620214
v 0.89408094 0 0.97642016
v 0.894081 -0.22500283 0.97642004
v 0.89408094 -0.30000001 0.97642016
v 0.91105235 -0.30000001 0.96620214
v 0.92698711 -0.30000001 0.95443237
v 0.94142133 -0.30000001 0.94142133
v 0.9847759 0 0.87653667
v 0.97642076 0 0.89408135
v 0.97642004 -0.07499719 0.894081
v 0.96620303 0 0.91105318
v 0.96620214 -0.15000001 0.91105264
v 0.95443308 0 0.92698801
v 0.95443249 -0.22500283 0.92698753
v 0.95443308 -0.30000001 0.92698801
v 0.96620303 -0.30000001 0.91105318
v 0.97642076 -0.30000001 0.89408135
v 0.9847759 -0.30000001 0.87653667
v 1 -0.30000001 0.80000001
v 0.99899405 -0.22500283 0.81940651
v 0.99899375 -0.30000001 0.81940633
v 0.99604875 -0.15000001 0.83899653
v 0.99604815 -0.30000001 0.83899611
v 0.99127305 -0.07499719 0.85822248
v 0.99127239 -0.30000001 0.85822195
v 0.99127239 0 0.85822195
v 0.99604815 0 0.83899611
v 0.99899375 0 0.81940633
v 1 0 0.80000001
v 0.80000001 -0.30000001 -1
v 1 -0.30000001 -0.80000001
v 0.25 -0.30000001 -1
v -0.80000001 -0.30000001 -1
v -1 -0.30000001 -0.80000001
v -1 -0.30000001 0.80000001
v -0.80000001 -0.30000001 1
v -0.81940645 -0.30000001 0.99899393
v -0.83899635 -0.30000001 0.99604845
v -0.85822225 -0.30000001 0.99127275
v -0.87653667 -0.30000001 0.9847759
v -0.89408094 -0.30000001 0.97642016
v -0.91105235 -0.30000001 0.96620214
v -0.92698711 -0.30000001 0.95443237
v -0.94142133 -0.30000001 0.94142133
v -0.9847759 -0.30000001 0.87653667
v -0.99127239 -0.30000001 0.85822195
v -0.97642076 -0.30000001 0.89408135
v -0.99604815 -0.30000001 0.83899611
v -0.96620303 -0.30000001 0.91105318
v -0.99899375 -0.30000001 0.81940633
v -0.95443308 -0.30000001 0.92698801
v -0.9847759 -0.30000001 -0.87653667
v -0.97642076 -0.30000001 -0.89408135
v -0.99127239 -0.30000001 -0.85822195
v -0.96620303 -0.30000001 -0.91105318
v -0.99604815 -0.30000001 -0.83899611
v -0.95443308 -0.30000001 -0.92698801
v -0.99899375 -0.30000001 -0.81940633
v -0.94142133 -0.30000001 -0.94142133
v -0.92698711 -0.30000001 -0.95443237
v -0.91105235 -0.30000001 -0.96620214
v -0.89408094 -0.30000001 -0.97642016
v -0.87653667 -0.30000001 -0.9847759
v -0.85822225 -0.30000001 -0.99127275
v -0.83899635 -0.30000001 -0.99604845
v -0.81940645 -0.30000001 -0.99899393
v 0.25 -0.30000001 -2.79999995
v 0.81940645 -0.30000001 -0.99899393
v 0.83899635 -0.30000001 -0.99604845
v 0.85822225 -0.30000001 -0.99127275
v 0.87653667 -0.30000001 -0.9847759
v 0.89408094 -0.30000001 -0.97642016
v 0.91105235 -0.30000001 -0.96620214
v 0.92698711 -0.30000001 -0.95443237
v 0.94142133 -0.30000001 -0.94142133
v 0.9847759 -0.30000001 -0.87653667
v 0.99127239 -0.30000001 -0.85822195
v 0.97642076 -0.30000001 -0.89408135
v 0.99604815 -0.30000001 -0.83899611
v 0.96620303 -0.30000001 -0.91105318
v 0.99899375 -0.30000001 -0.81940633
v 0.95443308 -0.30000001 -0.92698801
v -0.80000001 0 1
v -0.99127305 -0.22500283 0.85822248
v -0.99604875 -0.15000001 0.83899653
v -0.99899405 -0.07499719 0.81940651
v -1 0 0.80000001
v -0.99899375 0 0.81940633
v -0.99604815 0 0.83899611
v -0.99127239 0 0.85822195
v -0.9847759 0 0.87653667
v -0.94142133 0 0.94142133
v -0.95443308 0 0.92698801
v -0.95443249 -0.07499719 0.92698753
v -0.96620303 0 0.91105318
v -0.96620214 -0.15000001 0.91105264
v -0.97642076 0 0.89408135
v -0.97642004 -0.22500283 0.894081
v -0.87653667 0 0.9847759
v -0.89408094 0 0.97642016
v -0.894081 -0.07499719 0.97642004
v -0.91105235 0 0.96620214
v -0.91105264 -0.15000001 0.96620214
v -0.92698711 0 0.95443237
v -0.92698753 -0.22500283 0.95443249
v -0.81940651 -0.22500283 0.99899405
v -0.83899653 -0.15000001 0.99604875
v -0.85822248 -0.07499719 0.99127305
v -0.85822225 0 0.99127275
v -0.83899635 0 0.99604845
v -0.81940645 0 0.99899393
v -0.85822248 -0.22500283 -0.99127305
v -0.83899653 -0.15000001 -0.99604875
v -0.81940651 -0.07499719 -0.99899405
v -0.80000001 0 -1
v -0.81940645 0 -0.99899393
v -0.83899635 0 -0.99604845
v -0.85822225 0 -0.99127275
v -0.87653667 0 -0.9847759
v -0.94142133 0 -0.94142133
v -0.92698711 0 -0.95443237
v -0.92698753 -0.07499719 -0.95443249
v -0.91105235 0 -0.96620214
v -0.91105264 -0.15000001 -0.96620214
v -0.89408094 0 -0.97642016
v -0.894081 -0.22500283 -0.97642004
v -0.9847759 0 -0.87653667
v -0.97642076 0 -0.89408135
v -0.97642004 -0.07499719 -0.894081
v -0.96620303 0 -0.91105318
v -0.96620214 -0.15000001 -0.91105264
v -0.95443308 0 -0.92698801
v -0.95443249 -0.22500283 -0.92698753
v -0.99899405 -0.22500283 -0.81940651
v -0.99604875 -0.15000001 -0.83899653
v -0.99127305 -0.07499719 -0.85822248
v -0.99127239 0 -0.85822195
v -0.99604815 0 -0.83899611
v -0.99899375 0 -0.81940633
v -1 0 -0.80000001
v 0.99127305 -0.22500283 -0.85822248
v 0.99604875 -0.15000001 -0.83899653
v 0.99899405 -0.07499719 -0.81940651
v 1 0 -0.80000001
v 0.99899375 0 -0.81940633
v 0.99604815 0 -0.83899611
v 0.99127239 0 -0.85822195
v 0.9847759 0 -0.87653667
v 0.94142133 0 -0.94142133
v 0.95443308 0 -0.92698801
v 0.95443249 -0.07499719 -0.92698753
v 0.96620303 0 -0.91105318
v 0.96620214 -0.15000001 -0.91105264
v 0.97642076 0 -0.89408135
v 0.97642004 -0.22500283 -0.894081
v 0.87653667 0 -0.9847759
v 0.89408094 0 -0.97642016
v 0.894081 -0.07499719 -0.97642004
v 0.91105235 0 -0.96620214
v 0.91105264 -0.15000001 -0.96620214
v 0.92698711 0 -0.95443237
v 0.92698753 -0.22500283 -0.95443249
v 0.81940651 -0.22500283 -0.99899405
v 0.83899653 -0.15000001 -0.99604875
v 0.85822248 -0.07499719 -0.99127305
v 0.85822225 0 -0.99127275
v 0.83899635 0 -0.99604845
v 0.81940645 0 -0.99899393
v 0.80000001 0 -1
v -0.12500468 -0.29127312 -2.85822248
v 0 -0.29604876 -2.83899641
v 0.12500468 -0.29899406 -2.81940651
v 0.25 -0.29899395 -2.81940651
v 0.25 -0.29604852 -2.83899617
v 0.25 -0.29127276 -2.85822201
v 0.25 -0.28477591 -2.87653661
v 0.25 -0.24142136 -2.94142127
v 0.25 -0.25443235 -2.92698717
v 0.12500468 -0.2544325 -2.92698741
v 0.25 -0.26620221 -2.91105223
v 0 -0.26620209 -2.91105247
v 0.25 -0.27642024 -2.89408112
v -0.12500468 -0.27641997 -2.89408112
v 0.25 -0.17653668 -2.98477602
v 0.25 -0.19408131 -2.97642088
v 0.12500468 -0.19408101 -2.97641993
v 0.25 -0.21105321 -2.96620321
v 0 -0.21105269 -2.96620226
v 0.25 -0.22698802 -2.9544332
v -0.12500468 -0.22698754 -2.95443249
v -0.12500468 -0.11940652 -2.99899387
v 0 -0.13899651 -2.99604893
v 0.12500468 -0.15822244 -2.9912734
v 0.25 -0.15822199 -2.99127293
v 0.25 -0.13899612 -2.99604821
v 0.25 -0.11940637 -2.99899387
v 0.25 0 -2.25
v 0.25 0 -1
v -1.25 0 -2.25
v -1.44509029 0 -2.23078537
v -1.39684653 0 -2.23913908
v -1.34801364 0 -2.24514961
v -1.29894638 0 -2.24878144
v -1.6326834 0 -2.17387962
v -1.58699608 0 -2.19148445
v -1.54027402 0 -2.20690632
v -1.49285841 0 -2.22004128
v -1.80557024 0 -2.08146954
v -1.76419473 0 -2.10764837
v -1.7213794 0 -2.13188982
v -1.67743766 0 -2.15402365
v -1.95710683 0 -1.95710683
v -1.9216342 0 -1.99085534
v -1.88437092 0 -2.02298379
v -1.84559131 0 -2.05326462
v -2.08146954 0 -1.80557024
v -2.05326605 0 -1.8455925
v -2.02298594 0 -1.88437307
v -1.99085712 0 -1.92163634
v -2.17387962 0 -1.6326834
v -2.15402436 0 -1.67743778
v -2.1318903 0 -1.72137904
v -2.10764813 0 -1.76419425
v -2.23078537 0 -1.44509029
v -2.22004414 0 -1.49285865
v -2.20690823 0 -1.5402739
v -2.19148445 0 -1.58699572
v -2.25 0 -1.25
v -2.24878049 0 -1.29894602
v -2.24514699 0 -1.34801269
v -2.23913622 0 -1.39684558
v -2.25 0 1.25
v -2.23078537 0 1.44509029
v -2.23913622 0 1.39684558
v -2.24514699 0 1.34801269
v -2.24878049 0 1.29894602
v -2.17387962 0 1.6326834
v -2.19148445 0 1.58699572
v -2.20690823 0 1.5402739
v -2.22004414 0 1.49285865
v -2.08146954 0 1.80557024
v -2.10764813 0 1.76419425
v -2.1318903 0 1.72137904
v -2.15402436 0 1.67743778
v -1.95710683 0 1.95710683
v -1.99085712 0 1.92163634
v -2.02298594 0 1.88437307
v -2.05326605 0 1.8455925
v -1.80557024 0 2.08146954
v -1.84559131 0 2.05326462
v -1.88437092 0 2.02298379
v -1.9216342 0 1.99085534
v -1.6326834 0 2.17387962
v -1.67743766 0 2.15402365
v -1.7213794 0 2.13188982
v -1.76419473 0 2.10764837
v -1.44509029 0 2.23078537
v -1.49285841 0 2.22004128
v -1.54027402 0 2.20690632
v -1.58699608 0 2.19148445
v -1.25 0 2.25
v -1.29894638 0 2.24878144
v -1.34801364 0 2.24514961
v -1.39684653 0 2.23913908
v 1.25 0 2.25
v 1.44509029 0 2.23078537
v 1.39684653 0 2.23913908
v 1.34801364 0 2.24514961
v 1.29894638 0 2.24878144
v 1.6326834 0 2.17387962
v 1.58699608 0 2.19148445
v 1.54027402 0 2.20690632
v 1.49285841 0 2.22004128
v 1.80557024 0 2.08146954
v 1.76419473 0 2.10764837
v 1.7213794 0 2.13188982
v 1.67743766 0 2.15402365
v 1.95710683 0 1.95710683
v 1.9216342 0 1.99085534
v 1.88437092 0 2.02298379
v 1.84559131 0 2.05326462
v 2.08146954 0 1.80557024
v 2.05326605 0 1.8455925
v 2.02298594 0 1.88437307
v 1.99085712 0 1.92163634
v 2.17387962 0 1.6326834
v 2.15402436 0 1.67743778
v 2.1318903 0 1.72137904
v 2.10764813 0 1.76419425
v 2.23078537 0 1.44509029
v 2.22004414 0 1.49285865
v 2.20690823 0 1.5402739
v 2.19148445 0 1.58699572
v 2.25 0 1.25
v 2.24878049 0 1.29894602
v 2.24514699 0 1.34801269
v 2.23913622 0 1.39684558
v 2.25 0 -1.25
v 2.23078537 0 -1.44509029
v 2.23913622 0 -1.39684558
v 2.24514699 0 -1.34801269
v 2.24878049 0 -1.29894602
v 2.17387962 0 -1.6326834
v 2.19148445 0 -1.58699572
v 2.20690823 0 -1.5402739
v 2.22004414 0 -1.49285865
v 2.08146954 0 -1.80557024
v 2.10764813 0 -1.76419425
v 2.1318903 0 -1.72137904
v 2.15402436 0 -1.67743778
v 1.95710683 0 -1.95710683
v 1.99085712 0 -1.92163634
v 2.02298594 0 -1.88437307
v 2.05326605 0 -1.8455925
v 1.80557024 0 -2.08146954
v 1.84559131 0 -2.05326462
v 1.88437092 0 -2.02298379
v 1.9216342 0 -1.99085534
v 1.6326834 0 -2.17387962
v 1.67743766 0 -2.15402365
v 1.7213794 0 -2.13188982
v 1.76419473 0 -2.10764837
v 1.44509029 0 -2.23078537
v 1.49285841 0 -2.22004128
v 1.54027402 0 -2.20690632
v 1.58699608 0 -2.19148445
v 1.25 0 -2.25
v 1.29894638 0 -2.24878144
v 1.34801364 0 -2.24514961
v 1.39684653 0 -2.23913908
v 2.24127293 0.45822224 1.25
v 2.23477602 0.47653669 1.25
v 2.2400074 0.45813423 1.29866076
v 2.24604845 0.43899637 1.25
v 2.24473786 0.43913335 1.29896688
v 2.2410872 0.43893161 1.34800386
v 2.24899387 0.41940647 1.25
v 2.24769878 0.41957274 1.29906201
v 2.24402642 0.41956973 1.34821939
v 2.23801398 0.41939741 1.39711761
v 2.25 0.40000001 1.25
v 2.24878049 0.40000001 1.29894602
v 2.24514699 0.40000001 1.34801269
v 2.23913622 0.40000001 1.39684558
v 2.23078537 0.40000001 1.44509029
v 2.23249435 0.47910076 1.29807091
v 2.2356019 0.46064705 1.34709311
v 2.22778225 0.48168197 1.34618068
v 2.23459864 0.44148859 1.39630532
v 2.22877264 0.46337396 1.39523339
v 2.2207129 0.48425052 1.39400649
v 2.22948313 0.42209405 1.44479632
v 2.22569346 0.44445682 1.44398427
v 2.21959352 0.46628538 1.44275928
v 2.21135974 0.48677674 1.44122636
v 2.20900249 0.46609256 1.49022341
v 2.21490574 0.44462594 1.49173892
v 2.20180798 0.4443199 1.5392046
v 2.21864533 0.42232746 1.4926523
v 2.20545506 0.42232326 1.54018736
v 2.19001961 0.42208147 1.58706069
v 2.22004414 0.40000001 1.49285865
v 2.20690823 0.40000001 1.5402739
v 2.19148445 0.40000001 1.58699572
v 2.17387962 0.40000001 1.6326834
v 2.20085239 0.48677674 1.48806834
v 2.19602823 0.46591622 1.53707767
v 2.1879673 0.48677674 1.53452384
v 2.18654227 0.44414628 1.58548081
v 2.18074846 0.46597609 1.58320057
v 2.17283344 0.48677674 1.58029997
v 2.17263794 0.42208964 1.6321696
v 2.16904402 0.44444501 1.63068175
v 2.16329312 0.46627206 1.62829971
v 2.155581 0.48677674 1.62510395
v 2.14363861 0.4661338 1.67270076
v 2.14912558 0.44464493 1.67538571
v 2.12702227 0.44437018 1.71933627
v 2.1526525 0.42233562 1.67699122
v 2.13043547 0.42234427 1.72102988
v 2.10615754 0.42211565 1.76397204
v 2.15402436 0.40000001 1.67743778
v 2.1318903 0.40000001 1.72137904
v 2.10764813 0.40000001 1.76419425
v 2.08146954 0.40000001 1.80557024
v 2.1361239 0.48677674 1.66898942
v 2.12179327 0.4659442 1.71612215
v 2.11441588 0.48677674 1.71203327
v 2.1030612 0.44417271 1.76174867
v 2.09783292 0.46599278 1.75838292
v 2.09064531 0.48677674 1.75397801
v 2.08035374 0.42209208 1.80483103
v 2.07712173 0.44445157 1.80268157
v 2.07194638 0.46627948 1.79922569
v 2.06500125 0.48677674 1.79456651
v 2.04404593 0.46613303 1.83894229
v 2.04889297 0.44464564 1.84265113
v 2.0186677 0.44435778 1.88145137
v 2.05202413 0.42233497 1.84490228
v 2.02165794 0.42233688 1.8837682
v 1.98948264 0.4220978 1.92115319
v 2.05326605 0.40000001 1.8455925
v 2.02298594 0.40000001 1.88437307
v 1.99085712 0.40000001 1.92163634
v 1.95710683 0.40000001 1.95710683
v 2.03738141 0.48677674 1.83383262
v 2.01414585 0.46593392 1.87726343
v 2.00770807 0.48677674 1.87183022
v 1.98686159 0.44415325 1.91834772
v 1.98237848 0.4659723 1.91401541
v 1.97620654 0.48677674 1.90832973
v 1.95614493 0.42208165 1.95614493
v 1.95337439 0.44442379 1.95337439
v 1.94896889 0.46624821 1.94896889
v 1.94310164 0.48677674 1.94310164
v 1.91380239 0.4661245 1.9824791
v 1.91785443 0.44462642 1.9870615
v 1.88063812 0.44436187 2.01925087
v 1.92052293 0.42232558 1.98991132
v 1.88315725 0.42233583 2.02211905
v 1.8443228 0.42211252 2.05253983
v 1.9216342 0.40000001 1.99085534
v 1.88437092 0.40000001 2.02298379
v 1.84559131 0.40000001 2.05326462
v 1.80557024 0.40000001 2.08146954
v 1.90832973 0.48677674 1.97620654
v 1.8770448 0.46593904 2.01426744
v 1.87183022 0.48677674 2.00770807
v 1.84230709 0.44416961 2.0492754
v 1.83877611 0.46599072 2.04416466
v 1.83383262 0.48677674 2.03738141
v 1.80483103 0.42209208 2.08035374
v 1.80268157 0.44445157 2.07712173
v 1.79922569 0.46627948 2.07194638
v 1.79456651 0.48677674 2.06500125
v 1.75817811 0.46611533 2.09792781
v 1.76127267 0.44463533 2.10322523
v 1.71847558 0.44434014 2.12750816
v 1.76331282 0.42233056 2.10652328
v 1.72038043 0.42232955 2.1308136
v 1.67634773 0.4220891 2.15305471
v 1.76419473 0.40000001 2.10764837
v 1.7213794 0.40000001 2.13188982
v 1.67743766 0.40000001 2.15402365
v 1.6326834 0.40000001 2.17387962
v 1.75397801 0.48677674 2.09064531
v 1.71589267 0.46592891 2.12189436
v 1.71203327 0.48677674 2.11441588
v 1.67499352 0.44415388 2.14945459
v 1.67251384 0.46598116 2.14374566
v 1.66898942 0.48677674 2.1361239
v 1.6321696 0.42208964 2.17263794
v 1.63068175 0.44444501 2.16904402
v 1.62829971 0.46627206 2.16329312
v 1.62510395 0.48677674 2.155581
v 1.58298683 0.46612188 2.18077612
v 1.58498013 0.44463491 2.1865716
v 1.53827775 0.44434607 2.20204782
v 1.58634329 0.42232957 2.19020653
v 1.53949904 0.42233014 2.20565772
v 1.49197841 0.42209136 2.21888733
v 1.58699608 0.40000001 2.19148445
v 1.54027402 0.40000001 2.20690632
v 1.49285841 0.40000001 2.22004128
v 1.44509029 0.40000001 2.23078537
v 1.58029997 0.48677674 2.17283344
v 1.53682303 0.46593553 2.19605637
v 1.53452384 0.48677674 2.1879673
v 1.49132121 0.44416058 2.21510935
v 1.48998284 0.46599001 2.20903873
v 1.48806834 0.48677674 2.20085239
v 1.44479632 0.42209405 2.22948313
v 1.44398427 0.44445682 2.22569346
v 1.44275928 0.46628538 2.21959352
v 1.44122636 0.48677674 2.21135974
v 1.39400649 0.48425052 2.2207129
v 1.39523339 0.46337396 2.22877264
v 1.34618068 0.48168197 2.22778225
v 1.39630532 0.44148859 2.23459864
v 1.34709311 0.46064705 2.23560166
v 1.29807091 0.47910076 2.23249435
v 1.39711761 0.41939735 2.23801398
v 1.34800386 0.43893164 2.2410872
v 1.29866076 0.45813423 2.2400074
v 1.25 0.47653669 2.23477602
v 1.39353251 0.50132513 2.21168947
v 1.34591758 0.49905604 2.21887636
v 1.34533048 0.51548427 2.20840979
v 1.297966 0.49663156 2.22381163
v 1.29769886 0.51340306 2.21341658
v 1.29726982 0.52895081 2.20162058
v 1.25 0.49408132 2.22642088
v 1.25 0.5110532 2.21620321
v 1.25 0.52698803 2.20443296
v 1.25 0.54142135 2.19142127
v 1.43919539 0.5061146 2.20078182
v 1.39130378 0.51992768 2.19938612
v 1.43656027 0.52458841 2.18785787
v 1.34322476 0.53308427 2.19453001
v 1.38873696 0.53730154 2.18498087
v 1.43355155 0.5415538 2.17307758
v 1.29560781 0.54528093 2.18631244
v 1.34104681 0.54909098 2.178792
v 1.38606226 0.5528025 2.16896343
v 1.43039966 0.55636632 2.15693021
v 1.38499463 0.56452167 2.15361547
v 1.34039605 0.5613423 2.16360426
v 1.33952761 0.57207596 2.14738417
v 1.29531288 0.55796289 2.1714294
v 1.29490924 0.56926537 2.15527987
v 1.29439688 0.57887787 2.1383276
v 1.25 0.55443239 2.17698717
v 1.25 0.56620216 2.16105223
v 1.25 0.57642019 2.14408088
v 1.25 0.58477592 2.12653661
v 1.42695785 0.56912994 2.13916087
v 1.38170123 0.57615256 2.13474369
v 1.42306471 0.58009964 2.11965871
v 1.33658373 0.58241844 2.12759137
v 1.37815881 0.5857656 2.11448908
v 1.41892755 0.58885753 2.0991292
v 1.29200363 0.58777618 2.11779475
v 1.33359361 0.59051919 2.10676551
v 1.37457526 0.59294295 2.09355688
v 1.41475463 0.5949856 2.07827735
v 1.37314439 0.59708345 2.07454062
v 1.33270049 0.59550494 2.0878315
v 1.33167005 0.59866107 2.06855679
v 1.29158759 0.5935474 2.09909463
v 1.29110289 0.59754324 2.07976866
v 1.29054928 0.59965461 2.06036377
v 1.25 0.59127283 2.10822201
v 1.25 0.59604847 2.08899617
v 1.25 0.59899396 2.06940651
v 1.25 0.60000002 2.04999995
v 1.41832018 0.59711087 2.066401
v 1.37686634 0.59865505 2.0626986
v 1.42170405 0.5986855 2.0543189
v 1.33559108 0.59963942 2.05679297
v 1.38052464 0.5996424 2.05069971
v 1.42492867 0.59966373 2.04213238
v 1.29471159 0.60000002 2.04872227
v 1.33956599 0.60000002 2.0449214
v 1.38414168 0.60000002 2.03864527
v 1.42801678 0.60000002 2.02994227
v 1.45517182 0.5949856 2.06923199
v 1.4584136 0.5971216 2.05712819
v 1.49514127 0.5949856 2.05814457
v 1.46143389 0.59869397 2.04488993
v 1.49802065 0.59711486 2.04587269
v 1.53452301 0.5949856 2.04510927
v 1.46425557 0.59965706 2.03261781
v 1.50063896 0.5986675 2.03353739
v 1.53700137 0.5970906 2.03272867
v 1.57317781 0.5949856 2.03022003
v 1.57966256 0.59710228 2.01568151
v 1.5436635 0.59865421 2.01838827
v 1.58580804 0.59867781 2.00086641
v 1.50749528 0.59963989 2.01942015
v 1.55008376 0.5996412 2.00378942
v 1.59162068 0.59966093 1.98586702
v 1.47132325 0.60000002 2.01874828
v 1.51420736 0.60000002 2.00506163
v 1.55626857 0.60000002 1.98902369
v 1.59710693 0.60000002 1.97077513
v 1.61105132 0.5949856 2.01345444
v 1.61704242 0.59711713 1.99849594
v 1.64809608 0.5949856 1.9947927
v 1.62265515 0.59869158 1.98332596
v 1.65355039 0.59711379 1.97947717
v 1.68418288 0.5949856 1.97433484
v 1.62789607 0.59965754 1.96803665
v 1.65858734 0.59866887 1.96401501
v 1.68905711 0.59709215 1.95872438
v 1.71918142 0.5949856 1.95217955
v 1.72743464 0.59709454 1.93343687
v 1.69753313 0.59865075 1.94024491
v 1.73510444 0.59867096 1.91433716
v 1.66729236 0.5996387 1.94584584
v 1.70551848 0.59963894 1.92141795
v 1.74221551 0.59965831 1.89498007
v 1.63683653 0.60000002 1.95022488
v 1.67559958 0.60000002 1.9273386
v 1.71303761 0.60000002 1.90234303
v 1.74879181 0.60000002 1.87546515
v 1.75304818 0.5949856 1.92833364
v 1.7605505 0.59711289 1.90903842
v 1.78574586 0.5949856 1.9028095
v 1.7674439 0.59868908 1.88945055
v 1.79245925 0.59711206 1.88303566
v 1.81715441 0.5949856 1.8757143
v 1.77375293 0.59965754 1.86966884
v 1.79853857 0.59866887 1.8630327
v 1.8230412 0.59709215 1.85553515
v 1.84715462 0.5949856 1.84715462
v 1.85553515 0.59709215 1.8230412
v 1.83168781 0.5986495 1.83168817
v 1.8630327 0.59866887 1.79853857
v 1.80745828 0.5996381 1.83953059
v 1.83953023 0.59963816 1.8074584
v 1.86966884 0.59965754 1.77375293
v 1.78295302 0.60000002 1.84659016
v 1.81565213 0.60000002 1.81565249
v 1.84658933 0.60000002 1.78295279
v 1.87546515 0.60000002 1.74879181
v 1.8757143 0.5949856 1.81715441
v 1.88303566 0.59711206 1.79245937
v 1.9028095 0.5949856 1.78574586
v 1.88945043 0.59868908 1.76744413
v 1.90903854 0.59711289 1.7605505
v 1.92833364 0.5949856 1.75304818
v 1.89498007 0.59965831 1.74221551
v 1.91433716 0.59867096 1.73510444
v 1.93343687 0.59709448 1.72743464
v 1.95217955 0.5949856 1.71918142
v 1.95872438 0.59709215 1.68905711
v 1.94024551 0.59865075 1.69753349
v 1.96401501 0.59866887 1.65858734
v 1.92141914 0.59963888 1.70551932
v 1.94584739 0.59963864 1.66729319
v 1.96803665 0.59965754 1.62789607
v 1.9023447 0.60000002 1.71303868
v 1.92734146 0.60000002 1.67560112
v 1.95022762 0.60000002 1.63683772
v 1.97077513 0.60000002 1.59710693
v 1.97433484 0.5949856 1.68418288
v 1.97947717 0.59711379 1.65355039
v 1.9947927 0.5949856 1.64809608
v 1.98332596 0.59869158 1.62265515
v 1.99849594 0.59711713 1.6170423
v 2.01345444 0.5949856 1.61105132
v 1.98586702 0.59966093 1.59162068
v 2.00086641 0.59867781 1.58580804
v 2.01568151 0.59710228 1.57966256
v 2.03022003 0.5949856 1.57317781
v 2.03272867 0.5970906 1.53700137
v 2.01838827 0.59865421 1.54366326
v 2.03353739 0.5986675 1.50063896
v 2.00378847 0.59964114 1.55008304
v 2.01942015 0.59963983 1.50749493
v 2.03261781 0.59965706 1.46425557
v 1.98902178 0.60000002 1.55626726
v 2.00506091 0.60000002 1.51420617
v 2.01874876 0.60000002 1.47132301
v 2.02994227 0.60000002 1.42801678
v 2.04510927 0.5949856 1.53452301
v 2.04587293 0.59711486 1.49802053
v 2.05814457 0.5949856 1.49514127
v 2.04488993 0.59869397 1.46143413
v 2.05712843 0.5971216 1.45841348
v 2.06923199 0.5949856 1.45517182
v 2.04213238 0.59966373 1.42492867
v 2.0543189 0.5986855 1.42170405
v 2.066401 0.59711087 1.41832018
v 2.07827735 0.5949856 1.41475463
v 2.07454062 0.59708345 1.37314439
v 2.06269836 0.59865505 1.37686622
v 2.06855679 0.59866107 1.33167005
v 2.05069923 0.5996424 1.3805244
v 2.05679274 0.59963942 1.33559096
v 2.06036377 0.59965461 1.29054928
v 2.03864431 0.60000002 1.38414121
v 2.04492044 0.60000002 1.33956552
v 2.04872179 0.60000002 1.29471159
v 2.04999995 0.60000002 1.25
v 2.09355688 0.59294295 1.37457526
v 2.0878315 0.59550488 1.33270049
v 2.10676551 0.59051919 1.33359361
v 2.07976842 0.59754312 1.29110277
v 2.09909439 0.59354717 1.29158759
v 2.11779475 0.58777618 1.29200363
v 2.06940651 0.59899384 1.25
v 2.08899593 0.59604818 1.25
v 2.10822201 0.59127235 1.25
v 2.12653661 0.58477592 1.25
v 2.0991292 0.58885753 1.41892755
v 2.11448908 0.5857656 1.37815881
v 2.11965871 0.58009964 1.42306471
v 2.12759137 0.58241844 1.33658385
v 2.13474369 0.57615256 1.38170123
v 2.13916087 0.56912994 1.42695785
v 2.1383276 0.57887787 1.29439676
v 2.14738417 0.57207596 1.33952761
v 2.15361547 0.56452167 1.38499463
v 2.15693021 0.55636632 1.43039966
v 2.16896343 0.5528025 1.38606226
v 2.16360402 0.56134224 1.34039605
v 2.178792 0.54909098 1.34104681
v 2.15527964 0.56926537 1.29490924
v 2.17142892 0.55796266 1.29531288
v 2.18631244 0.54528093 1.29560781
v 2.14408064 0.57642043 1.25
v 2.16105151 0.56620193 1.25
v 2.17698622 0.5544318 1.25
v 2.19142127 0.54142135 1.25
v 2.17307758 0.5415538 1.43355155
v 2.18498087 0.53730154 1.38873696
v 2.18785787 0.52458841 1.43656027
v 2.19453001 0.53308415 1.34322476
v 2.19938612 0.51992762 1.39130378
v 2.20078182 0.5061146 1.43919539
v 2.20162058 0.52895081 1.29726982
v 2.20840979 0.51548427 1.34533048
v 2.21168947 0.50132513 1.39353251
v 2.2188766 0.49905622 1.34591758
v 2.21341705 0.51340353 1.29769886
v 2.22381139 0.4966318 1.297966
v 2.20443344 0.52698898 1.25
v 2.21620321 0.51105404 1.25
v 2.22642064 0.49408156 1.25
v 1.25 0.41940641 2.24899387
v 1.25 0.40000001 2.25
v 1.29894638 0.40000001 2.24878144
v 1.25 0.43899614 2.24604821
v 1.29906225 0.41957265 2.2476995
v 1.34801364 0.40000001 2.24514961
v 1.25 0.45822197 2.24127269
v 1.29896712 0.43913317 2.24473834
v 1.34821987 0.41956967 2.24402785
v 1.39684653 0.40000001 2.23913908
v 2.19020987 0.50622809 1.48580313
v 2.17741251 0.50613892 1.53208649
v 2.17748117 0.52458847 1.48282957
v 2.16251993 0.50584698 1.57775307
v 2.16503167 0.52418315 1.52883708
v 2.16315556 0.54121351 1.4793787
v 2.09027433 0.58863795 1.46154499
v 2.11011004 0.58008373 1.46628642
v 2.09873462 0.57977128 1.50921381
v 2.1292603 0.56918716 1.47071576
v 2.11732507 0.56909615 1.51410818
v 2.10347414 0.56885695 1.55693078
v 2.14701939 0.55636632 1.47462451
v 2.13486671 0.55636632 1.5184139
v 2.12059045 0.55636632 1.56156301
v 2.10430956 0.55636632 1.60386658
v 2.07891178 0.58855742 1.50220656
v 2.08508968 0.57977331 1.54972661
v 2.065413 0.58862793 1.54216671
v 2.08758116 0.56910473 1.59690237
v 2.06921363 0.58007753 1.58928466
v 2.04987144 0.58884948 1.58128572
v 2.03290129 0.58863038 1.62140572
v 2.0514257 0.580073 1.62988257
v 2.03189468 0.57977128 1.66981137
v 2.06933451 0.56917328 1.63794136
v 2.04916143 0.56909317 1.67821479
v 2.02721071 0.56886446 1.71753931
v 2.0859623 0.55636632 1.64530957
v 2.06550646 0.55636632 1.68589079
v 2.04308939 0.55636632 1.72542679
v 2.01885819 0.55636632 1.7637347
v 2.01380968 0.58855444 1.65906143
v 2.01059914 0.57977563 1.70686591
v 1.99277306 0.58862638 1.69561553
v 2.00383282 0.56910545 1.75360894
v 1.98730958 0.58007586 1.74254549
v 1.96989083 0.58884633 1.7309382
v 1.94535387 0.58863187 1.76699841
v 1.96190012 0.5800736 1.77891064
v 1.93491101 0.57977772 1.81427217
v 1.97790766 0.56917465 1.79030991
v 1.95025063 0.56909704 1.82588625
v 1.92102253 0.56887269 1.86017036
v 1.99277425 0.55636632 1.80080128
v 1.96480584 0.55636632 1.83662295
v 1.93511426 0.55636632 1.871032
v 1.90386021 0.55636632 1.90386021
v 1.91927409 0.58855182 1.80021763
v 1.90678453 0.57976818 1.84649134
v 1.89151454 0.58862084 1.83198559
v 1.89103651 0.56908429 1.89103651
v 1.87697685 0.58005691 1.87697685
v 1.86218238 0.58883905 1.86218238
v 1.83110166 0.58864492 1.89271879
v 1.84498727 0.58007711 1.90766358
v 1.81165671 0.57980311 1.93706393
v 1.85846448 0.56916916 1.9219625
v 1.82443154 0.569107 1.95146394
v 1.78910565 0.56889772 1.97938013
v 1.871032 0.55636632 1.93511426
v 1.83662295 0.55636632 1.96480584
v 1.80080128 0.55636632 1.99277425
v 1.7637347 0.55636632 2.01885819
v 1.79904056 0.58856726 1.92023158
v 1.77776361 0.57979465 1.96320772
v 1.76561284 0.58863437 1.94599128
v 1.75360894 0.56910545 2.00383282
v 1.74254549 0.58007586 1.98730958
v 1.7309382 0.58884633 1.96989083
v 1.69453931 0.58863938 1.99373472
v 1.70521569 0.58007765 2.01113272
v 1.66683817 0.57978398 2.03345037
v 1.71564293 0.5691762 2.02778506
v 1.67653883 0.56909931 2.05007792
v 1.63648009 0.5688746 2.07056308
v 1.72542679 0.55636632 2.04308939
v 1.68589079 0.55636632 2.06550646
v 1.64530957 0.55636632 2.0859623
v 1.60386658 0.55636632 2.10430956
v 1.65774632 0.58856106 2.01446509
v 1.62851906 0.57978237 2.0524683
v 1.61995208 0.58863109 2.03321028
v 1.59690237 0.56910473 2.08758116
v 1.58928466 0.58007753 2.06921363
v 1.58128572 0.58884948 2.04987144
v 1.54093587 0.58863133 2.06620526
v 1.54802465 0.58007342 2.08533335
v 1.50603843 0.57977182 2.0997839
v 1.55499113 0.5691734 2.10368323
v 1.51229429 0.56909323 2.11794853
v 1.46901608 0.56886435 2.13025808
v 1.56156301 0.55636632 2.12059045
v 1.5184139 0.55636632 2.13486671
v 1.47462451 0.55636632 2.14701939
v 1.50082338 0.58856082 2.07934618
v 1.46479154 0.57978988 2.11092901
v 1.46010745 0.58863628 2.09035206
v 2.14565825 0.50613642 1.62100172
v 2.12614727 0.50625402 1.66468394
v 2.13347507 0.5246228 1.61597061
v 2.10453439 0.50616133 1.70759225
v 2.11421776 0.52463335 1.65933478
v 2.1195271 0.54158366 1.61019695
v 2.08100772 0.5058583 1.74946868
v 2.09300709 0.52422339 1.70199227
v 2.10083055 0.54126251 1.65312779
v 2.15040398 0.52419895 1.57292533
v 2.13626242 0.54125625 1.56746674
v 2.15084505 0.54113293 1.52379227
v 2.0800972 0.54115713 1.69428325
v 2.07007313 0.52420801 1.74237537
v 2.05728054 0.54126269 1.7342782
v 2.05605841 0.50612831 1.78859508
v 2.04508114 0.52461445 1.78129995
v 2.03252792 0.54157913 1.77293015
v 2.02844143 0.50624979 1.82767081
v 1.99891031 0.50616336 1.86556911
v 2.01778293 0.52462798 1.82010686
v 1.96769047 0.50586891 1.90206063
v 1.98871088 0.52422565 1.85782766
v 2.00586557 0.5412553 1.81139004
v 1.9775219 0.54116696 1.84772015
v 1.95834756 0.5242365 1.89296484
v 1.94735873 0.5412854 1.88249171
v 1.93554831 0.50616658 1.93554831
v 1.92622995 0.52466094 1.92622995
v 1.91553712 0.54161066 1.91553712
v 1.90081465 0.50627249 1.96845126
v 1.86444604 0.50617278 1.99985075
v 1.89185524 0.52464557 1.9589411
v 1.82667184 0.50586736 2.02952194
v 1.85593808 0.5242188 1.99024904
v 1.88184202 0.54124665 1.94806707
v 1.84693313 0.54115069 1.97814119
v 1.81927967 0.52420986 2.01875067
v 1.8105731 0.54126155 2.00634837
v 1.78859508 0.50612831 2.05605841
v 1.78129995 0.52461445 2.04508114
v 1.77293015 0.54157913 2.03252792
v 1.74811065 0.5062412 2.08154202
v 1.70632946 0.50614929 2.10526538
v 1.74119735 0.5246076 2.07047129
v 1.66350889 0.50585282 2.12703991
v 1.69985759 0.52419126 2.0942142
v 1.73348689 0.54121983 2.05789161
v 1.69338655 0.54113698 2.08058691
v 1.65835714 0.52420294 2.11503911
v 1.65222871 0.54125822 2.10118151
v 1.62100172 0.50613642 2.14565825
v 1.61597061 0.5246228 2.13347507
v 1.61019695 0.54158366 2.1195271
v 1.57631397 0.50624347 2.1627543
v 1.53070295 0.50613958 2.17785835
v 1.57166934 0.52461302 2.15053105
v 1.48446155 0.50582463 2.19084072
v 1.52649379 0.52418125 2.16572237
v 1.5665524 0.541233 2.1366601
v 1.52280319 0.5411303 2.15109372
v 1.48175728 0.52417517 2.17804265
v 1.47840142 0.54123724 2.16327262
v -1.25 0.58477592 2.12653661
v -0.62502348 0.59127307 2.10822225
v -1.25 0.59127283 2.10822201
v 0 0.59604877 2.08899641
v -1.25 0.59604847 2.08899617
v 0.62502348 0.59899408 2.06940651
v -1.25 0.59899396 2.06940651
v -1.25 0.60000002 2.04999995
v 0.62502348 0.55443251 2.17698741
v 0 0.56620216 2.16105247
v -0.62502348 0.57642001 2.14408112
v -1.25 0.57642019 2.14408088
v -1.25 0.56620216 2.16105223
v -1.25 0.55443239 2.17698717
v -1.25 0.54142135 2.19142127
v 0.62502348 0.49408102 2.22641993
v 0 0.51105273 2.21620226
v -0.62502348 0.52698755 2.20443249
v -1.25 0.52698803 2.20443296
v -1.25 0.5110532 2.21620321
v -1.25 0.49408132 2.22642088
v -1.25 0.47653669 2.23477602
v -1.25 0.40000001 2.25
v -0.62502348 0.41940653 2.24899387
v -1.25 0.41940641 2.24899387
v 0 0.43899655 2.24604893
v -1.25 0.43899614 2.24604821
v 0.62502348 0.45822245 2.24127293
v -1.25 0.45822197 2.24127269
v -2.04872179 0.60000002 1.29471159
v -2.04999995 0.60000002 1.25
v -2.06036377 0.59965461 1.29054928
v -2.04492044 0.60000002 1.33956552
v -2.05679274 0.59963942 1.33559084
v -2.06855679 0.59866107 1.33167005
v -2.03864431 0.60000002 1.38414121
v -2.05069923 0.5996424 1.3805244
v -2.06269836 0.59865499 1.37686634
v -2.07454062 0.59708345 1.37314439
v -2.02994227 0.60000002 1.42801678
v -2.04213238 0.59966373 1.42492867
v -2.0543189 0.5986855 1.42170405
v -2.066401 0.59711087 1.41832018
v -2.07827735 0.5949856 1.41475463
v -2.06940651 0.59899384 1.25
v -2.07976842 0.59754312 1.29110277
v -2.08899593 0.59604818 1.25
v -2.0878315 0.59550488 1.33270049
v -2.09909439 0.59354717 1.29158759
v -2.10822201 0.59127235 1.25
v -2.09355688 0.59294295 1.37457526
v -2.10676551 0.59051919 1.33359361
v -2.11779475 0.58777618 1.29200363
v -2.12653661 0.58477592 1.25
v -2.1383276 0.57887787 1.29439676
v -2.12759137 0.58241844 1.33658385
v -2.14738417 0.57207596 1.33952761
v -2.11448908 0.5857656 1.37815881
v -2.13474369 0.57615256 1.38170123
v -2.15361547 0.56452167 1.38499463
v -2.0991292 0.58885753 1.41892755
v -2.11965871 0.58009964 1.42306471
v -2.13916087 0.56912994 1.42695785
v -2.15693021 0.55636632 1.43039966
v -2.14408064 0.57642043 1.25
v -2.15527964 0.56926537 1.29490924
v -2.16105151 0.56620193 1.25
v -2.16360402 0.56134224 1.34039605
v -2.17142892 0.55796266 1.29531288
v -2.17698622 0.5544318 1.25
v -2.16896343 0.5528025 1.38606226
v -2.178792 0.54909098 1.34104681
v -2.18631244 0.54528093 1.29560781
v -2.19142127 0.54142135 1.25
v -2.20162058 0.52895081 1.29726982
v -2.19453001 0.53308415 1.34322476
v -2.20840979 0.51548427 1.34533048
v -2.18498087 0.53730154 1.38873696
v -2.19938612 0.51992762 1.39130378
v -2.21168947 0.50132513 1.39353251
v -2.17307758 0.5415538 1.43355155
v -2.18785787 0.52458841 1.43656027
v -2.20078182 0.5061146 1.43919539
v -2.21135974 0.48677674 1.44122636
v -2.20443344 0.52698898 1.25
v -2.21341705 0.51340359 1.29769886
v -2.21620321 0.51105404 1.25
v -2.2188766 0.49905628 1.34591758
v -2.22381139 0.49663186 1.297966
v -2.22642064 0.49408156 1.25
v -2.2207129 0.48425052 1.39400649
v -2.22778225 0.48168197 1.34618068
v -2.23249435 0.47910076 1.29807091
v -2.23477602 0.47653669 1.25
v -2.2400074 0.45813423 1.29866076
v -2.23560166 0.46064705 1.34709311
v -2.2410872 0.43893161 1.34800386
v -2.22877288 0.46337396 1.39523327
v -2.23459864 0.44148862 1.39630532
v -2.23801398 0.41939741 1.39711761
v -2.21959352 0.46628538 1.44275928
v -2.22569346 0.44445682 1.44398427
v -2.22948313 0.42209405 1.44479632
v -2.23078537 0.40000001 1.44509029
v -2.24127293 0.45822224 1.25
v -2.2447381 0.43913332 1.29896688
v -2.24604845 0.43899637 1.25
v -2.24402642 0.41956976 1.34821939
v -2.24769878 0.41957277 1.29906201
v -2.24899387 0.41940647 1.25
v -2.23913622 0.40000001 1.39684558
v -2.24514699 0.40000001 1.34801269
v -2.24878049 0.40000001 1.29894602
v -2.25 0.40000001 1.25
v -2.21888733 0.42209136 1.49197841
v -2.21510887 0.44416058 1.49132121
v -2.20204782 0.44434607 1.53827775
v -2.2090385 0.46599001 1.48998284
v -2.19605637 0.46593553 1.53682303
v -2.18077612 0.46612188 1.58298683
v -2.20085239 0.48677674 1.48806834
v -2.1879673 0.48677674 1.53452384
v -2.17283344 0.48677674 1.58029997
v -2.155581 0.48677674 1.62510395
v -2.22004414 0.40000001 1.49285865
v -2.20565915 0.42233014 1.53949916
v -2.20690823 0.40000001 1.5402739
v -2.18657255 0.44463491 1.58498001
v -2.190207 0.42232955 1.58634305
v -2.19148445 0.40000001 1.58699572
v -2.16329312 0.46627206 1.62829971
v -2.16904402 0.44444501 1.63068175
v -2.17263794 0.42208964 1.6321696
v -2.17387962 0.40000001 1.6326834
v -2.15305471 0.4220891 1.67634773
v -2.14945459 0.4441539 1.67499352
v -2.12750816 0.44434014 1.71847558
v -2.14374566 0.46598116 1.67251396
v -2.12189436 0.46592891 1.71589255
v -2.09792781 0.46611533 1.75817811
v -2.1361239 0.48677674 1.66898942
v -2.11441588 0.48677674 1.71203327
v -2.09064531 0.48677674 1.75397801
v -2.06500125 0.48677674 1.79456651
v -2.15402436 0.40000001 1.67743778
v -2.13081408 0.42232955 1.72038043
v -2.1318903 0.40000001 1.72137904
v -2.10322523 0.44463533 1.76127267
v -2.10652304 0.42233056 1.76331246
v -2.10764813 0.40000001 1.76419425
v -2.07194638 0.46627948 1.79922569
v -2.07712173 0.44445157 1.80268157
v -2.08035374 0.42209208 1.80483103
v -2.08146954 0.40000001 1.80557024
v -2.05253983 0.42211252 1.8443228
v -2.04927564 0.44416961 1.84230709
v -2.01925087 0.44436187 1.88063812
v -2.0441649 0.46599069 1.83877599
v -2.01426768 0.46593904 1.87704468
v -1.9824791 0.4661245 1.91380239
v -2.03738141 0.48677674 1.83383262
v -2.00770807 0.48677674 1.87183022
v -1.97620654 0.48677674 1.90832973
v -1.94310164 0.48677674 1.94310164
v -2.05326605 0.40000001 1.8455925
v -2.02212 0.4223358 1.88315809
v -2.02298594 0.40000001 1.88437307
v -1.9870621 0.44462645 1.91785502
v -1.98991251 0.42232555 1.920524
v -1.99085712 0.40000001 1.92163634
v -1.94896889 0.46624821 1.94896889
v -1.95337439 0.44442379 1.95337439
v -1.95614493 0.42208165 1.95614493
v -1.95710683 0.40000001 1.95710683
v -1.92115331 0.4220978 1.98948264
v -1.91834772 0.44415325 1.98686147
v -1.88145149 0.44435778 2.0186677
v -1.91401553 0.4659723 1.98237836
v -1.87726331 0.46593392 2.01414585
v -1.83894229 0.46613303 2.04404593
v -1.90832973 0.48677674 1.97620654
v -1.87183022 0.48677674 2.00770807
v -1.83383262 0.48677674 2.03738141
v -1.79456651 0.48677674 2.06500125
v -1.9216342 0.40000001 1.99085534
v -1.88376701 0.42233688 2.02165675
v -1.88437092 0.40000001 2.02298379
v -1.84265053 0.44464564 2.0488925
v -1.84490144 0.42233497 2.05202317
v -1.84559131 0.40000001 2.05326462
v -1.79922569 0.46627948 2.07194638
v -1.80268157 0.44445157 2.07712173
v -1.80483103 0.42209208 2.08035374
v -1.80557024 0.40000001 2.08146954
v -1.76397204 0.42211565 2.10615754
v -1.76174879 0.44417274 2.1030612
v -1.71933627 0.44437018 2.12702227
v -1.75838292 0.46599281 2.09783292
v -1.71612203 0.46594423 2.12179327
v -1.67270076 0.4661338 2.14363861
v -1.75397801 0.48677674 2.09064531
v -1.71203327 0.48677674 2.11441588
v -1.66898942 0.48677674 2.1361239
v -1.62510395 0.48677674 2.155581
v -1.76419473 0.40000001 2.10764837
v -1.72103012 0.42234427 2.13043523
v -1.7213794 0.40000001 2.13188982
v -1.67538571 0.44464487 2.14912534
v -1.67699146 0.42233559 2.15265203
v -1.67743766 0.40000001 2.15402365
v -1.62829971 0.46627206 2.16329312
v -1.63068175 0.44444501 2.16904402
v -1.6321696 0.42208964 2.17263794
v -1.6326834 0.40000001 2.17387962
v -1.58706069 0.42208147 2.19001961
v -1.58548093 0.44414634 2.18654227
v -1.5392046 0.4443199 2.20180798
v -1.58320045 0.46597609 2.18074846
v -1.53707755 0.46591625 2.19602823
v -1.49022341 0.46609256 2.20900249
v -1.58029997 0.48677674 2.17283344
v -1.53452384 0.48677674 2.1879673
v -1.48806834 0.48677674 2.20085239
v -1.44122636 0.48677674 2.21135974
v -1.58699608 0.40000001 2.19148445
v -1.54018736 0.42232323 2.20545459
v -1.54027402 0.40000001 2.20690632
v -1.49173903 0.44462597 2.21490526
v -1.49265218 0.42232743 2.2186439
v -1.49285841 0.40000001 2.22004128
v -1.44275928 0.46628538 2.21959352
v -1.44398427 0.44445682 2.22569346
v -1.44479632 0.42209405 2.22948313
v -1.44509029 0.40000001 2.23078537
v -1.39711761 0.41939735 2.23801398
v -1.39630532 0.44148859 2.23459864
v -1.34800386 0.43893164 2.2410872
v -1.39523339 0.46337396 2.22877264
v -1.34709311 0.46064705 2.23560166
v -1.29866076 0.45813423 2.2400074
v -1.39400649 0.48425052 2.2207129
v -1.34618068 0.48168197 2.22778225
v -1.29807091 0.47910076 2.23249435
v -1.39684653 0.40000001 2.23913908
v -1.34821987 0.41956967 2.24402761
v -1.34801364 0.40000001 2.24514961
v -1.29896712 0.4391332 2.24473834
v -1.29906225 0.41957268 2.24769974
v -1.29894638 0.40000001 2.24878144
v -1.29726982 0.52895081 2.20162058
v -1.29769886 0.51340306 2.21341658
v -1.34533048 0.51548427 2.20840979
v -1.29796588 0.49663156 2.22381139
v -1.34591746 0.49905604 2.21887636
v -1.39353251 0.50132513 2.21168947
v -1.29560781 0.54528093 2.18631244
v -1.34322476 0.53308427 2.19453001
v -1.34104681 0.54909098 2.178792
v -1.39130378 0.51992768 2.19938612
v -1.38873696 0.53730154 2.18498087
v -1.38606226 0.5528025 2.16896343
v -1.43919539 0.5061146 2.20078182
v -1.43656027 0.52458841 2.18785787
v -1.43355155 0.5415538 2.17307758
v -1.43039966 0.55636632 2.15693021
v -1.4793787 0.54121351 2.16315556
v -1.48282957 0.52458847 2.17748094
v -1.52883708 0.52418315 2.16503167
v -1.48580289 0.50622809 2.19020987
v -1.53208649 0.50613886 2.17741251
v -1.57775307 0.50584698 2.16251993
v -1.47462451 0.55636632 2.14701939
v -1.52379239 0.54113281 2.15084505
v -1.5184139 0.55636632 2.13486671
v -1.57292545 0.52419895 2.15040398
v -1.56746674 0.54125619 2.13626242
v -1.56156301 0.55636632 2.12059045
v -1.62100172 0.50613642 2.14565825
v -1.61597061 0.5246228 2.13347507
v -1.61019695 0.54158366 2.1195271
v -1.60386658 0.55636632 2.10430956
v -1.65312779 0.54126251 2.10083055
v -1.65933478 0.52463341 2.11421776
v -1.70199227 0.52422339 2.09300709
v -1.66468394 0.50625402 2.12614751
v -1.70759213 0.50616133 2.10453463
v -1.74946868 0.5058583 2.08100772
v -1.64530957 0.55636632 2.0859623
v -1.69428325 0.54115713 2.0800972
v -1.68589079 0.55636632 2.06550646
v -1.74237537 0.52420801 2.07007313
v -1.7342782 0.54126269 2.05728054
v -1.72542679 0.55636632 2.04308939
v -1.78859508 0.50612831 2.05605841
v -1.78129995 0.52461445 2.04508114
v -1.77293015 0.54157913 2.03252792
v -1.7637347 0.55636632 2.01885819
v -1.81139004 0.5412553 2.00586557
v -1.82010686 0.52462798 2.01778293
v -1.85782766 0.52422571 1.98871088
v -1.82767081 0.50624979 2.02844143
v -1.86556911 0.50616336 1.99891031
v -1.90206063 0.50586897 1.96769047
v -1.80080128 0.55636632 1.99277425
v -1.84772015 0.54116696 1.9775219
v -1.83662295 0.55636632 1.96480584
v -1.89296484 0.5242365 1.95834756
v -1.88249171 0.5412854 1.94735873
v -1.871032 0.55636632 1.93511426
v -1.93554831 0.50616658 1.93554831
v -1.92622995 0.52466094 1.92622995
v -1.91553712 0.54161066 1.91553712
v -1.90386021 0.55636632 1.90386021
v -1.94806707 0.54124665 1.88184202
v -1.95894122 0.52464557 1.89185512
v -1.99024904 0.5242188 1.8559382
v -1.96845126 0.50627249 1.90081477
v -1.99985075 0.50617278 1.86444604
v -2.02952194 0.50586736 1.82667184
v -1.93511426 0.55636632 1.871032
v -1.97814119 0.54115069 1.84693313
v -1.96480584 0.55636632 1.83662295
v -2.01875067 0.52420986 1.81927967
v -2.00634837 0.54126155 1.8105731
v -1.99277425 0.55636632 1.80080128
v -2.05605841 0.50612831 1.78859508
v -2.04508114 0.52461445 1.78129995
v -2.03252792 0.54157913 1.77293015
v -2.01885819 0.55636632 1.7637347
v -2.05789161 0.54121983 1.73348689
v -2.07047105 0.5246076 1.74119723
v -2.0942142 0.52419126 1.69985759
v -2.08154202 0.5062412 1.74811065
v -2.10526538 0.50614941 1.70632935
v -2.12703991 0.50585282 1.66350889
v -2.04308939 0.55636632 1.72542679
v -2.08058691 0.54113698 1.69338655
v -2.06550646 0.55636632 1.68589079
v -2.11503911 0.52420294 1.65835714
v -2.10118151 0.54125822 1.65222871
v -2.0859623 0.55636632 1.64530957
v -2.14565825 0.50613642 1.62100172
v -2.13347507 0.5246228 1.61597061
v -2.1195271 0.54158366 1.61019695
v -2.10430956 0.55636632 1.60386658
v -2.1366601 0.541233 1.5665524
v -2.15053105 0.52461302 1.57166934
v -2.16572237 0.52418125 1.52649379
v -2.16275406 0.50624347 1.57631397
v -2.17785788 0.50613958 1.53070295
v -2.19084072 0.50582463 1.48446155
v -2.12059045 0.55636632 1.56156301
v -2.15109372 0.5411303 1.52280319
v -2.13486671 0.55636632 1.5184139
v -2.17804265 0.52417517 1.48175728
v -2.16327262 0.54123724 1.47840142
v -2.14701939 0.55636632 1.47462451
v -1.29439688 0.57887787 2.1383276
v -1.29490924 0.56926537 2.15527987
v -1.33952761 0.57207596 2.14738417
v -1.29531288 0.55796283 2.1714294
v -1.34039593 0.5613423 2.16360426
v -1.38499463 0.56452167 2.15361547
v -1.29200363 0.58777618 2.11779475
v -1.33658373 0.58241844 2.12759137
v -1.33359361 0.59051919 2.10676551
v -1.38170123 0.57615256 2.13474369
v -1.37815881 0.5857656 2.11448908
v -1.37457526 0.59294295 2.09355688
v -1.42695785 0.56912994 2.13916087
v -1.42306471 0.58009964 2.11965871
v -1.41892755 0.58885753 2.0991292
v -1.41475463 0.5949856 2.07827735
v -1.46154499 0.58863795 2.09027433
v -1.46628642 0.58008373 2.11011004
v -1.50921381 0.57977128 2.09873462
v -1.47071576 0.56918716 2.1292603
v -1.51410818 0.56909615 2.11732507
v -1.55693078 0.56885695 2.10347414
v -1.45517182 0.5949856 2.06923199
v -1.50220656 0.58855742 2.07891178
v -1.49514127 0.5949856 2.05814457
v -1.54972661 0.57977331 2.08508968
v -1.54216671 0.58862793 2.065413
v -1.53452301 0.5949856 2.04510927
v -1.59690237 0.56910473 2.08758116
v -1.58928466 0.58007753 2.06921363
v -1.58128572 0.58884948 2.04987144
v -1.57317781 0.5949856 2.03022003
v -1.62140572 0.58863038 2.03290129
v -1.62988257 0.580073 2.0514257
v -1.66981137 0.57977128 2.03189468
v -1.63794136 0.56917328 2.06933451
v -1.67821479 0.56909317 2.04916143
v -1.71753931 0.56886446 2.02721071
v -1.61105132 0.5949856 2.01345444
v -1.65906143 0.58855444 2.01380968
v -1.64809608 0.5949856 1.9947927
v -1.70686591 0.57977563 2.01059914
v -1.69561553 0.58862638 1.99277306
v -1.68418288 0.5949856 1.97433484
v -1.75360894 0.56910545 2.00383282
v -1.74254549 0.58007586 1.98730958
v -1.7309382 0.58884633 1.96989083
v -1.71918142 0.5949856 1.95217955
v -1.76699841 0.58863187 1.94535387
v -1.77891064 0.5800736 1.96190012
v -1.81427217 0.57977772 1.93491101
v -1.79030991 0.56917465 1.97790766
v -1.82588625 0.56909704 1.95025063
v -1.86017036 0.56887269 1.92102253
v -1.75304818 0.5949856 1.92833364
v -1.80021763 0.58855182 1.91927409
v -1.78574586 0.5949856 1.9028095
v -1.84649134 0.57976818 1.90678453
v -1.83198559 0.58862084 1.89151454
v -1.81715441 0.5949856 1.8757143
v -1.89103651 0.56908429 1.89103651
v -1.87697685 0.58005691 1.87697685
v -1.86218238 0.58883905 1.86218238
v -1.84715462 0.5949856 1.84715462
v -1.89271879 0.58864492 1.83110166
v -1.90766358 0.58007711 1.84498727
v -1.93706393 0.57980311 1.81165671
v -1.9219625 0.56916916 1.85846448
v -1.95146394 0.569107 1.82443154
v -1.97938013 0.56889772 1.78910565
v -1.8757143 0.5949856 1.81715441
v -1.92023158 0.58856726 1.79904056
v -1.9028095 0.5949856 1.78574586
v -1.96320772 0.57979465 1.77776361
v -1.94599128 0.58863437 1.76561284
v -1.92833364 0.5949856 1.75304818
v -2.00383282 0.56910545 1.75360894
v -1.98730958 0.58007586 1.74254549
v -1.96989083 0.58884633 1.7309382
v -1.95217955 0.5949856 1.71918142
v -1.99373472 0.58863938 1.69453931
v -2.01113272 0.58007765 1.70521569
v -2.03345037 0.57978398 1.66683817
v -2.02778506 0.5691762 1.71564293
v -2.05007792 0.56909931 1.67653883
v -2.07056308 0.5688746 1.63648009
v -1.97433484 0.5949856 1.68418288
v -2.01446509 0.58856106 1.65774632
v -1.9947927 0.5949856 1.64809608
v -2.0524683 0.57978237 1.62851906
v -2.03321028 0.58863109 1.61995208
v -2.01345444 0.5949856 1.61105132
v -2.08758116 0.56910473 1.59690237
v -2.06921363 0.58007753 1.58928466
v -2.04987144 0.58884948 1.58128572
v -2.03022003 0.5949856 1.57317781
v -2.06620526 0.58863133 1.54093587
v -2.08533335 0.58007342 1.54802465
v -2.0997839 0.57977182 1.50603843
v -2.10368323 0.5691734 1.55499113
v -2.11794853 0.56909323 1.51229429
v -2.13025808 0.56886435 1.46901608
v -2.04510927 0.5949856 1.53452301
v -2.07934618 0.58856082 1.50082338
v -2.05814457 0.5949856 1.49514127
v -2.11092901 0.57978988 1.46479154
v -2.09035206 0.58863628 1.46010745
v -2.06923199 0.5949856 1.45517182
v -1.29054928 0.59965461 2.06036377
v -1.29110289 0.59754324 2.07976866
v -1.33167005 0.59866107 2.06855679
v -1.29158759 0.5935474 2.09909463
v -1.33270049 0.59550488 2.0878315
v -1.37314439 0.59708345 2.07454062
v -1.29471159 0.60000002 2.04872227
v -1.33559108 0.59963942 2.05679297
v -1.33956599 0.60000002 2.0449214
v -1.37686634 0.59865505 2.0626986
v -1.38052464 0.5996424 2.05069971
v -1.38414168 0.60000002 2.03864527
v -1.41832018 0.59711087 2.066401
v -1.42170405 0.5986855 2.0543189
v -1.42492867 0.59966373 2.04213238
v -1.42801678 0.60000002 2.02994227
v -1.46425557 0.59965706 2.03261781
v -1.46143389 0.59869397 2.04488993
v -1.50063896 0.5986675 2.03353739
v -1.4584136 0.5971216 2.05712819
v -1.49802065 0.59711486 2.04587269
v -1.53700137 0.5970906 2.03272867
v -1.47132325 0.60000002 2.01874828
v -1.50749528 0.59963989 2.01941991
v -1.51420736 0.60000002 2.00506163
v -1.5436635 0.59865421 2.01838827
v -1.55008376 0.5996412 2.00378942
v -1.55626857 0.60000002 1.98902369
v -1.57966256 0.59710228 2.01568151
v -1.58580804 0.59867781 2.00086641
v -1.59162068 0.59966093 1.98586702
v -1.59710693 0.60000002 1.97077513
v -1.62789607 0.59965754 1.96803665
v -1.62265515 0.59869158 1.98332596
v -1.65858734 0.59866887 1.96401501
v -1.61704242 0.59711713 1.99849594
v -1.65355039 0.59711379 1.97947717
v -1.68905711 0.59709215 1.95872438
v -1.63683653 0.60000002 1.95022488
v -1.66729236 0.5996387 1.94584584
v -1.67559958 0.60000002 1.9273386
v -1.69753313 0.59865075 1.94024491
v -1.70551848 0.59963894 1.92141795
v -1.71303761 0.60000002 1.90234303
v -1.72743464 0.59709454 1.93343687
v -1.73510444 0.59867096 1.91433716
v -1.74221551 0.59965831 1.89498007
v -1.74879181 0.60000002 1.87546515
v -1.77375293 0.59965754 1.86966884
v -1.7674439 0.59868908 1.88945055
v -1.79853857 0.59866887 1.8630327
v -1.7605505 0.59711289 1.90903842
v -1.79245925 0.59711206 1.88303566
v -1.8230412 0.59709215 1.85553515
v -1.78295302 0.60000002 1.84659016
v -1.80745828 0.59963816 1.83953059
v -1.81565213 0.60000002 1.81565249
v -1.83168781 0.5986495 1.83168817
v -1.83953023 0.59963816 1.8074584
v -1.84658933 0.60000002 1.78295279
v -1.85553515 0.59709215 1.8230412
v -1.8630327 0.59866887 1.79853857
v -1.86966884 0.59965754 1.77375293
v -1.87546515 0.60000002 1.74879181
v -1.89498007 0.59965831 1.74221551
v -1.88945043 0.59868908 1.76744413
v -1.91433716 0.59867096 1.73510444
v -1.88303566 0.59711206 1.79245937
v -1.90903854 0.59711289 1.7605505
v -1.93343687 0.59709448 1.72743464
v -1.9023447 0.60000002 1.71303868
v -1.92141914 0.59963894 1.70551932
v -1.92734146 0.60000002 1.67560112
v -1.94024551 0.59865075 1.69753349
v -1.94584739 0.59963864 1.66729331
v -1.95022762 0.60000002 1.63683772
v -1.95872438 0.59709215 1.68905711
v -1.96401501 0.59866887 1.65858734
v -1.96803665 0.59965754 1.62789607
v -1.97077513 0.60000002 1.59710693
v -1.98586702 0.59966093 1.59162068
v -1.98332596 0.59869158 1.62265515
v -2.00086641 0.59867781 1.58580804
v -1.97947717 0.59711379 1.65355039
v -1.99849594 0.59711713 1.6170423
v -2.01568151 0.59710228 1.57966256
v -1.98902178 0.60000002 1.55626726
v -2.00378847 0.5996412 1.55008304
v -2.00506091 0.60000002 1.51420617
v -2.01838827 0.59865427 1.54366326
v -2.01942015 0.59963989 1.50749493
v -2.01874876 0.60000002 1.47132301
v -2.03272867 0.5970906 1.53700137
v -2.03353739 0.5986675 1.50063896
v -2.03261781 0.59965706 1.46425557
v -2.04488993 0.59869397 1.46143413
v -2.04587293 0.59711486 1.49802053
v -2.05712843 0.5971216 1.45841348
v -2.12653661 0.58477592 -1.25
v -2.10822225 0.59127307 -0.62502348
v -2.10822201 0.59127235 -1.25
v -2.08899641 0.59604877 0
v -2.08899593 0.59604818 -1.25
v -2.06940651 0.59899408 0.62502348
v -2.06940651 0.59899384 -1.25
v -2.04999995 0.60000002 -1.25
v -2.17698741 0.55443251 0.62502348
v -2.16105247 0.56620216 0
v -2.14408112 0.57642001 -0.62502348
v -2.14408064 0.57642043 -1.25
v -2.16105151 0.56620193 -1.25
v -2.17698622 0.5544318 -1.25
v -2.19142127 0.54142135 -1.25
v -2.22641993 0.49408102 0.62502348
v -2.21620226 0.51105273 0
v -2.20443249 0.52698755 -0.62502348
v -2.20443344 0.52698898 -1.25
v -2.21620321 0.51105404 -1.25
v -2.22642064 0.49408156 -1.25
v -2.23477602 0.47653669 -1.25
v -2.25 0.40000001 -1.25
v -2.24899387 0.41940653 -0.62502348
v -2.24899387 0.41940647 -1.25
v -2.24604893 0.43899655 0
v -2.24604845 0.43899637 -1.25
v -2.24127293 0.45822245 0.62502348
v -2.24127293 0.45822224 -1.25
v -1.29471159 0.60000002 -2.04872227
v -1.25 0.60000002 -2.04999995
v -1.29054928 0.59965461 -2.06036377
v -1.33956599 0.60000002 -2.0449214
v -1.33559108 0.59963942 -2.05679297
v -1.33167005 0.59866107 -2.06855679
v -1.38414168 0.60000002 -2.03864527
v -1.38052464 0.5996424 -2.05069971
v -1.37686646 0.59865499 -2.0626986
v -1.37314439 0.59708345 -2.07454062
v -1.42801678 0.60000002 -2.02994227
v -1.42492867 0.59966373 -2.04213238
v -1.42170405 0.5986855 -2.0543189
v -1.41832018 0.59711087 -2.066401
v -1.41475463 0.5949856 -2.07827735
v -1.25 0.59899396 -2.06940651
v -1.29110277 0.59754324 -2.07976842
v -1.25 0.59604847 -2.08899617
v -1.33270049 0.59550494 -2.0878315
v -1.29158759 0.5935474 -2.09909463
v -1.25 0.59127283 -2.10822201
v -1.37457526 0.59294295 -2.09355688
v -1.33359361 0.59051919 -2.10676551
v -1.29200363 0.58777618 -2.11779475
v -1.25 0.58477592 -2.12653661
v -1.29439676 0.57887787 -2.1383276
v -1.33658385 0.58241844 -2.12759137
v -1.33952761 0.57207596 -2.14738417
v -1.37815881 0.5857656 -2.11448908
v -1.38170123 0.57615256 -2.13474369
v -1.38499463 0.56452167 -2.15361547
v -1.41892755 0.58885753 -2.0991292
v -1.42306471 0.58009964 -2.11965871
v -1.42695785 0.56912994 -2.13916087
v -1.43039966 0.55636632 -2.15693021
v -1.25 0.57642019 -2.14408088
v -1.29490924 0.56926537 -2.15527987
v -1.25 0.56620216 -2.16105223
v -1.34039605 0.56134236 -2.16360426
v -1.29531288 0.55796283 -2.1714294
v -1.25 0.55443239 -2.17698717
v -1.38606226 0.5528025 -2.16896343
v -1.34104681 0.54909098 -2.178792
v -1.29560781 0.54528093 -2.18631244
v -1.25 0.54142135 -2.19142127
v -1.29726982 0.52895081 -2.20162058
v -1.34322476 0.53308415 -2.19453001
v -1.34533048 0.51548427 -2.20840979
v -1.38873696 0.53730154 -2.18498087
v -1.39130378 0.51992762 -2.19938612
v -1.39353251 0.50132513 -2.21168947
v -1.43355155 0.5415538 -2.17307758
v -1.43656027 0.52458841 -2.18785787
v -1.43919539 0.5061146 -2.20078182
v -1.44122636 0.48677674 -2.21135974
v -1.25 0.52698803 -2.20443296
v -1.29769886 0.513403 -2.21341681
v -1.25 0.5110532 -2.21620321
v -1.34591758 0.49905604 -2.2188766
v -1.297966 0.49663156 -2.22381163
v -1.25 0.49408132 -2.22642088
v -1.39400649 0.48425052 -2.2207129
v -1.34618068 0.48168197 -2.22778225
v -1.29807091 0.47910076 -2.23249435
v -1.25 0.47653669 -2.23477602
v -1.29866076 0.45813423 -2.2400074
v -1.34709311 0.46064705 -2.23560166
v -1.34800386 0.43893161 -2.2410872
v -1.39523327 0.46337396 -2.22877288
v -1.39630532 0.44148862 -2.23459864
v -1.39711761 0.41939741 -2.23801398
v -1.44275928 0.46628538 -2.21959352
v -1.44398427 0.44445682 -2.22569346
v -1.44479632 0.42209405 -2.22948313
v -1.44509029 0.40000001 -2.23078537
v -1.25 0.45822197 -2.24127269
v -1.29896712 0.43913317 -2.24473834
v -1.25 0.43899614 -2.24604821
v -1.34821987 0.41956967 -2.24402761
v -1.29906225 0.41957268 -2.24769974
v -1.25 0.41940641 -2.24899387
v -1.39684653 0.40000001 -2.23913908
v -1.34801364 0.40000001 -2.24514961
v -1.29894638 0.40000001 -2.24878144
v -1.25 0.40000001 -2.25
v -1.49197841 0.42209136 -2.21888733
v -1.49132121 0.44416058 -2.21510887
v -1.53827775 0.44434607 -2.20204782
v -1.48998284 0.46599001 -2.2090385
v -1.53682303 0.46593553 -2.19605637
v -1.58298683 0.46612188 -2.18077612
v -1.48806834 0.48677674 -2.20085239
v -1.53452384 0.48677674 -2.1879673
v -1.58029997 0.48677674 -2.17283344
v -1.62510395 0.48677674 -2.155581
v -1.49285841 0.40000001 -2.22004128
v -1.53949904 0.42233014 -2.20565748
v -1.54027402 0.40000001 -2.20690632
v -1.58498001 0.44463491 -2.18657184
v -1.58634329 0.42232955 -2.19020653
v -1.58699608 0.40000001 -2.19148445
v -1.62829971 0.46627206 -2.16329312
v -1.63068175 0.44444501 -2.16904402
v -1.6321696 0.42208964 -2.17263794
v -1.6326834 0.40000001 -2.17387962
v -1.67634773 0.42208904 -2.15305471
v -1.6749934 0.4441539 -2.14945459
v -1.71847558 0.44434014 -2.12750816
v -1.67251396 0.46598116 -2.14374566
v -1.71589255 0.46592891 -2.12189436
v -1.75817811 0.46611536 -2.09792781
v -1.66898942 0.48677674 -2.1361239
v -1.71203327 0.48677674 -2.11441588
v -1.75397801 0.48677674 -2.09064531
v -1.79456651 0.48677674 -2.06500125
v -1.67743766 0.40000001 -2.15402365
v -1.72038043 0.42232955 -2.1308136
v -1.7213794 0.40000001 -2.13188982
v -1.76127267 0.44463533 -2.10322523
v -1.76331258 0.42233056 -2.10652328
v -1.76419473 0.40000001 -2.10764837
v -1.79922569 0.46627948 -2.07194638
v -1.80268157 0.44445157 -2.07712173
v -1.80483103 0.42209208 -2.08035374
v -1.80557024 0.40000001 -2.08146954
v -1.8443228 0.42211252 -2.05253983
v -1.84230709 0.44416958 -2.04927564
v -1.88063812 0.44436187 -2.01925087
v -1.83877599 0.46599069 -2.0441649
v -1.87704468 0.46593904 -2.01426768
v -1.91380239 0.4661245 -1.9824791
v -1.83383262 0.48677674 -2.03738141
v -1.87183022 0.48677674 -2.00770807
v -1.90832973 0.48677674 -1.97620654
v -1.94310164 0.48677674 -1.94310164
v -1.84559131 0.40000001 -2.05326462
v -1.88315725 0.4223358 -2.02211905
v -1.88437092 0.40000001 -2.02298379
v -1.91785431 0.44462645 -1.9870615
v -1.92052269 0.42232555 -1.98991132
v -1.9216342 0.40000001 -1.99085534
v -1.94896889 0.46624821 -1.94896889
v -1.95337439 0.44442379 -1.95337439
v -1.95614493 0.42208165 -1.95614493
v -1.95710683 0.40000001 -1.95710683
v -1.98948264 0.4220978 -1.92115331
v -1.98686147 0.44415325 -1.91834772
v -2.0186677 0.44435778 -1.88145149
v -1.98237836 0.4659723 -1.91401553
v -2.01414585 0.46593392 -1.87726331
v -2.04404593 0.46613303 -1.83894229
v -1.97620654 0.48677674 -1.90832973
v -2.00770807 0.48677674 -1.87183022
v -2.03738141 0.48677674 -1.83383262
v -2.06500125 0.48677674 -1.79456651
v -1.99085712 0.40000001 -1.92163634
v -2.02165794 0.42233688 -1.88376832
v -2.02298594 0.40000001 -1.88437307
v -2.04889297 0.44464564 -1.84265113
v -2.05202413 0.42233497 -1.84490228
v -2.05326605 0.40000001 -1.8455925
v -2.07194638 0.46627948 -1.79922569
v -2.07712173 0.44445157 -1.80268157
v -2.08035374 0.42209208 -1.80483103
v -2.08146954 0.40000001 -1.80557024
v -2.10615754 0.42211562 -1.76397204
v -2.1030612 0.44417274 -1.76174879
v -2.12702227 0.44437018 -1.71933627
v -2.09783292 0.46599278 -1.75838292
v -2.12179327 0.46594423 -1.71612203
v -2.14363861 0.4661338 -1.67270076
v -2.09064531 0.48677674 -1.75397801
v -2.11441588 0.48677674 -1.71203327
v -2.1361239 0.48677674 -1.66898942
v -2.155581 0.48677674 -1.62510395
v -2.10764813 0.40000001 -1.76419425
v -2.13043523 0.42234427 -1.72103
v -2.1318903 0.40000001 -1.72137904
v -2.14912534 0.44464487 -1.67538559
v -2.15265226 0.42233559 -1.67699146
v -2.15402436 0.40000001 -1.67743778
v -2.16329312 0.46627206 -1.62829971
v -2.16904402 0.44444501 -1.63068175
v -2.17263794 0.42208964 -1.6321696
v -2.17387962 0.40000001 -1.6326834
v -2.19001961 0.42208147 -1.58706069
v -2.18654227 0.44414634 -1.58548093
v -2.20180798 0.4443199 -1.5392046
v -2.18074846 0.46597609 -1.58320045
v -2.19602823 0.46591625 -1.53707755
v -2.20900249 0.46609256 -1.49022341
v -2.17283344 0.48677674 -1.58029997
v -2.1879673 0.48677674 -1.53452384
v -2.20085239 0.48677674 -1.48806834
v -2.21135974 0.48677674 -1.44122636
v -2.19148445 0.40000001 -1.58699572
v -2.20545506 0.42232323 -1.54018724
v -2.20690823 0.40000001 -1.5402739
v -2.21490574 0.44462597 -1.4917388
v -2.21864533 0.42232743 -1.49265218
v -2.22004414 0.40000001 -1.49285865
v -2.21959352 0.46628538 -1.44275928
v -2.22569346 0.44445682 -1.44398427
v -2.22948313 0.42209405 -1.44479632
v -2.23078537 0.40000001 -1.44509029
v -2.23801398 0.41939741 -1.39711761
v -2.23459864 0.44148859 -1.39630532
v -2.2410872 0.43893161 -1.34800386
v -2.22877264 0.46337396 -1.39523339
v -2.23560166 0.46064705 -1.34709311
v -2.2400074 0.45813423 -1.29866076
v -2.2207129 0.48425052 -1.39400649
v -2.22778225 0.48168197 -1.34618068
v -2.23249435 0.47910076 -1.29807091
v -2.23913622 0.40000001 -1.39684558
v -2.24402642 0.41956976 -1.34821939
v -2.24514699 0.40000001 -1.34801269
v -2.2447381 0.43913329 -1.29896688
v -2.24769878 0.41957277 -1.29906201
v -2.24878049 0.40000001 -1.29894602
v -2.20162058 0.52895081 -1.29726982
v -2.21341705 0.51340353 -1.29769886
v -2.20840979 0.51548427 -1.34533048
v -2.22381139 0.49663183 -1.29796588
v -2.21887636 0.49905622 -1.34591746
v -2.21168947 0.50132513 -1.39353251
v -2.18631244 0.54528093 -1.29560781
v -2.19453001 0.53308427 -1.34322476
v -2.178792 0.54909098 -1.34104681
v -2.19938612 0.51992768 -1.39130378
v -2.18498087 0.53730154 -1.38873696
v -2.16896343 0.5528025 -1.38606226
v -2.20078182 0.5061146 -1.43919539
v -2.18785787 0.52458841 -1.43656027
v -2.17307758 0.5415538 -1.43355155
v -2.15693021 0.55636632 -1.43039966
v -2.16315556 0.54121351 -1.4793787
v -2.17748094 0.52458847 -1.48282957
v -2.16503167 0.52418315 -1.52883708
v -2.19020987 0.50622809 -1.48580289
v -2.17741251 0.50613886 -1.53208649
v -2.16251993 0.50584698 -1.57775307
v -2.14701939 0.55636632 -1.47462451
v -2.15084505 0.54113281 -1.52379239
v -2.13486671 0.55636632 -1.5184139
v -2.15040398 0.52419895 -1.57292545
v -2.13626242 0.54125619 -1.56746674
v -2.12059045 0.55636632 -1.56156301
v -2.14565825 0.50613642 -1.62100172
v -2.13347507 0.5246228 -1.61597061
v -2.1195271 0.54158366 -1.61019695
v -2.10430956 0.55636632 -1.60386658
v -2.10083055 0.54126251 -1.65312779
v -2.11421776 0.52463341 -1.65933478
v -2.09300709 0.52422339 -1.70199227
v -2.12614751 0.50625402 -1.66468394
v -2.10453463 0.50616133 -1.70759213
v -2.08100772 0.5058583 -1.74946868
v -2.0859623 0.55636632 -1.64530957
v -2.0800972 0.54115713 -1.69428325
v -2.06550646 0.55636632 -1.68589079
v -2.07007313 0.52420801 -1.74237537
v -2.05728054 0.54126269 -1.7342782
v -2.04308939 0.55636632 -1.72542679
v -2.05605841 0.50612831 -1.78859508
v -2.04508114 0.52461445 -1.78129995
v -2.03252792 0.54157913 -1.77293015
v -2.01885819 0.55636632 -1.7637347
v -2.00586557 0.5412553 -1.81139004
v -2.01778293 0.52462798 -1.82010686
v -1.98871088 0.52422571 -1.85782766
v -2.02844143 0.50624979 -1.82767081
v -1.99891031 0.50616336 -1.86556911
v -1.96769047 0.50586897 -1.90206063
v -1.99277425 0.55636632 -1.80080128
v -1.9775219 0.54116696 -1.84772015
v -1.96480584 0.55636632 -1.83662295
v -1.95834756 0.5242365 -1.89296484
v -1.94735873 0.5412854 -1.88249171
v -1.93511426 0.55636632 -1.871032
v -1.93554831 0.50616658 -1.93554831
v -1.92622995 0.52466094 -1.92622995
v -1.91553712 0.54161066 -1.91553712
v -1.90386021 0.55636632 -1.90386021
v -1.88184202 0.54124665 -1.94806707
v -1.89185512 0.52464557 -1.95894122
v -1.85593808 0.5242188 -1.99024904
v -1.90081477 0.50627249 -1.96845126
v -1.86444604 0.50617278 -1.99985075
v -1.82667184 0.50586736 -2.02952194
v -1.871032 0.55636632 -1.93511426
v -1.84693313 0.54115069 -1.97814119
v -1.83662295 0.55636632 -1.96480584
v -1.81927967 0.52420986 -2.01875067
v -1.8105731 0.54126155 -2.00634837
v -1.80080128 0.55636632 -1.99277425
v -1.78859508 0.50612831 -2.05605841
v -1.78129995 0.52461445 -2.04508114
v -1.77293015 0.54157913 -2.03252792
v -1.7637347 0.55636632 -2.01885819
v -1.73348689 0.54121989 -2.05789161
v -1.74119723 0.5246076 -2.07047105
v -1.69985759 0.52419126 -2.0942142
v -1.74811065 0.5062412 -2.08154202
v -1.70632935 0.50614941 -2.10526538
v -1.66350889 0.50585282 -2.12703991
v -1.72542679 0.55636632 -2.04308939
v -1.69338655 0.54113698 -2.08058691
v -1.68589079 0.55636632 -2.06550646
v -1.65835714 0.52420294 -2.11503911
v -1.65222871 0.54125822 -2.10118151
v -1.64530957 0.55636632 -2.0859623
v -1.62100172 0.50613642 -2.14565825
v -1.61597061 0.5246228 -2.13347507
v -1.61019695 0.54158366 -2.1195271
v -1.60386658 0.55636632 -2.10430956
v -1.5665524 0.541233 -2.1366601
v -1.57166934 0.52461302 -2.15053105
v -1.52649379 0.52418125 -2.16572237
v -1.57631397 0.50624347 -2.16275406
v -1.53070295 0.50613958 -2.17785788
v -1.48446155 0.50582463 -2.19084072
v -1.56156301 0.55636632 -2.12059045
v -1.52280319 0.5411303 -2.15109372
v -1.5184139 0.55636632 -2.13486671
v -1.48175728 0.52417517 -2.17804265
v -1.47840142 0.54123724 -2.16327262
v -1.47462451 0.55636632 -2.14701939
v -2.1383276 0.57887787 -1.29439676
v -2.15527964 0.56926537 -1.29490924
v -2.14738417 0.57207596 -1.33952761
v -2.17142916 0.55796266 -1.29531288
v -2.16360426 0.56134224 -1.34039593
v -2.15361547 0.56452167 -1.38499463
v -2.11779475 0.58777618 -1.29200363
v -2.12759137 0.58241844 -1.33658373
v -2.10676551 0.59051919 -1.33359361
v -2.13474369 0.57615256 -1.38170123
v -2.11448908 0.5857656 -1.37815881
v -2.09355688 0.59294295 -1.37457526
v -2.13916087 0.56912994 -1.42695785
v -2.11965871 0.58009964 -1.42306471
v -2.0991292 0.58885753 -1.41892755
v -2.07827735 0.5949856 -1.41475463
v -2.09027433 0.58863795 -1.46154499
v -2.11011004 0.58008373 -1.46628642
v -2.09873462 0.57977128 -1.50921381
v -2.1292603 0.56918716 -1.47071576
v -2.11732507 0.56909615 -1.51410818
v -2.10347414 0.56885695 -1.55693078
v -2.06923199 0.5949856 -1.45517182
v -2.07891178 0.58855742 -1.50220656
v -2.05814457 0.5949856 -1.49514127
v -2.08508968 0.57977331 -1.54972661
v -2.065413 0.58862793 -1.54216671
v -2.04510927 0.5949856 -1.53452301
v -2.08758116 0.56910473 -1.59690237
v -2.06921363 0.58007753 -1.58928466
v -2.04987144 0.58884948 -1.58128572
v -2.03022003 0.5949856 -1.57317781
v -2.03290129 0.58863038 -1.62140572
v -2.0514257 0.580073 -1.62988257
v -2.03189468 0.57977128 -1.66981137
v -2.06933451 0.56917328 -1.63794136
v -2.04916143 0.56909317 -1.67821479
v -2.02721071 0.56886446 -1.71753931
v -2.01345444 0.5949856 -1.61105132
v -2.01380968 0.58855444 -1.65906143
v -1.9947927 0.5949856 -1.64809608
v -2.01059914 0.57977563 -1.70686591
v -1.99277306 0.58862638 -1.69561553
v -1.97433484 0.5949856 -1.68418288
v -2.00383282 0.56910545 -1.75360894
v -1.98730958 0.58007586 -1.74254549
v -1.96989083 0.58884633 -1.7309382
v -1.95217955 0.5949856 -1.71918142
v -1.94535387 0.58863187 -1.76699841
v -1.96190012 0.5800736 -1.77891064
v -1.93491101 0.57977772 -1.81427217
v -1.97790766 0.56917465 -1.79030991
v -1.95025063 0.56909704 -1.82588625
v -1.92102253 0.56887269 -1.86017036
v -1.92833364 0.5949856 -1.75304818
v -1.91927409 0.58855182 -1.80021763
v -1.9028095 0.5949856 -1.78574586
v -1.90678453 0.57976818 -1.84649134
v -1.89151454 0.58862084 -1.83198559
v -1.8757143 0.5949856 -1.81715441
v -1.89103651 0.56908429 -1.89103651
v -1.87697685 0.58005691 -1.87697685
v -1.86218238 0.58883905 -1.86218238
v -1.84715462 0.5949856 -1.84715462
v -1.83110166 0.58864492 -1.89271879
v -1.84498727 0.58007711 -1.90766358
v -1.81165671 0.57980311 -1.93706393
v -1.85846448 0.56916916 -1.9219625
v -1.82443154 0.569107 -1.95146394
v -1.78910565 0.56889772 -1.97938013
v -1.81715441 0.5949856 -1.8757143
v -1.79904056 0.58856726 -1.92023158
v -1.78574586 0.5949856 -1.9028095
v -1.77776361 0.57979465 -1.96320772
v -1.76561284 0.58863437 -1.94599128
v -1.75304818 0.5949856 -1.92833364
v -1.75360894 0.56910545 -2.00383282
v -1.74254549 0.58007586 -1.98730958
v -1.7309382 0.58884633 -1.96989083
v -1.71918142 0.5949856 -1.95217955
v -1.69453931 0.58863938 -1.99373472
v -1.70521569 0.58007765 -2.01113272
v -1.66683817 0.57978398 -2.03345037
v -1.71564293 0.5691762 -2.02778506
v -1.67653883 0.56909931 -2.05007792
v -1.63648009 0.5688746 -2.07056308
v -1.68418288 0.5949856 -1.97433484
v -1.65774632 0.58856106 -2.01446509
v -1.64809608 0.5949856 -1.9947927
v -1.62851906 0.57978237 -2.0524683
v -1.61995208 0.58863109 -2.03321028
v -1.61105132 0.5949856 -2.01345444
v -1.59690237 0.56910473 -2.08758116
v -1.58928466 0.58007753 -2.06921363
v -1.58128572 0.58884948 -2.04987144
v -1.57317781 0.5949856 -2.03022003
v -1.54093587 0.58863133 -2.06620526
v -1.54802465 0.58007342 -2.08533335
v -1.50603843 0.57977182 -2.0997839
v -1.55499113 0.5691734 -2.10368323
v -1.51229429 0.56909323 -2.11794853
v -1.46901608 0.56886435 -2.13025808
v -1.53452301 0.5949856 -2.04510927
v -1.50082338 0.58856082 -2.07934618
v -1.49514127 0.5949856 -2.05814457
v -1.46479154 0.57978988 -2.11092901
v -1.46010745 0.58863628 -2.09035206
v -1.45517182 0.5949856 -2.06923199
v -2.06036377 0.59965461 -1.29054928
v -2.07976842 0.59754312 -1.29110289
v -2.06855679 0.59866107 -1.33167005
v -2.09909439 0.59354722 -1.29158759
v -2.0878315 0.59550482 -1.33270049
v -2.07454062 0.59708345 -1.37314439
v -2.04872179 0.60000002 -1.29471159
v -2.05679274 0.59963942 -1.33559084
v -2.04492044 0.60000002 -1.33956552
v -2.06269836 0.59865505 -1.37686634
v -2.05069923 0.5996424 -1.3805244
v -2.03864431 0.60000002 -1.38414121
v -2.066401 0.59711087 -1.41832018
v -2.0543189 0.5986855 -1.42170405
v -2.04213238 0.59966373 -1.42492867
v -2.02994227 0.60000002 -1.42801678
v -2.03261781 0.59965706 -1.46425557
v -2.04488993 0.59869397 -1.46143389
v -2.03353715 0.5986675 -1.50063896
v -2.05712819 0.5971216 -1.4584136
v -2.04587269 0.59711486 -1.49802053
v -2.03272867 0.5970906 -1.53700137
v -2.01874876 0.60000002 -1.47132301
v -2.01941991 0.59963989 -1.50749493
v -2.00506091 0.60000002 -1.51420617
v -2.01838803 0.59865421 -1.54366338
v -2.00378847 0.5996412 -1.55008304
v -1.98902178 0.60000002 -1.55626726
v -2.01568151 0.59710228 -1.57966256
v -2.00086641 0.59867781 -1.58580804
v -1.98586702 0.59966093 -1.59162068
v -1.97077513 0.60000002 -1.59710693
v -1.96803665 0.59965754 -1.62789607
v -1.98332596 0.59869158 -1.62265515
v -1.96401501 0.59866887 -1.65858734
v -1.99849594 0.59711713 -1.61704242
v -1.97947717 0.59711379 -1.65355039
v -1.9587245 0.59709215 -1.68905711
v -1.95022762 0.60000002 -1.63683772
v -1.94584727 0.5996387 -1.66729331
v -1.92734146 0.60000002 -1.67560112
v -1.94024563 0.59865075 -1.69753361
v -1.92141926 0.59963894 -1.70551932
v -1.9023447 0.60000002 -1.71303868
v -1.93343687 0.59709454 -1.72743464
v -1.91433716 0.59867096 -1.73510444
v -1.89498007 0.59965831 -1.74221551
v -1.87546515 0.60000002 -1.74879181
v -1.86966884 0.59965754 -1.77375293
v -1.88945055 0.59868908 -1.7674439
v -1.86303282 0.59866887 -1.79853857
v -1.90903842 0.59711289 -1.7605505
v -1.88303566 0.59711206 -1.79245925
v -1.85553527 0.59709215 -1.8230412
v -1.84658933 0.60000002 -1.78295279
v -1.83953023 0.59963816 -1.8074584
v -1.81565213 0.60000002 -1.81565249
v -1.83168805 0.5986495 -1.83168793
v -1.8074584 0.59963816 -1.83953047
v -1.78295302 0.60000002 -1.84659016
v -1.8230412 0.59709215 -1.85553515
v -1.79853857 0.59866887 -1.8630327
v -1.77375293 0.59965754 -1.86966884
v -1.74879181 0.60000002 -1.87546515
v -1.74221551 0.59965831 -1.89498007
v -1.76744413 0.59868908 -1.88945043
v -1.73510444 0.59867096 -1.91433716
v -1.79245937 0.59711206 -1.88303566
v -1.7605505 0.59711289 -1.90903854
v -1.72743464 0.59709454 -1.93343687
v -1.71303761 0.60000002 -1.90234303
v -1.70551848 0.59963894 -1.92141795
v -1.67559958 0.60000002 -1.9273386
v -1.69753313 0.59865075 -1.94024491
v -1.66729259 0.59963864 -1.94584572
v -1.63683653 0.60000002 -1.95022488
v -1.68905711 0.59709215 -1.9587245
v -1.65858734 0.59866887 -1.96401501
v -1.62789607 0.59965754 -1.96803665
v -1.59710693 0.60000002 -1.97077513
v -1.59162068 0.59966093 -1.98586702
v -1.62265515 0.59869158 -1.98332596
v -1.58580804 0.59867781 -2.00086641
v -1.65355039 0.59711379 -1.97947717
v -1.6170423 0.59711713 -1.99849594
v -1.57966256 0.59710228 -2.01568151
v -1.55626857 0.60000002 -1.98902369
v -1.55008388 0.5996412 -2.00378942
v -1.51420736 0.60000002 -2.00506163
v -1.5436635 0.59865427 -2.01838827
v -1.50749516 0.59963989 -2.01942015
v -1.47132325 0.60000002 -2.01874828
v -1.53700137 0.5970906 -2.03272867
v -1.50063896 0.5986675 -2.03353739
v -1.46425557 0.59965706 -2.03261781
v -1.46143413 0.59869397 -2.04488993
v -1.49802053 0.59711486 -2.04587293
v -1.45841348 0.5971216 -2.05712843
v 1.25 0.58477592 -2.12653661
v 0.62502348 0.59127307 -2.10822225
v 1.25 0.59127283 -2.10822201
v 0 0.59604877 -2.08899641
v 1.25 0.59604847 -2.08899617
v -0.62502348 0.59899408 -2.06940651
v 1.25 0.59899396 -2.06940651
v 1.25 0.60000002 -2.04999995
v -0.62502348 0.55443251 -2.17698741
v 0 0.56620216 -2.16105247
v 0.62502348 0.57642001 -2.14408112
v 1.25 0.57642019 -2.14408088
v 1.25 0.56620216 -2.16105223
v 1.25 0.55443239 -2.17698717
v 1.25 0.54142135 -2.19142127
v -0.62502348 0.49408102 -2.22641993
v 0 0.51105273 -2.21620226
v 0.62502348 0.52698755 -2.20443249
v 1.25 0.52698803 -2.20443296
v 1.25 0.5110532 -2.21620321
v 1.25 0.49408132 -2.22642088
v 1.25 0.47653669 -2.23477602
v 1.25 0.40000001 -2.25
v 0.62502348 0.41940653 -2.24899387
v 1.25 0.41940641 -2.24899387
v 0 0.43899655 -2.24604893
v 1.25 0.43899614 -2.24604821
v -0.62502348 0.45822245 -2.24127293
v 1.25 0.45822197 -2.24127269
v 2.04872179 0.60000002 -1.29471159
v 2.04999995 0.60000002 -1.25
v 2.06036377 0.59965461 -1.29054928
v 2.04492044 0.60000002 -1.33956552
v 2.05679274 0.59963942 -1.33559084
v 2.06855679 0.59866107 -1.33167005
v 2.03864431 0.60000002 -1.38414121
v 2.05069923 0.5996424 -1.3805244
v 2.06269836 0.59865499 -1.37686634
v 2.07454062 0.59708345 -1.37314439
v 2.02994227 0.60000002 -1.42801678
v 2.04213238 0.59966373 -1.42492867
v 2.0543189 0.5986855 -1.42170405
v 2.066401 0.59711087 -1.41832018
v 2.07827735 0.5949856 -1.41475463
v 2.06940651 0.59899384 -1.25
v 2.07976842 0.59754312 -1.29110277
v 2.08899593 0.59604818 -1.25
v 2.0878315 0.59550488 -1.33270049
v 2.09909439 0.59354717 -1.29158759
v 2.10822201 0.59127235 -1.25
v 2.09355688 0.59294295 -1.37457526
v 2.10676551 0.59051919 -1.33359361
v 2.11779475 0.58777618 -1.29200363
v 2.12653661 0.58477592 -1.25
v 2.1383276 0.57887787 -1.29439676
v 2.12759137 0.58241844 -1.33658385
v 2.14738417 0.57207596 -1.33952761
v 2.11448908 0.5857656 -1.37815881
v 2.13474369 0.57615256 -1.38170123
v 2.15361547 0.56452167 -1.38499463
v 2.0991292 0.58885753 -1.41892755
v 2.11965871 0.58009964 -1.42306471
v 2.13916087 0.56912994 -1.42695785
v 2.15693021 0.55636632 -1.43039966
v 2.14408064 0.57642043 -1.25
v 2.15527964 0.56926537 -1.29490924
v 2.16105151 0.56620193 -1.25
v 2.16360402 0.56134224 -1.34039605
v 2.17142892 0.55796266 -1.29531288
v 2.17698622 0.5544318 -1.25
v 2.16896343 0.5528025 -1.38606226
v 2.178792 0.54909098 -1.34104681
v 2.18631244 0.54528093 -1.29560781
v 2.19142127 0.54142135 -1.25
v 2.20162058 0.52895081 -1.29726982
v 2.19453001 0.53308415 -1.34322476
v 2.20840979 0.51548427 -1.34533048
v 2.18498087 0.53730154 -1.38873696
v 2.19938612 0.51992762 -1.39130378
v 2.21168947 0.50132513 -1.39353251
v 2.17307758 0.5415538 -1.43355155
v 2.18785787 0.52458841 -1.43656027
v 2.20078182 0.5061146 -1.43919539
v 2.21135974 0.48677674 -1.44122636
v 2.20443344 0.52698898 -1.25
v 2.21341705 0.51340359 -1.29769886
v 2.21620321 0.51105404 -1.25
v 2.2188766 0.49905628 -1.34591758
v 2.22381139 0.49663186 -1.297966
v 2.22642064 0.49408156 -1.25
v 2.2207129 0.48425052 -1.39400649
v 2.22778225 0.48168197 -1.34618068
v 2.23249435 0.47910076 -1.29807091
v 2.23477602 0.47653669 -1.25
v 2.2400074 0.45813423 -1.29866076
v 2.23560166 0.46064705 -1.34709311
v 2.2410872 0.43893161 -1.34800386
v 2.22877288 0.46337396 -1.39523327
v 2.23459864 0.44148862 -1.39630532
v 2.23801398 0.41939741 -1.39711761
v 2.21959352 0.46628538 -1.44275928
v 2.22569346 0.44445682 -1.44398427
v 2.22948313 0.42209405 -1.44479632
v 2.23078537 0.40000001 -1.44509029
v 2.24127293 0.45822224 -1.25
v 2.2447381 0.43913332 -1.29896688
v 2.24604845 0.43899637 -1.25
v 2.24402642 0.41956976 -1.34821939
v 2.24769878 0.41957277 -1.29906201
v 2.24899387 0.41940647 -1.25
v 2.23913622 0.40000001 -1.39684558
v 2.24514699 0.40000001 -1.34801269
v 2.24878049 0.40000001 -1.29894602
v 2.25 0.40000001 -1.25
v 2.21888733 0.42209136 -1.49197841
v 2.21510887 0.44416058 -1.49132121
v 2.20204782 0.44434607 -1.53827775
v 2.2090385 0.46599001 -1.48998284
v 2.19605637 0.46593553 -1.53682303
v 2.18077612 0.46612188 -1.58298683
v 2.20085239 0.48677674 -1.48806834
v 2.1879673 0.48677674 -1.53452384
v 2.17283344 0.48677674 -1.58029997
v 2.155581 0.48677674 -1.62510395
v 2.22004414 0.40000001 -1.49285865
v 2.20565915 0.42233014 -1.53949916
v 2.20690823 0.40000001 -1.5402739
v 2.18657255 0.44463491 -1.58498001
v 2.190207 0.42232955 -1.58634305
v 2.19148445 0.40000001 -1.58699572
v 2.16329312 0.46627206 -1.62829971
v 2.16904402 0.44444501 -1.63068175
v 2.17263794 0.42208964 -1.6321696
v 2.17387962 0.40000001 -1.6326834
v 2.15305471 0.42208904 -1.67634773
v 2.14945459 0.4441539 -1.6749934
v 2.12750816 0.44434014 -1.71847558
v 2.14374566 0.46598116 -1.67251396
v 2.12189436 0.46592891 -1.71589255
v 2.09792781 0.46611536 -1.75817811
v 2.1361239 0.48677674 -1.66898942
v 2.11441588 0.48677674 -1.71203327
v 2.09064531 0.48677674 -1.75397801
v 2.06500125 0.48677674 -1.79456651
v 2.15402436 0.40000001 -1.67743778
v 2.13081408 0.42232955 -1.72038043
v 2.1318903 0.40000001 -1.72137904
v 2.10322523 0.44463533 -1.76127267
v 2.10652304 0.42233056 -1.76331246
v 2.10764813 0.40000001 -1.76419425
v 2.07194638 0.46627948 -1.79922569
v 2.07712173 0.44445157 -1.80268157
v 2.08035374 0.42209208 -1.80483103
v 2.08146954 0.40000001 -1.80557024
v 2.05253983 0.42211252 -1.8443228
v 2.04927564 0.44416958 -1.84230709
v 2.01925087 0.44436187 -1.88063812
v 2.0441649 0.46599069 -1.83877599
v 2.01426768 0.46593904 -1.87704468
v 1.9824791 0.4661245 -1.91380239
v 2.03738141 0.48677674 -1.83383262
v 2.00770807 0.48677674 -1.87183022
v 1.97620654 0.48677674 -1.90832973
v 1.94310164 0.48677674 -1.94310164
v 2.05326605 0.40000001 -1.8455925
v 2.02212 0.4223358 -1.88315809
v 2.02298594 0.40000001 -1.88437307
v 1.9870621 0.44462645 -1.91785502
v 1.98991251 0.42232555 -1.920524
v 1.99085712 0.40000001 -1.92163634
v 1.94896889 0.46624821 -1.94896889
v 1.95337439 0.44442379 -1.95337439
v 1.95614493 0.42208165 -1.95614493
v 1.95710683 0.40000001 -1.95710683
v 1.92115331 0.4220978 -1.98948264
v 1.91834772 0.44415325 -1.98686147
v 1.88145149 0.44435778 -2.0186677
v 1.91401553 0.4659723 -1.98237836
v 1.87726331 0.46593392 -2.01414585
v 1.83894229 0.46613303 -2.04404593
v 1.90832973 0.48677674 -1.97620654
v 1.87183022 0.48677674 -2.00770807
v 1.83383262 0.48677674 -2.03738141
v 1.79456651 0.48677674 -2.06500125
v 1.9216342 0.40000001 -1.99085534
v 1.88376701 0.42233688 -2.02165675
v 1.88437092 0.40000001 -2.02298379
v 1.84265053 0.44464564 -2.0488925
v 1.84490144 0.42233497 -2.05202317
v 1.84559131 0.40000001 -2.05326462
v 1.79922569 0.46627948 -2.07194638
v 1.80268157 0.44445157 -2.07712173
v 1.80483103 0.42209208 -2.08035374
v 1.80557024 0.40000001 -2.08146954
v 1.76397204 0.42211565 -2.10615754
v 1.76174879 0.44417274 -2.1030612
v 1.71933627 0.44437018 -2.12702227
v 1.75838292 0.46599281 -2.09783292
v 1.71612203 0.46594423 -2.12179327
v 1.67270076 0.4661338 -2.14363861
v 1.75397801 0.48677674 -2.09064531
v 1.71203327 0.48677674 -2.11441588
v 1.66898942 0.48677674 -2.1361239
v 1.62510395 0.48677674 -2.155581
v 1.76419473 0.40000001 -2.10764837
v 1.72103012 0.42234427 -2.13043523
v 1.7213794 0.40000001 -2.13188982
v 1.67538571 0.44464487 -2.14912534
v 1.67699146 0.42233559 -2.15265203
v 1.67743766 0.40000001 -2.15402365
v 1.62829971 0.46627206 -2.16329312
v 1.63068175 0.44444501 -2.16904402
v 1.6321696 0.42208964 -2.17263794
v 1.6326834 0.40000001 -2.17387962
v 1.58706069 0.42208147 -2.19001961
v 1.58548093 0.44414634 -2.18654227
v 1.5392046 0.4443199 -2.20180798
v 1.58320045 0.46597609 -2.18074846
v 1.53707755 0.46591628 -2.19602823
v 1.49022341 0.46609259 -2.20900249
v 1.58029997 0.48677674 -2.17283344
v 1.53452384 0.48677674 -2.1879673
v 1.48806834 0.48677674 -2.20085239
v 1.44122636 0.48677674 -2.21135974
v 1.58699608 0.40000001 -2.19148445
v 1.54018736 0.42232326 -2.20545459
v 1.54027402 0.40000001 -2.20690632
v 1.49173903 0.44462597 -2.21490526
v 1.49265218 0.42232743 -2.2186439
v 1.49285841 0.40000001 -2.22004128
v 1.44275928 0.46628538 -2.21959352
v 1.44398427 0.44445682 -2.22569346
v 1.44479632 0.42209405 -2.22948313
v 1.44509029 0.40000001 -2.23078537
v 1.39711761 0.41939741 -2.23801398
v 1.39630532 0.44148859 -2.23459864
v 1.34800386 0.43893161 -2.2410872
v 1.39523339 0.46337396 -2.22877264
v 1.34709311 0.46064705 -2.23560166
v 1.29866076 0.45813423 -2.2400074
v 1.39400649 0.48425052 -2.2207129
v 1.34618068 0.48168197 -2.22778225
v 1.29807091 0.47910076 -2.23249435
v 1.39684653 0.40000001 -2.23913908
v 1.34821987 0.41956967 -2.24402761
v 1.34801364 0.40000001 -2.24514961
v 1.29896712 0.43913317 -2.24473834
v 1.29906225 0.41957268 -2.24769974
v 1.29894638 0.40000001 -2.24878144
v 1.29726982 0.52895081 -2.20162058
v 1.29769886 0.51340306 -2.21341658
v 1.34533048 0.51548427 -2.20840979
v 1.29796588 0.49663156 -2.22381139
v 1.34591746 0.49905604 -2.21887636
v 1.39353251 0.50132513 -2.21168947
v 1.29560781 0.54528093 -2.18631244
v 1.34322476 0.53308427 -2.19453001
v 1.34104681 0.54909098 -2.178792
v 1.39130378 0.51992768 -2.19938612
v 1.38873696 0.53730154 -2.18498087
v 1.38606226 0.5528025 -2.16896343
v 1.43919539 0.5061146 -2.20078182
v 1.43656027 0.52458841 -2.18785787
v 1.43355155 0.5415538 -2.17307758
v 1.43039966 0.55636632 -2.15693021
v 1.4793787 0.54121351 -2.16315556
v 1.48282957 0.52458847 -2.17748094
v 1.52883708 0.52418315 -2.16503167
v 1.48580289 0.50622809 -2.19020987
v 1.53208649 0.50613886 -2.17741251
v 1.57775307 0.50584698 -2.16251993
v 1.47462451 0.55636632 -2.14701939
v 1.52379239 0.54113281 -2.15084505
v 1.5184139 0.55636632 -2.13486671
v 1.57292545 0.52419895 -2.15040398
v 1.56746674 0.54125619 -2.13626242
v 1.56156301 0.55636632 -2.12059045
v 1.62100172 0.50613642 -2.14565825
v 1.61597061 0.5246228 -2.13347507
v 1.61019695 0.54158366 -2.1195271
v 1.60386658 0.55636632 -2.10430956
v 1.65312779 0.54126251 -2.10083055
v 1.65933478 0.52463341 -2.11421776
v 1.70199227 0.52422339 -2.09300709
v 1.66468394 0.50625402 -2.12614751
v 1.70759213 0.50616133 -2.10453463
v 1.74946868 0.5058583 -2.08100772
v 1.64530957 0.55636632 -2.0859623
v 1.69428325 0.54115713 -2.0800972
v 1.68589079 0.55636632 -2.06550646
v 1.74237537 0.52420801 -2.07007313
v 1.7342782 0.54126269 -2.05728054
v 1.72542679 0.55636632 -2.04308939
v 1.78859508 0.50612831 -2.05605841
v 1.78129995 0.52461445 -2.04508114
v 1.77293015 0.54157913 -2.03252792
v 1.7637347 0.55636632 -2.01885819
v 1.81139004 0.5412553 -2.00586557
v 1.82010686 0.52462798 -2.01778293
v 1.85782766 0.52422571 -1.98871088
v 1.82767081 0.50624979 -2.02844143
v 1.86556911 0.50616336 -1.99891031
v 1.90206063 0.50586897 -1.96769047
v 1.80080128 0.55636632 -1.99277425
v 1.84772015 0.54116696 -1.9775219
v 1.83662295 0.55636632 -1.96480584
v 1.89296484 0.5242365 -1.95834756
v 1.88249171 0.5412854 -1.94735873
v 1.871032 0.55636632 -1.93511426
v 1.93554831 0.50616658 -1.93554831
v 1.92622995 0.52466094 -1.92622995
v 1.91553712 0.54161066 -1.91553712
v 1.90386021 0.55636632 -1.90386021
v 1.94806707 0.54124665 -1.88184202
v 1.95894122 0.52464557 -1.89185512
v 1.99024904 0.5242188 -1.85593808
v 1.96845126 0.50627249 -1.90081477
v 1.99985075 0.50617278 -1.86444604
v 2.02952194 0.50586736 -1.82667184
v 1.93511426 0.55636632 -1.871032
v 1.97814119 0.54115069 -1.84693313
v 1.96480584 0.55636632 -1.83662295
v 2.01875067 0.52420986 -1.81927967
v 2.00634837 0.54126155 -1.8105731
v 1.99277425 0.55636632 -1.80080128
v 2.05605841 0.50612831 -1.78859508
v 2.04508114 0.52461445 -1.78129995
v 2.03252792 0.54157913 -1.77293015
v 2.01885819 0.55636632 -1.7637347
v 2.05789161 0.54121989 -1.73348689
v 2.07047105 0.5246076 -1.74119723
v 2.0942142 0.52419126 -1.69985759
v 2.08154202 0.5062412 -1.74811065
v 2.10526538 0.50614935 -1.70632935
v 2.12703991 0.50585276 -1.66350889
v 2.04308939 0.55636632 -1.72542679
v 2.08058691 0.54113698 -1.69338655
v 2.06550646 0.55636632 -1.68589079
v 2.11503911 0.52420294 -1.65835714
v 2.10118151 0.54125822 -1.65222871
v 2.0859623 0.55636632 -1.64530957
v 2.14565825 0.50613642 -1.62100172
v 2.13347507 0.5246228 -1.61597061
v 2.1195271 0.54158366 -1.61019695
v 2.10430956 0.55636632 -1.60386658
v 2.1366601 0.541233 -1.5665524
v 2.15053105 0.52461302 -1.57166934
v 2.16572237 0.52418125 -1.52649379
v 2.16275406 0.50624347 -1.57631397
v 2.17785788 0.50613958 -1.53070295
v 2.19084072 0.50582463 -1.48446155
v 2.12059045 0.55636632 -1.56156301
v 2.15109372 0.5411303 -1.52280319
v 2.13486671 0.55636632 -1.5184139
v 2.17804265 0.52417517 -1.48175728
v 2.16327262 0.54123724 -1.47840142
v 2.14701939 0.55636632 -1.47462451
v 1.29439676 0.57887787 -2.1383276
v 1.29490924 0.56926537 -2.15527987
v 1.33952761 0.57207596 -2.14738417
v 1.29531288 0.55796283 -2.1714294
v 1.34039593 0.5613423 -2.16360426
v 1.38499463 0.56452167 -2.15361547
v 1.29200363 0.58777618 -2.11779475
v 1.33658373 0.58241844 -2.12759137
v 1.33359361 0.59051919 -2.10676551
v 1.38170123 0.57615256 -2.13474369
v 1.37815881 0.5857656 -2.11448908
v 1.37457526 0.59294295 -2.09355688
v 1.42695785 0.56912994 -2.13916087
v 1.42306471 0.58009964 -2.11965871
v 1.41892755 0.58885753 -2.0991292
v 1.41475463 0.5949856 -2.07827735
v 1.46154499 0.58863795 -2.09027433
v 1.46628642 0.58008373 -2.11011004
v 1.50921381 0.57977128 -2.09873462
v 1.47071576 0.56918716 -2.1292603
v 1.51410818 0.56909615 -2.11732507
v 1.55693078 0.56885695 -2.10347414
v 1.45517182 0.5949856 -2.06923199
v 1.50220656 0.58855742 -2.07891178
v 1.49514127 0.5949856 -2.05814457
v 1.54972661 0.57977331 -2.08508968
v 1.54216671 0.58862793 -2.065413
v 1.53452301 0.5949856 -2.04510927
v 1.59690237 0.56910473 -2.08758116
v 1.58928466 0.58007753 -2.06921363
v 1.58128572 0.58884948 -2.04987144
v 1.57317781 0.5949856 -2.03022003
v 1.62140572 0.58863038 -2.03290129
v 1.62988257 0.580073 -2.0514257
v 1.66981137 0.57977128 -2.03189468
v 1.63794136 0.56917328 -2.06933451
v 1.67821479 0.56909317 -2.04916143
v 1.71753931 0.56886446 -2.02721071
v 1.61105132 0.5949856 -2.01345444
v 1.65906143 0.58855444 -2.01380968
v 1.64809608 0.5949856 -1.9947927
v 1.70686591 0.57977563 -2.01059914
v 1.69561553 0.58862638 -1.99277306
v 1.68418288 0.5949856 -1.97433484
v 1.75360894 0.56910545 -2.00383282
v 1.74254549 0.58007586 -1.98730958
v 1.7309382 0.58884633 -1.96989083
v 1.71918142 0.5949856 -1.95217955
v 1.76699841 0.58863187 -1.94535387
v 1.77891064 0.5800736 -1.96190012
v 1.81427217 0.57977772 -1.93491101
v 1.79030991 0.56917465 -1.97790766
v 1.82588625 0.56909704 -1.95025063
v 1.86017036 0.56887269 -1.92102253
v 1.75304818 0.5949856 -1.92833364
v 1.80021763 0.58855182 -1.91927409
v 1.78574586 0.5949856 -1.9028095
v 1.84649134 0.57976818 -1.90678453
v 1.83198559 0.58862084 -1.89151454
v 1.81715441 0.5949856 -1.8757143
v 1.89103651 0.56908429 -1.89103651
v 1.87697685 0.58005691 -1.87697685
v 1.86218238 0.58883905 -1.86218238
v 1.84715462 0.5949856 -1.84715462
v 1.89271879 0.58864492 -1.83110166
v 1.90766358 0.58007711 -1.84498727
v 1.93706393 0.57980311 -1.81165671
v 1.9219625 0.56916916 -1.85846448
v 1.95146394 0.569107 -1.82443154
v 1.97938013 0.56889772 -1.78910565
v 1.8757143 0.5949856 -1.81715441
v 1.92023158 0.58856726 -1.79904056
v 1.9028095 0.5949856 -1.78574586
v 1.96320772 0.57979465 -1.77776361
v 1.94599128 0.58863437 -1.76561284
v 1.92833364 0.5949856 -1.75304818
v 2.00383282 0.56910545 -1.75360894
v 1.98730958 0.58007586 -1.74254549
v 1.96989083 0.58884633 -1.7309382
v 1.95217955 0.5949856 -1.71918142
v 1.99373472 0.58863938 -1.69453931
v 2.01113272 0.58007765 -1.70521569
v 2.03345037 0.57978398 -1.66683817
v 2.02778506 0.5691762 -1.71564293
v 2.05007792 0.56909931 -1.67653883
v 2.07056308 0.5688746 -1.63648009
v 1.97433484 0.5949856 -1.68418288
v 2.01446509 0.58856106 -1.65774632
v 1.9947927 0.5949856 -1.64809608
v 2.0524683 0.57978237 -1.62851906
v 2.03321028 0.58863109 -1.61995208
v 2.01345444 0.5949856 -1.61105132
v 2.08758116 0.56910473 -1.59690237
v 2.06921363 0.58007753 -1.58928466
v 2.04987144 0.58884948 -1.58128572
v 2.03022003 0.5949856 -1.57317781
v 2.06620526 0.58863133 -1.54093587
v 2.08533335 0.58007342 -1.54802465
v 2.0997839 0.57977182 -1.50603843
v 2.10368323 0.5691734 -1.55499113
v 2.11794853 0.56909323 -1.51229429
v 2.13025808 0.56886435 -1.46901608
v 2.04510927 0.5949856 -1.53452301
v 2.07934618 0.58856082 -1.50082338
v 2.05814457 0.5949856 -1.49514127
v 2.11092901 0.57978988 -1.46479154
v 2.09035206 0.58863628 -1.46010745
v 2.06923199 0.5949856 -1.45517182
v 1.29054928 0.59965461 -2.06036377
v 1.29110289 0.59754324 -2.07976866
v 1.33167005 0.59866107 -2.06855679
v 1.29158759 0.5935474 -2.09909463
v 1.33270049 0.59550488 -2.0878315
v 1.37314439 0.59708345 -2.07454062
v 1.29471159 0.60000002 -2.04872227
v 1.33559108 0.59963942 -2.05679297
v 1.33956599 0.60000002 -2.0449214
v 1.37686634 0.59865505 -2.0626986
v 1.38052464 0.5996424 -2.05069971
v 1.38414168 0.60000002 -2.03864527
v 1.41832018 0.59711087 -2.066401
v 1.42170405 0.5986855 -2.0543189
v 1.42492867 0.59966373 -2.04213238
v 1.42801678 0.60000002 -2.02994227
v 1.46425557 0.59965706 -2.03261781
v 1.46143389 0.59869397 -2.04488993
v 1.50063896 0.5986675 -2.03353739
v 1.4584136 0.5971216 -2.05712819
v 1.49802065 0.59711486 -2.04587269
v 1.53700137 0.5970906 -2.03272867
v 1.47132325 0.60000002 -2.01874828
v 1.50749528 0.59963989 -2.01941991
v 1.51420736 0.60000002 -2.00506163
v 1.5436635 0.59865421 -2.01838827
v 1.55008376 0.5996412 -2.00378942
v 1.55626857 0.60000002 -1.98902369
v 1.57966256 0.59710228 -2.01568151
v 1.58580804 0.59867781 -2.00086641
v 1.59162068 0.59966093 -1.98586702
v 1.59710693 0.60000002 -1.97077513
v 1.62789607 0.59965754 -1.96803665
v 1.62265515 0.59869158 -1.98332596
v 1.65858734 0.59866887 -1.96401501
v 1.61704242 0.59711713 -1.99849594
v 1.65355039 0.59711379 -1.97947717
v 1.68905711 0.59709215 -1.9587245
v 1.63683653 0.60000002 -1.95022488
v 1.66729236 0.5996387 -1.94584584
v 1.67559958 0.60000002 -1.9273386
v 1.69753313 0.59865075 -1.94024491
v 1.70551848 0.59963894 -1.92141795
v 1.71303761 0.60000002 -1.90234303
v 1.72743464 0.59709454 -1.93343687
v 1.73510444 0.59867096 -1.91433716
v 1.74221551 0.59965831 -1.89498007
v 1.74879181 0.60000002 -1.87546515
v 1.77375293 0.59965754 -1.86966884
v 1.7674439 0.59868908 -1.88945055
v 1.79853857 0.59866887 -1.8630327
v 1.7605505 0.59711289 -1.90903842
v 1.79245925 0.59711206 -1.88303566
v 1.8230412 0.59709215 -1.85553515
v 1.78295302 0.60000002 -1.84659016
v 1.8074584 0.59963816 -1.83953059
v 1.81565213 0.60000002 -1.81565249
v 1.83168781 0.5986495 -1.83168817
v 1.83953023 0.59963816 -1.8074584
v 1.84658933 0.60000002 -1.78295279
v 1.85553527 0.59709215 -1.8230412
v 1.86303282 0.59866887 -1.79853857
v 1.86966884 0.59965754 -1.77375293
v 1.87546515 0.60000002 -1.74879181
v 1.89498007 0.59965831 -1.74221551
v 1.88945043 0.59868908 -1.76744413
v 1.91433716 0.59867096 -1.73510444
v 1.88303566 0.59711206 -1.79245937
v 1.90903854 0.59711289 -1.7605505
v 1.93343687 0.59709454 -1.72743464
v 1.9023447 0.60000002 -1.71303868
v 1.92141914 0.59963894 -1.70551932
v 1.92734146 0.60000002 -1.67560112
v 1.94024563 0.59865075 -1.69753349
v 1.94584739 0.59963864 -1.66729331
v 1.95022762 0.60000002 -1.63683772
v 1.9587245 0.59709215 -1.68905711
v 1.96401501 0.59866887 -1.65858734
v 1.96803665 0.59965754 -1.62789607
v 1.97077513 0.60000002 -1.59710693
v 1.98586702 0.59966093 -1.59162068
v 1.98332596 0.59869158 -1.62265515
v 2.00086641 0.59867781 -1.58580804
v 1.97947717 0.59711379 -1.65355039
v 1.99849594 0.59711713 -1.6170423
v 2.01568151 0.59710228 -1.57966256
v 1.98902178 0.60000002 -1.55626726
v 2.00378847 0.5996412 -1.55008304
v 2.00506091 0.60000002 -1.51420617
v 2.01838803 0.59865427 -1.54366326
v 2.01942015 0.59963989 -1.50749493
v 2.01874876 0.60000002 -1.47132301
v 2.03272867 0.5970906 -1.53700137
v 2.03353715 0.5986675 -1.50063896
v 2.03261781 0.59965706 -1.46425557
v 2.04488993 0.59869397 -1.46143389
v 2.04587293 0.59711486 -1.49802053
v 2.05712843 0.5971216 -1.45841348
v 2.24127293 0.45822245 -0.62502348
v 2.24604893 0.43899655 0
v 2.24899387 0.41940653 0.62502348
v 2.20443249 0.52698755 0.62502348
v 2.21620226 0.51105273 0
v 2.22641993 0.49408102 -0.62502348
v 2.14408112 0.57642001 0.62502348
v 2.16105247 0.56620216 0
v 2.17698741 0.55443251 -0.62502348
v 2.06940651 0.59899408 -0.62502348
v 2.08899641 0.59604877 0
v 2.10822225 0.59127307 0.62502348
v 1.39684653 0.09999625 -2.23913956
v 1.34801364 0.19999999 -2.24514985
v 1.29894638 0.30000377 -2.24878168
v 1.58699656 0.09999625 -2.19148493
v 1.54027438 0.19999999 -2.20690656
v 1.49285865 0.30000377 -2.22004151
v 1.7641958 0.09999625 -2.1076498
v 1.72138023 0.19999999 -2.1318903
v 1.67743766 0.30000377 -2.15402293
v 1.92163491 0.09999625 -1.99085569
v 1.88437092 0.19999999 -2.02298307
v 1.84559083 0.30000377 -2.05326319
v 2.05326319 0.09999625 -1.84559083
v 2.02298307 0.19999999 -1.88437092
v 1.99085569 0.30000377 -1.92163491
v 2.15402293 0.09999625 -1.67743766
v 2.1318903 0.19999999 -1.72138023
v 2.1076498 0.30000377 -1.7641958
v 2.22004151 0.09999625 -1.49285865
v 2.20690656 0.19999999 -1.54027438
v 2.19148493 0.30000377 -1.58699656
v 2.24878168 0.09999625 -1.29894638
v 2.24514985 0.19999999 -1.34801364
v 2.23913956 0.30000377 -1.39684653
v 2.23913956 0.09999625 1.39684653
v 2.24514985 0.19999999 1.34801364
v 2.24878168 0.30000377 1.29894638
v 2.19148493 0.09999625 1.58699656
v 2.20690656 0.19999999 1.54027438
v 2.22004151 0.30000377 1.49285865
v 2.1076498 0.09999625 1.7641958
v 2.1318903 0.19999999 1.72138023
v 2.15402293 0.30000377 1.67743766
v 1.99085569 0.09999625 1.92163491
v 2.02298307 0.19999999 1.88437092
v 2.05326319 0.30000377 1.84559083
v 1.84559083 0.09999625 2.05326319
v 1.88437092 0.19999999 2.02298307
v 1.92163491 0.30000377 1.99085569
v 1.67743766 0.09999625 2.15402293
v 1.72138023 0.19999999 2.1318903
v 1.7641958 0.30000377 2.1076498
v 1.49285865 0.09999625 2.22004151
v 1.54027438 0.19999999 2.20690656
v 1.58699656 0.30000377 2.19148493
v 1.29894638 0.09999625 2.24878168
v 1.34801364 0.19999999 2.24514985
v 1.39684653 0.30000377 2.23913956
v -2.23913956 0.09999625 -1.39684653
v -2.24514985 0.19999999 -1.34801364
v -2.24878168 0.30000377 -1.29894638
v -2.19148493 0.09999625 -1.58699656
v -2.20690656 0.19999999 -1.54027438
v -2.22004151 0.30000377 -1.49285865
v -2.1076498 0.09999625 -1.7641958
v -2.1318903 0.19999999 -1.72138023
v -2.15402293 0.30000377 -1.67743766
v -1.99085569 0.09999625 -1.92163491
v -2.02298307 0.19999999 -1.88437092
v -2.05326319 0.30000377 -1.84559083
v -1.84559083 0.09999625 -2.05326319
v -1.88437092 0.19999999 -2.02298307
v -1.92163491 0.30000377 -1.99085569
v -1.67743766 0.09999625 -2.15402293
v -1.72138023 0.19999999 -2.1318903
v -1.7641958 0.30000377 -2.1076498
v -1.49285865 0.09999625 -2.22004151
v -1.54027438 0.19999999 -2.20690656
v -1.58699656 0.30000377 -2.19148493
v -1.29894638 0.09999625 -2.24878168
v -1.34801364 0.19999999 -2.24514985
v -1.39684653 0.30000377 -2.23913956
v -1.39684653 0.09999625 2.23913956
v -1.34801364 0.19999999 2.24514985
v -1.29894638 0.30000377 2.24878168
v -1.58699656 0.09999625 2.19148493
v -1.54027438 0.19999999 2.20690656
v -1.49285865 0.30000377 2.22004151
v -1.7641958 0.09999625 2.1076498
v -1.72138023 0.19999999 2.1318903
v -1.67743766 0.30000377 2.15402293
v -1.92163491 0.09999625 1.99085569
v -1.88437092 0.19999999 2.02298307
v -1.84559083 0.30000377 2.05326319
v -2.05326319 0.09999625 1.84559083
v -2.02298307 0.19999999 1.88437092
v -1.99085569 0.30000377 1.92163491
v -2.15402293 0.09999625 1.67743766
v -2.1318903 0.19999999 1.72138023
v -2.1076498 0.30000377 1.7641958
v -2.22004151 0.09999625 1.49285865
v -2.20690656 0.19999999 1.54027438
v -2.19148493 0.30000377 1.58699656
v -2.24878168 0.09999625 1.29894638
v -2.24514985 0.19999999 1.34801364
v -2.23913956 0.30000377 1.39684653
vn -0 -0.33431 0.94246
vn -0 -0.24105 0.97051
vn -0 -0.24107 0.97051
vn -0 -0.14865 0.98889
vn -0 -0.14871 0.98888
vn -0 -0.05177 0.99866
vn 0 -0.05178 0.99866
vn 0 -0.05178 0.99866
vn 0 -0.14867 0.98889
vn 0 -0.14871 0.98888
vn 0 -0.24109 0.9705
vn 0 -0.24107 0.97051
vn 0 -0.33435 0.94245
vn 0 -0.33431 0.94246
vn 0 -0.6695 0.74281
vn 0 -0.59414 0.80436
vn 0 -0.5941 0.80439
vn 0 -0.51583 0.85669
vn -0 -0.5158 0.85671
vn -0 -0.42998 0.90284
vn 0 -0.42999 0.90283
vn 0 -0.42998 0.90284
vn 0 -0.51583 0.85669
vn -0 -0.5158 0.85671
vn -0 -0.59414 0.80436
vn -0 -0.59413 0.80437
vn -0 -0.6695 0.74281
vn 0 -0.66956 0.74276
vn -0 -0.90285 0.42996
vn -0 -0.85674 0.51575
vn -0 -0.85673 0.51576
vn -0 -0.80438 0.59412
vn -0 -0.8044 0.59409
vn -0 -0.7427 0.66962
vn 0 -0.74277 0.66955
vn 0 -0.7427 0.66962
vn 0 -0.80438 0.59412
vn 0 -0.80435 0.59415
vn 0 -0.85674 0.51575
vn 0 -0.8567 0.51581
vn 0 -0.90285 0.42996
vn 0 -0.90283 0.42999
vn -0 -0.99866 0.05178
vn -0 -0.98889 0.14868
vn -0 -0.98888 0.14868
vn -0 -0.9705 0.24109
vn -0 -0.97051 0.24107
vn -0 -0.94245 0.33434
vn 0 -0.94246 0.33433
vn 0 -0.94246 0.33433
vn 0 -0.97051 0.24107
vn 0 -0.97051 0.24107
vn 0 -0.98889 0.14866
vn 0 -0.98888 0.14868
vn 0 -0.99866 0.05177
vn 0 -0.99866 0.05178
vn 0.33432 -0 0.94246
vn 0.24105 -0 0.97051
vn 0.24109 -0 0.9705
vn 0.14866 -0 0.98889
vn 0.14868 -0 0.98889
vn 0.05178 -0 0.99866
vn 0.05178 0 0.99866
vn 0.05178 0 0.99866
vn 0.14867 0 0.98889
vn 0.14868 0 0.98889
vn 0.24108 0 0.9705
vn 0.24109 0 0.9705
vn 0.33435 0 0.94245
vn 0.33432 0 0.94246
vn 0.66954 0 0.74278
vn 0.59413 0 0.80437
vn 0.59411 0 0.80438
vn 0.5158 0 0.85671
vn 0.51579 0 0.85672
vn 0.43 0 0.90283
vn 0.42999 0 0.90283
vn 0.43 -0 0.90283
vn 0.5158 -0 0.85671
vn 0.51579 -0 0.85671
vn 0.59413 -0 0.80437
vn 0.59412 -0 0.80438
vn 0.66954 -0 0.74278
vn 0.66956 0 0.74276
vn 0.90285 -0 0.42995
vn 0.85673 -0 0.51577
vn 0.85673 -0 0.51577
vn 0.80436 -0 0.59414
vn 0.80439 -0 0.5941
vn 0.74274 -0 0.66958
vn 0.74277 0 0.66955
vn 0.74274 0 0.66958
vn 0.80436 0 0.59414
vn 0.80436 0 0.59414
vn 0.85673 0 0.51577
vn 0.8567 0 0.51581
vn 0.90285 0 0.42995
vn 0.90283 0 0.42999
vn 0.99866 -0 0.05178
vn 0.98889 -0 0.14868
vn 0.98888 -0 0.1487
vn 0.9705 -0 0.24109
vn 0.97051 -0 0.24108
vn 0.94245 -0 0.33435
vn 0.94247 0 0.3343
vn 0.94247 0 0.3343
vn 0.97052 0 0.24104
vn 0.97051 0 0.24108
vn 0.98889 0 0.14865
vn 0.98888 0 0.1487
vn 0.99866 0 0.05177
vn 0.99866 0 0.05178
vn 0.02511 0.94216 0.33422
vn 0.02529 0.9702 0.24099
vn 0.02566 0.96996 0.24191
vn 0.07302 0.96751 0.24206
vn 0.02559 0.98856 0.14864
vn 0.02603 0.98838 0.14973
vn 0.07366 0.986 0.1496
vn 0.07401 0.98584 0.15048
vn 0.12118 0.98119 0.1503
vn 0.02488 0.99835 0.05176
vn 0.02616 0.99814 0.055
vn 0.07374 0.99578 0.05458
vn 0.07438 0.99565 0.0562
vn 0.12198 0.99098 0.05543
vn 0.12205 0.99096 0.05561
vn 0.17029 0.98388 0.05452
vn 0.02663 0.94081 0.33787
vn 0.07505 0.96606 0.24718
vn 0.06783 0.93861 0.33824
vn 0.07268 0.93381 0.35032
vn 0.12339 0.98001 0.15604
vn 0.11609 0.96182 0.24783
vn 0.12108 0.95775 0.26087
vn 0.11204 0.92982 0.35054
vn 0.11706 0.92414 0.36369
vn 0.1725 0.98317 0.06024
vn 0.16536 0.97372 0.15661
vn 0.17063 0.97045 0.17064
vn 0.16148 0.95167 0.26123
vn 0.16618 0.94725 0.27406
vn 0.15513 0.91849 0.36375
vn 0.16034 0.91168 0.37831
vn 0.20308 0.90321 0.37811
vn 0.211 0.93828 0.27407
vn 0.21056 0.93869 0.273
vn 0.25752 0.92689 0.27307
vn 0.21684 0.96116 0.17075
vn 0.21658 0.96133 0.1701
vn 0.2635 0.94955 0.17005
vn 0.26317 0.94979 0.16922
vn 0.30906 0.93591 0.16897
vn 0.21898 0.97386 0.06031
vn 0.22015 0.97343 0.06303
vn 0.26646 0.9618 0.06273
vn 0.26684 0.96164 0.06364
vn 0.31287 0.94771 0.06292
vn 0.31246 0.94791 0.06194
vn 0.35889 0.9314 0.06071
vn 0.20271 0.90369 0.37718
vn 0.25765 0.92675 0.27342
vn 0.24845 0.89211 0.37738
vn 0.24772 0.89313 0.37543
vn 0.30931 0.93572 0.1696
vn 0.3022 0.91298 0.27412
vn 0.30213 0.91306 0.27392
vn 0.29101 0.8799 0.37562
vn 0.29093 0.88002 0.37539
vn 0.35888 0.93141 0.0607
vn 0.35428 0.91951 0.17027
vn 0.3547 0.91914 0.17139
vn 0.3456 0.89739 0.27431
vn 0.34555 0.89746 0.27415
vn 0.33239 0.86516 0.37552
vn 0.33284 0.86436 0.37697
vn 0.37589 0.84652 0.37697
vn 0.39037 0.87889 0.27415
vn 0.39008 0.87931 0.27324
vn 0.43353 0.85867 0.2734
vn 0.40043 0.90016 0.17138
vn 0.40035 0.90024 0.17116
vn 0.44376 0.87967 0.17103
vn 0.44356 0.87989 0.17042
vn 0.48565 0.85743 0.17017
vn 0.40479 0.91239 0.0607
vn 0.40611 0.91158 0.06409
vn 0.44896 0.89128 0.0637
vn 0.44947 0.89093 0.06503
vn 0.49168 0.8684 0.06423
vn 0.49141 0.86861 0.06348
vn 0.53364 0.84342 0.06221
vn 0.37559 0.84712 0.37592
vn 0.43334 0.85896 0.27277
vn 0.41773 0.82704 0.37618
vn 0.41743 0.8277 0.37505
vn 0.48538 0.85775 0.16933
vn 0.4741 0.83692 0.2735
vn 0.47414 0.83683 0.27367
vn 0.45684 0.80651 0.37528
vn 0.45692 0.80629 0.37565
vn 0.53302 0.84394 0.06046
vn 0.52627 0.83315 0.17
vn 0.52657 0.83276 0.17099
vn 0.51345 0.81317 0.27407
vn 0.51346 0.81316 0.27409
vn 0.49421 0.78391 0.37581
vn 0.49458 0.7828 0.37765
vn 0.53318 0.75701 0.37769
vn 0.55391 0.78617 0.27409
vn 0.55366 0.78672 0.27301
vn 0.59241 0.7579 0.2732
vn 0.56809 0.80501 0.17097
vn 0.56791 0.80528 0.17031
vn 0.60668 0.77651 0.17019
vn 0.60644 0.7769 0.16928
vn 0.64355 0.7465 0.16906
vn 0.57498 0.81593 0.06045
vn 0.57588 0.81509 0.06313
vn 0.61422 0.78664 0.06273
vn 0.61443 0.78642 0.06339
vn 0.65172 0.75587 0.06258
vn 0.65132 0.75632 0.06129
vn 0.68808 0.72315 0.06003
vn 0.53298 0.75772 0.37655
vn 0.59254 0.75758 0.2738
vn 0.57103 0.72934 0.37681
vn 0.5707 0.7308 0.37448
vn 0.64391 0.74585 0.17055
vn 0.62872 0.72756 0.27453
vn 0.62869 0.72767 0.27433
vn 0.60608 0.70163 0.37469
vn 0.60599 0.70213 0.3739
vn 0.6885 0.72263 0.06147
vn 0.67964 0.71328 0.17122
vn 0.67996 0.71262 0.17268
vn 0.66334 0.69607 0.27472
vn 0.6633 0.69622 0.27443
vn 0.63927 0.6719 0.37403
vn 0.63932 0.67151 0.37464
vn 0.67188 0.63892 0.37463
vn 0.69694 0.66255 0.27443
vn 0.69682 0.66304 0.27351
vn 0.72843 0.62809 0.27366
vn 0.71427 0.67824 0.17267
vn 0.71422 0.67835 0.17242
vn 0.7461 0.64316 0.17229
vn 0.74583 0.64387 0.17076
vn 0.77617 0.60704 0.17049
vn 0.72312 0.68798 0.06147
vn 0.72401 0.68674 0.0648
vn 0.75579 0.65164 0.0644
vn 0.75585 0.65154 0.06467
vn 0.78657 0.61419 0.06383
vn 0.78592 0.6153 0.06106
vn 0.81595 0.57503 0.05973
vn 0.67183 0.63962 0.37354
vn 0.72836 0.62851 0.2729
vn 0.70248 0.60562 0.37384
vn 0.70246 0.60628 0.3728
vn 0.77615 0.6071 0.17036
vn 0.75785 0.59225 0.27367
vn 0.75783 0.59243 0.27335
vn 0.73089 0.57152 0.37306
vn 0.73088 0.57075 0.37426
vn 0.8161 0.57474 0.06045
vn 0.80557 0.56726 0.17107
vn 0.80556 0.56732 0.17096
vn 0.786 0.5543 0.27378
vn 0.78601 0.55413 0.2741
vn 0.75749 0.53482 0.3744
vn 0.75734 0.53271 0.3777
vn 0.78307 0.49414 0.37766
vn 0.813 0.51371 0.2741
vn 0.81301 0.5135 0.27448
vn 0.83712 0.47309 0.27461
vn 0.83307 0.52608 0.17098
vn 0.8331 0.52593 0.17128
vn 0.85751 0.48517 0.17116
vn 0.85748 0.48536 0.17077
vn 0.8799 0.44351 0.17051
vn 0.84351 0.5337 0.06046
vn 0.8441 0.53241 0.06357
vn 0.86847 0.4917 0.06319
vn 0.86857 0.49143 0.06383
vn 0.89132 0.44896 0.06303
vn 0.89106 0.44974 0.06126
vn 0.91243 0.40482 0.05998
vn 0.78315 0.4948 0.37662
vn 0.83713 0.47325 0.27432
vn 0.80655 0.45547 0.37687
vn 0.80684 0.45725 0.37407
vn 0.87992 0.44337 0.17079
vn 0.85878 0.43226 0.27505
vn 0.85883 0.43295 0.27381
vn 0.82799 0.41753 0.37431
vn 0.82799 0.41757 0.37424
vn 0.91252 0.4045 0.06069
vn 0.90067 0.39925 0.17147
vn 0.90066 0.39929 0.17138
vn 0.87889 0.39034 0.27422
vn 0.87889 0.39037 0.27417
vn 0.84717 0.377 0.37439
vn 0.84673 0.37541 0.37697
vn 0.86456 0.33233 0.37696
vn 0.89753 0.34537 0.27417
vn 0.89753 0.34539 0.27413
vn 0.91334 0.30096 0.27427
vn 0.91962 0.35345 0.17138
vn 0.91962 0.35341 0.17146
vn 0.93563 0.30861 0.17133
vn 0.93564 0.309 0.17056
vn 0.94951 0.26349 0.17031
vn 0.9314 0.35889 0.06069
vn 0.93172 0.35753 0.06375
vn 0.9477 0.31282 0.06336
vn 0.94774 0.3126 0.06383
vn 0.96179 0.26644 0.06301
vn 0.96166 0.26742 0.06088
vn 0.97389 0.21905 0.05959
vn 0.86478 0.333 0.37586
vn 0.9134 0.30124 0.27377
vn 0.88009 0.28979 0.37612
vn 0.88059 0.29112 0.37391
vn 0.94951 0.26344 0.17041
vn 0.92671 0.25669 0.27446
vn 0.92684 0.2572 0.27351
vn 0.89355 0.24809 0.37419
vn 0.89343 0.24781 0.37467
vn 0.97392 0.21871 0.06033
vn 0.96133 0.21589 0.17101
vn 0.96134 0.21602 0.17075
vn 0.93822 0.21149 0.27387
vn 0.9382 0.2114 0.27404
vn 0.90423 0.20444 0.37493
vn 0.90331 0.20262 0.37812
vn 0.91168 0.16034 0.37832
vn 0.94726 0.16617 0.27403
vn 0.9185 0.15512 0.36372
vn 0.92414 0.11707 0.36367
vn 0.97045 0.17063 0.17064
vn 0.95167 0.16148 0.26125
vn 0.95775 0.12109 0.26088
vn 0.92983 0.11205 0.35053
vn 0.93381 0.07267 0.3503
vn 0.98316 0.17251 0.06026
vn 0.97372 0.16537 0.15661
vn 0.98001 0.12339 0.15604
vn 0.96182 0.11609 0.24783
vn 0.96606 0.07505 0.24717
vn 0.93861 0.06782 0.33824
vn 0.94082 0.02664 0.33787
vn 0.87269 0.14797 0.46531
vn 0.88421 0.10627 0.45484
vn 0.87748 0.1102 0.46678
vn 0.83744 0.10081 0.53715
vn 0.89413 0.0638 0.44324
vn 0.88741 0.06828 0.4559
vn 0.84799 0.06065 0.52653
vn 0.84055 0.06486 0.53784
vn 0.79461 0.05712 0.60443
vn 0.90267 0.01992 0.42987
vn 0.89577 0.02513 0.44381
vn 0.85657 0.01918 0.51568
vn 0.84958 0.02367 0.52693
vn 0.80424 0.01772 0.59405
vn 0.79617 0.02226 0.60466
vn 0.74264 0.01638 0.66949
vn 0.85989 0.15437 0.48658
vn 0.82324 0.10772 0.55738
vn 0.81858 0.13703 0.55781
vn 0.80105 0.14422 0.58097
vn 0.77983 0.06432 0.62268
vn 0.77648 0.09216 0.62337
vn 0.75872 0.09953 0.64377
vn 0.75448 0.12585 0.64415
vn 0.73562 0.13235 0.66434
vn 0.72817 0.02359 0.68499
vn 0.72609 0.05035 0.68576
vn 0.70789 0.05814 0.70392
vn 0.70498 0.08264 0.70439
vn 0.68481 0.0899 0.72316
vn 0.68127 0.11232 0.72337
vn 0.65848 0.11898 0.74314
vn 0.59956 0.09888 0.7942
vn 0.62434 0.07219 0.77781
vn 0.6016 0.07807 0.79498
vn 0.54839 0.06338 0.83382
vn 0.64746 0.04337 0.76086
vn 0.62575 0.05027 0.7784
vn 0.57234 0.03794 0.81914
vn 0.54964 0.04472 0.8342
vn 0.49225 0.03232 0.86985
vn 0.66949 0.01213 0.74272
vn 0.64821 0.02019 0.76119
vn 0.59409 0.01019 0.80433
vn 0.573 0.01776 0.81937
vn 0.51578 0.00786 0.85669
vn 0.49283 0.0157 0.86999
vn 0.42999 0.00574 0.90282
vn 0.5666 0.10542 0.81722
vn 0.51425 0.07152 0.85466
vn 0.51238 0.08262 0.85477
vn 0.47464 0.08954 0.87561
vn 0.4578 0.04198 0.88806
vn 0.45655 0.05098 0.88824
vn 0.41954 0.05929 0.9058
vn 0.41838 0.06613 0.90586
vn 0.37891 0.07279 0.92257
vn 0.39594 0.01682 0.91812
vn 0.39522 0.02351 0.91828
vn 0.35814 0.03344 0.93307
vn 0.35757 0.03756 0.93313
vn 0.31693 0.04611 0.94733
vn 0.3167 0.04747 0.94734
vn 0.2715 0.0544 0.9609
vn 0.21047 0.03037 0.97713
vn 0.25349 0.0245 0.96703
vn 0.21042 0.03101 0.97712
vn 0.16083 0.01433 0.98688
vn 0.29455 0.0151 0.95552
vn 0.25354 0.02342 0.96704
vn 0.20225 0.00878 0.9793
vn 0.16067 0.01721 0.98686
vn 0.1081 0.00248 0.99414
vn 0.33431 0.00226 0.94246
vn 0.29462 0.01239 0.95553
vn 0.24109 -0.00018 0.9705
vn 0.20222 0.00979 0.97929
vn 0.14868 -0.00258 0.98888
vn 0.10795 0.00788 0.99413
vn 0.05178 -0.00472 0.99865
vn 0.18561 0.03285 0.98208
vn 0.13703 0.0179 0.9904
vn 0.13904 0.02446 0.98999
vn 0.136 0.02474 0.9904
vn 0.08522 0.00709 0.99634
vn 0.08663 0.01136 0.99618
vn 0.08551 0.01153 0.99627
vn 0.08672 0.01553 0.99611
vn 0.08416 0.01576 0.99633
vn 0.02997 0.00086 0.99955
vn 0.03065 0.00277 0.99953
vn 0.03126 0.00265 0.99951
vn 0.03179 0.00424 0.99949
vn 0.03096 0.00436 0.99951
vn 0.03132 0.00556 0.99949
vn 0.02902 0.00576 0.99956
vn 0.18824 0.04213 0.98122
vn 0.13786 0.03161 0.98995
vn 0.18467 0.04244 0.98188
vn 0.18704 0.05188 0.98098
vn 0.08528 0.02002 0.99616
vn 0.13508 0.03184 0.99032
vn 0.13679 0.03904 0.98983
vn 0.18259 0.05205 0.98181
vn 0.18456 0.06109 0.98092
vn 0.02941 0.00729 0.99954
vn 0.08285 0.02021 0.99636
vn 0.08393 0.02497 0.99616
vn 0.13296 0.03916 0.99035
vn 0.13433 0.04591 0.98987
vn 0.17919 0.06103 0.98192
vn 0.18076 0.06963 0.98106
vn 0.17389 0.06922 0.98233
vn 0.12926 0.04583 0.99055
vn 0.13233 0.05261 0.98981
vn 0.12701 0.05224 0.99053
vn 0.08076 0.02506 0.99642
vn 0.0829 0.02951 0.99612
vn 0.08031 0.02944 0.99633
vn 0.08211 0.03357 0.99606
vn 0.07821 0.03326 0.99638
vn 0.02846 0.00736 0.99957
vn 0.0295 0.00941 0.99952
vn 0.0295 0.00941 0.99952
vn 0.03027 0.01108 0.99948
vn 0.02892 0.01103 0.99952
vn 0.02942 0.01221 0.99949
vn 0.02681 0.01198 0.99957
vn 0.17794 0.07877 0.98088
vn 0.12986 0.05931 0.98976
vn 0.17134 0.07838 0.98209
vn 0.17505 0.08818 0.9806
vn 0.07989 0.03766 0.99609
vn 0.12461 0.05895 0.99045
vn 0.12728 0.0664 0.98964
vn 0.16757 0.08738 0.98198
vn 0.17072 0.09678 0.98056
vn 0.02738 0.01355 0.99953
vn 0.07575 0.03733 0.99643
vn 0.07742 0.04224 0.9961
vn 0.12099 0.06566 0.99048
vn 0.12318 0.07259 0.98973
vn 0.16235 0.09548 0.9821
vn 0.16496 0.10443 0.98076
vn 0.15569 0.10253 0.98247
vn 0.11631 0.07145 0.99064
vn 0.11957 0.07873 0.9897
vn 0.11278 0.07723 0.99061
vn 0.07317 0.0417 0.99645
vn 0.07546 0.04652 0.99606
vn 0.07174 0.04584 0.99637
vn 0.07357 0.0502 0.99603
vn 0.06885 0.04908 0.99642
vn 0.02595 0.01342 0.99957
vn 0.02712 0.01576 0.99951
vn 0.02656 0.01568 0.99952
vn 0.02737 0.01748 0.99947
vn 0.02569 0.01715 0.99952
vn 0.02614 0.01831 0.99949
vn 0.02345 0.01763 0.99957
vn 0.15993 0.11261 0.98069
vn 0.11569 0.08469 0.98967
vn 0.15146 0.11104 0.98221
vn 0.15519 0.12114 0.98043
vn 0.07054 0.05374 0.99606
vn 0.10903 0.08335 0.99054
vn 0.11164 0.091 0.98957
vn 0.14602 0.11902 0.9821
vn 0.14911 0.12863 0.98042
vn 0.02401 0.01928 0.99953
vn 0.06561 0.05267 0.99645
vn 0.0672 0.05774 0.99607
vn 0.10418 0.08915 0.99056
vn 0.10625 0.09618 0.98968
vn 0.13926 0.12586 0.98222
vn 0.14174 0.13494 0.98066
vn 0.13157 0.13156 0.98254
vn 0.09875 0.09395 0.99067
vn 0.10138 0.10138 0.98967
vn 0.09395 0.09875 0.99067
vn 0.06255 0.05651 0.99644
vn 0.06442 0.06149 0.99603
vn 0.06013 0.06012 0.99638
vn 0.06151 0.06444 0.99602
vn 0.05651 0.06256 0.99644
vn 0.02236 0.0189 0.99957
vn 0.0234 0.0215 0.99949
vn 0.02243 0.02123 0.99952
vn 0.02306 0.02305 0.99947
vn 0.02121 0.02242 0.99952
vn 0.02149 0.02339 0.9995
vn 0.0189 0.02236 0.99957
vn 0.13494 0.14175 0.98066
vn 0.09619 0.10625 0.98968
vn 0.12586 0.13926 0.98222
vn 0.12863 0.1491 0.98042
vn 0.05774 0.0672 0.99607
vn 0.08915 0.10418 0.99055
vn 0.091 0.11165 0.98957
vn 0.11902 0.14602 0.9821
vn 0.12114 0.15518 0.98043
vn 0.01928 0.02401 0.99953
vn 0.05267 0.0656 0.99645
vn 0.05374 0.07054 0.99606
vn 0.08335 0.10903 0.99054
vn 0.08469 0.11569 0.98967
vn 0.11104 0.15145 0.98221
vn 0.1126 0.15993 0.98069
vn 0.10254 0.15569 0.98247
vn 0.07724 0.11278 0.99061
vn 0.07874 0.11957 0.9897
vn 0.07145 0.11631 0.99064
vn 0.04909 0.06886 0.99642
vn 0.05022 0.0736 0.99602
vn 0.04585 0.07176 0.99637
vn 0.04652 0.07547 0.99606
vn 0.0417 0.07318 0.99645
vn 0.01763 0.02345 0.99957
vn 0.01831 0.02613 0.99949
vn 0.01714 0.02567 0.99952
vn 0.01748 0.02737 0.99947
vn 0.01568 0.02656 0.99952
vn 0.01576 0.02713 0.99951
vn 0.01342 0.02596 0.99957
vn 0.10443 0.16497 0.98075
vn 0.07259 0.12318 0.98973
vn 0.09548 0.16236 0.9821
vn 0.09678 0.17071 0.98056
vn 0.04224 0.07742 0.9961
vn 0.06566 0.121 0.99048
vn 0.0664 0.12728 0.98964
vn 0.08738 0.16756 0.98198
vn 0.08818 0.17505 0.9806
vn 0.01355 0.02738 0.99953
vn 0.03733 0.07576 0.99643
vn 0.03766 0.07989 0.99609
vn 0.05895 0.12461 0.99045
vn 0.05931 0.12986 0.98976
vn 0.07838 0.17133 0.98209
vn 0.07877 0.17795 0.98088
vn 0.06922 0.1739 0.98233
vn 0.05225 0.12701 0.99052
vn 0.05262 0.13235 0.98981
vn 0.04583 0.12927 0.99055
vn 0.03326 0.0782 0.99638
vn 0.03357 0.08209 0.99606
vn 0.02944 0.08029 0.99634
vn 0.02951 0.08292 0.99612
vn 0.02506 0.08078 0.99642
vn 0.01198 0.02681 0.99957
vn 0.01221 0.02942 0.99949
vn 0.01103 0.02892 0.99952
vn 0.01108 0.03025 0.99948
vn 0.00941 0.02947 0.99952
vn 0.00941 0.0295 0.99952
vn 0.00736 0.02846 0.99957
vn 0.06963 0.18076 0.98106
vn 0.04591 0.13436 0.98987
vn 0.06103 0.17919 0.98192
vn 0.06108 0.18453 0.98093
vn 0.02497 0.08393 0.99616
vn 0.03917 0.13298 0.99034
vn 0.03905 0.13679 0.98983
vn 0.05205 0.18257 0.98181
vn 0.05188 0.18704 0.98098
vn 0.00728 0.02941 0.99954
vn 0.02021 0.08285 0.99636
vn 0.02002 0.08528 0.99616
vn 0.03185 0.13508 0.99032
vn 0.03162 0.13787 0.98995
vn 0.04244 0.18467 0.98188
vn 0.04213 0.18823 0.98122
vn 0.03285 0.1856 0.98208
vn 0.02475 0.13601 0.9904
vn 0.02446 0.13906 0.98998
vn 0.0179 0.13705 0.9904
vn 0.01576 0.08416 0.99633
vn 0.01553 0.08669 0.99611
vn 0.01153 0.08549 0.99627
vn 0.01136 0.08665 0.99617
vn 0.00709 0.08524 0.99634
vn 0.00576 0.02902 0.99956
vn 0.00556 0.03132 0.99949
vn 0.00436 0.03096 0.99951
vn 0.00424 0.03177 0.99949
vn 0.00265 0.03124 0.99951
vn 0.00276 0.03065 0.99953
vn 0.00086 0.02997 0.99955
vn 0.03037 0.21048 0.97713
vn 0.01433 0.16083 0.98688
vn 0.03101 0.21042 0.97712
vn 0.0245 0.25349 0.96703
vn 0.00248 0.1081 0.99414
vn 0.01721 0.16068 0.98686
vn 0.00878 0.20227 0.97929
vn 0.02341 0.25355 0.96704
vn 0.01509 0.29454 0.95552
vn -0.00472 0.05178 0.99865
vn 0.00787 0.10794 0.99413
vn -0.00259 0.14871 0.98888
vn 0.00978 0.20224 0.97929
vn -0.00018 0.24107 0.97051
vn 0.01239 0.29461 0.95554
vn 0.00226 0.33431 0.94246
vn 0.0544 0.2715 0.9609
vn 0.04612 0.31692 0.94733
vn 0.04747 0.3167 0.94734
vn 0.07279 0.3789 0.92257
vn 0.03344 0.35812 0.93308
vn 0.03756 0.35756 0.93314
vn 0.05929 0.41953 0.9058
vn 0.06614 0.41837 0.90587
vn 0.08955 0.47465 0.87561
vn 0.01682 0.39593 0.91813
vn 0.02351 0.39522 0.91829
vn 0.04197 0.45782 0.88805
vn 0.05098 0.45657 0.88823
vn 0.07151 0.51426 0.85465
vn 0.08263 0.51239 0.85477
vn 0.10543 0.56658 0.81723
vn 0.09888 0.59955 0.7942
vn 0.06338 0.54837 0.83383
vn 0.07807 0.60159 0.79498
vn 0.07219 0.62434 0.77781
vn 0.03232 0.49227 0.86984
vn 0.04471 0.54963 0.83421
vn 0.03793 0.57234 0.81914
vn 0.05025 0.62575 0.7784
vn 0.04336 0.64744 0.76088
vn 0.00575 0.42998 0.90282
vn 0.01571 0.49285 0.86997
vn 0.00787 0.5158 0.85667
vn 0.01777 0.573 0.81936
vn 0.01019 0.59411 0.80432
vn 0.02019 0.64818 0.76122
vn 0.01213 0.66945 0.74275
vn 0.11898 0.65847 0.74314
vn 0.0899 0.68481 0.72315
vn 0.11232 0.68127 0.72336
vn 0.13236 0.73563 0.66433
vn 0.05814 0.70789 0.70392
vn 0.08264 0.70498 0.70439
vn 0.09953 0.75871 0.64377
vn 0.12586 0.75448 0.64415
vn 0.14422 0.80104 0.58098
vn 0.0236 0.72816 0.685
vn 0.05035 0.72608 0.68577
vn 0.06432 0.77983 0.62268
vn 0.09216 0.77648 0.62337
vn 0.10772 0.82325 0.55736
vn 0.13702 0.81859 0.55779
vn 0.15436 0.8599 0.48657
vn 0.14797 0.87269 0.46532
vn 0.10081 0.83744 0.53715
vn 0.11021 0.87747 0.4668
vn 0.10627 0.88422 0.45483
vn 0.05713 0.79459 0.60445
vn 0.06487 0.84054 0.53784
vn 0.06065 0.84801 0.52651
vn 0.06828 0.88741 0.45589
vn 0.0638 0.89412 0.44325
vn 0.01639 0.74261 0.66952
vn 0.02227 0.79616 0.60468
vn 0.01772 0.80424 0.59404
vn 0.02368 0.8496 0.5269
vn 0.01919 0.85658 0.51566
vn 0.02514 0.89576 0.44383
vn 0.01992 0.90267 0.42986
vn 0.99835 0.02485 0.05176
vn 0.98856 0.02558 0.14865
vn 0.99814 0.02615 0.05502
vn 0.99578 0.07371 0.05461
vn 0.9702 0.02528 0.241
vn 0.98838 0.02602 0.14976
vn 0.98599 0.07365 0.14963
vn 0.99564 0.07437 0.05628
vn 0.99098 0.12197 0.05551
vn 0.94217 0.0251 0.3342
vn 0.96995 0.02566 0.24193
vn 0.9675 0.07303 0.24208
vn 0.98583 0.07402 0.15056
vn 0.98117 0.12121 0.15038
vn 0.99095 0.12208 0.05578
vn 0.98386 0.17036 0.05469
vn 0.19123 0.85254 0.48642
vn 0.23336 0.84135 0.48751
vn 0.19193 0.85138 0.48817
vn 0.1787 0.79404 0.581
vn 0.27421 0.82944 0.48666
vn 0.2335 0.84109 0.48789
vn 0.2182 0.7851 0.57966
vn 0.17827 0.79489 0.57997
vn 0.16356 0.7293 0.66436
vn 0.31451 0.81674 0.48375
vn 0.27385 0.83019 0.48559
vn 0.25639 0.77484 0.57783
vn 0.21779 0.78603 0.57856
vn 0.20096 0.7211 0.66305
vn 0.16307 0.73043 0.66323
vn 0.14689 0.65293 0.74304
vn 0.06108 0.27016 0.96088
vn 0.08356 0.37672 0.92255
vn 0.08324 0.37777 0.92215
vn 0.10541 0.37243 0.92206
vn 0.10552 0.47144 0.87556
vn 0.1049 0.4734 0.87458
vn 0.13039 0.46739 0.87438
vn 0.13031 0.4677 0.87423
vn 0.15405 0.46121 0.87381
vn 0.12606 0.56251 0.81712
vn 0.12614 0.56226 0.81728
vn 0.15425 0.55579 0.81689
vn 0.15442 0.55519 0.81726
vn 0.18133 0.54806 0.81655
vn 0.18154 0.54718 0.81709
vn 0.20758 0.53938 0.81607
vn 0.06073 0.27136 0.96056
vn 0.10564 0.3715 0.92241
vn 0.07642 0.26666 0.96076
vn 0.07528 0.2714 0.95952
vn 0.15453 0.45894 0.87492
vn 0.12304 0.36546 0.92266
vn 0.12259 0.36772 0.92182
vn 0.08848 0.26694 0.95964
vn 0.08844 0.26718 0.95958
vn 0.20815 0.53625 0.81799
vn 0.17407 0.45143 0.87516
vn 0.17418 0.45076 0.87549
vn 0.13812 0.36181 0.92196
vn 0.13823 0.36108 0.92223
vn 0.09912 0.26318 0.95964
vn 0.09971 0.25886 0.96076
vn 0.11251 0.25358 0.96075
vn 0.15524 0.35406 0.92225
vn 0.15515 0.3549 0.92194
vn 0.1759 0.34537 0.92184
vn 0.1951 0.44209 0.8755
vn 0.19484 0.44446 0.87435
vn 0.21889 0.43352 0.87416
vn 0.21886 0.43395 0.87395
vn 0.24111 0.42286 0.87353
vn 0.23285 0.52597 0.818
vn 0.23278 0.52659 0.81763
vn 0.25937 0.51455 0.81729
vn 0.25937 0.51456 0.81728
vn 0.28471 0.50212 0.81659
vn 0.28473 0.50159 0.81691
vn 0.30909 0.48867 0.81588
vn 0.11246 0.25406 0.96063
vn 0.17598 0.34345 0.92254
vn 0.12688 0.24644 0.96082
vn 0.12667 0.25145 0.95954
vn 0.24115 0.41979 0.875
vn 0.1919 0.33411 0.92279
vn 0.1919 0.33659 0.92189
vn 0.13882 0.24449 0.95966
vn 0.13882 0.24487 0.95956
vn 0.30903 0.48523 0.81795
vn 0.25894 0.40853 0.87525
vn 0.25891 0.40793 0.87553
vn 0.20614 0.32768 0.92203
vn 0.2061 0.32702 0.92227
vn 0.1487 0.23877 0.95962
vn 0.14844 0.23448 0.96072
vn 0.16003 0.22678 0.96071
vn 0.22143 0.31682 0.92228
vn 0.22149 0.31745 0.92204
vn 0.23986 0.30417 0.92193
vn 0.27765 0.39539 0.87554
vn 0.27784 0.39755 0.87451
vn 0.29909 0.38228 0.8743
vn 0.29909 0.38229 0.8743
vn 0.31871 0.36713 0.87386
vn 0.33105 0.47043 0.81799
vn 0.33108 0.47087 0.81772
vn 0.35452 0.45406 0.8174
vn 0.35447 0.45368 0.81763
vn 0.37677 0.43663 0.81695
vn 0.37657 0.43543 0.81768
vn 0.39797 0.41801 0.81663
vn 0.1601 0.22738 0.96056
vn 0.23959 0.30235 0.9226
vn 0.17274 0.21709 0.96075
vn 0.17357 0.22234 0.9594
vn 0.31816 0.36417 0.8753
vn 0.25345 0.29003 0.92285
vn 0.25405 0.29303 0.92173
vn 0.18413 0.2131 0.95952
vn 0.18422 0.21355 0.9594
vn 0.39724 0.41468 0.81868
vn 0.33357 0.34954 0.87553
vn 0.3336 0.34965 0.87548
vn 0.2664 0.28138 0.92188
vn 0.26631 0.28103 0.92201
vn 0.19275 0.20558 0.95947
vn 0.19161 0.20128 0.96061
vn 0.20121 0.19168 0.96061
vn 0.27907 0.26829 0.92203
vn 0.27912 0.26847 0.92196
vn 0.29433 0.25205 0.92187
vn 0.34931 0.33394 0.87548
vn 0.34999 0.33629 0.87431
vn 0.36781 0.31724 0.87412
vn 0.36782 0.31727 0.8741
vn 0.38421 0.29844 0.87368
vn 0.41592 0.39598 0.81866
vn 0.41632 0.39741 0.81777
vn 0.43612 0.37633 0.81742
vn 0.43622 0.37664 0.81722
vn 0.45505 0.35529 0.81651
vn 0.45478 0.35455 0.81699
vn 0.47283 0.33274 0.81592
vn 0.20115 0.1915 0.96066
vn 0.29343 0.24957 0.92283
vn 0.2114 0.17909 0.96085
vn 0.21317 0.1839 0.95955
vn 0.38287 0.2951 0.8754
vn 0.30466 0.23476 0.92308
vn 0.30579 0.2375 0.922
vn 0.22171 0.17278 0.95968
vn 0.22189 0.17321 0.95956
vn 0.47145 0.32957 0.818
vn 0.39536 0.27749 0.87561
vn 0.39542 0.27761 0.87554
vn 0.31576 0.22347 0.92215
vn 0.31563 0.22319 0.92226
vn 0.22879 0.16356 0.95964
vn 0.22694 0.15979 0.96071
vn 0.23462 0.14823 0.96072
vn 0.32579 0.20796 0.92229
vn 0.32597 0.20829 0.92215
vn 0.3376 0.18927 0.92206
vn 0.4079 0.25896 0.87553
vn 0.40897 0.26104 0.87441
vn 0.42254 0.23916 0.87422
vn 0.42243 0.23896 0.87433
vn 0.43473 0.21741 0.87392
vn 0.48623 0.30755 0.81792
vn 0.48675 0.3086 0.81721
vn 0.50182 0.28454 0.81683
vn 0.50176 0.28443 0.8169
vn 0.51594 0.26008 0.81619
vn 0.5152 0.25888 0.81704
vn 0.5286 0.23401 0.81598
vn 0.23487 0.14868 0.96059
vn 0.33668 0.18773 0.92272
vn 0.24247 0.13457 0.96078
vn 0.24517 0.13899 0.95947
vn 0.43311 0.21492 0.87534
vn 0.34477 0.17108 0.92297
vn 0.3464 0.17352 0.9219
vn 0.25136 0.12645 0.9596
vn 0.25154 0.12671 0.95952
vn 0.52666 0.23122 0.81803
vn 0.44195 0.19513 0.87556
vn 0.44203 0.19524 0.87549
vn 0.35347 0.15779 0.92204
vn 0.35317 0.15739 0.92223
vn 0.25643 0.11592 0.95959
vn 0.25366 0.11229 0.96075
vn 0.2589 0.09961 0.96076
vn 0.36012 0.1406 0.92225
vn 0.36035 0.14088 0.92212
vn 0.36803 0.12005 0.92203
vn 0.45061 0.17456 0.87549
vn 0.45225 0.1766 0.87423
vn 0.4613 0.15248 0.87405
vn 0.4613 0.15249 0.87404
vn 0.46921 0.12884 0.87364
vn 0.53686 0.20661 0.81798
vn 0.53795 0.20802 0.81691
vn 0.54806 0.18133 0.81655
vn 0.54835 0.18168 0.81628
vn 0.55757 0.15474 0.81558
vn 0.55697 0.1541 0.81611
vn 0.56536 0.12669 0.81506
vn 0.25904 0.09978 0.9607
vn 0.36661 0.11848 0.9228
vn 0.26368 0.08469 0.96088
vn 0.2671 0.08841 0.95961
vn 0.467 0.12656 0.87515
vn 0.37125 0.10071 0.92306
vn 0.3731 0.10256 0.92211
vn 0.27074 0.07496 0.95973
vn 0.27093 0.07515 0.95966
vn 0.56288 0.12431 0.81714
vn 0.47177 0.10539 0.8754
vn 0.4715 0.10515 0.87557
vn 0.37699 0.08572 0.92224
vn 0.37639 0.08518 0.92254
vn 0.27367 0.06349 0.95972
vn 0.27027 0.06049 0.96088
vn 0.35448 0.79952 0.48489
vn 0.39341 0.78008 0.48652
vn 0.35507 0.79787 0.48716
vn 0.3308 0.74409 0.58043
vn 0.43082 0.76024 0.48624
vn 0.39363 0.77938 0.48747
vn 0.36771 0.72752 0.57923
vn 0.3306 0.74479 0.57965
vn 0.30308 0.68285 0.66472
vn 0.46738 0.73974 0.48408
vn 0.43076 0.76049 0.48591
vn 0.40291 0.70974 0.57787
vn 0.36758 0.72807 0.57861
vn 0.33821 0.66737 0.6635
vn 0.30284 0.68398 0.66367
vn 0.27131 0.61021 0.74433
vn 0.31485 0.81593 0.4849
vn 0.29307 0.75972 0.58046
vn 0.29272 0.76078 0.57925
vn 0.25664 0.77417 0.57861
vn 0.26802 0.69736 0.66472
vn 0.2679 0.69782 0.66429
vn 0.23516 0.70993 0.66385
vn 0.23523 0.70972 0.66405
vn 0.20103 0.72091 0.66323
vn 0.23987 0.62327 0.74431
vn 0.23935 0.62568 0.74245
vn 0.21052 0.63628 0.74218
vn 0.21044 0.63655 0.74197
vn 0.17944 0.64653 0.74148
vn 0.18004 0.64465 0.74297
vn 0.14653 0.65388 0.74228
vn 0.271 0.61214 0.74287
vn 0.33814 0.66783 0.66308
vn 0.30235 0.59638 0.74358
vn 0.30203 0.59917 0.74147
vn 0.403 0.70923 0.57843
vn 0.36949 0.65017 0.66389
vn 0.36944 0.65067 0.66344
vn 0.33073 0.58318 0.74197
vn 0.33073 0.58328 0.7419
vn 0.46762 0.73858 0.48562
vn 0.43549 0.68922 0.57907
vn 0.43565 0.68796 0.58044
vn 0.39913 0.63244 0.66386
vn 0.39917 0.63181 0.66444
vn 0.35711 0.56713 0.74219
vn 0.35714 0.56464 0.74407
vn 0.50293 0.715 0.48562
vn 0.53779 0.68866 0.48634
vn 0.50309 0.71397 0.48698
vn 0.4688 0.66586 0.5804
vn 0.57139 0.66205 0.48498
vn 0.53778 0.68874 0.48624
vn 0.5019 0.64242 0.57913
vn 0.46874 0.66665 0.57954
vn 0.42982 0.61137 0.66444
vn 0.60431 0.63474 0.48157
vn 0.57133 0.66323 0.48344
vn 0.53339 0.61799 0.57757
vn 0.50188 0.64319 0.5783
vn 0.46099 0.58896 0.66379
vn 0.42982 0.61194 0.66392
vn 0.38483 0.54607 0.74412
vn 0.38486 0.54689 0.7435
vn 0.46099 0.5888 0.66393
vn 0.412 0.52575 0.74421
vn 0.41217 0.5279 0.74259
vn 0.53337 0.61744 0.57817
vn 0.48833 0.56535 0.66476
vn 0.48835 0.56558 0.66455
vn 0.43706 0.50676 0.74308
vn 0.43702 0.50646 0.74331
vn 0.60432 0.63409 0.48242
vn 0.56198 0.59088 0.57883
vn 0.56189 0.58963 0.58019
vn 0.51434 0.5415 0.665
vn 0.51425 0.54082 0.66563
vn 0.46 0.48528 0.74357
vn 0.45951 0.48266 0.74558
vn 0.63441 0.60399 0.48241
vn 0.66248 0.57177 0.48394
vn 0.63433 0.60237 0.48454
vn 0.59043 0.56106 0.58018
vn 0.68954 0.53847 0.48434
vn 0.66236 0.57054 0.48555
vn 0.61784 0.53185 0.57915
vn 0.5905 0.56165 0.57953
vn 0.54078 0.5143 0.66563
vn 0.71591 0.50357 0.48362
vn 0.68942 0.5376 0.48548
vn 0.64365 0.5009 0.57863
vn 0.61781 0.53164 0.57938
vn 0.56703 0.48636 0.66478
vn 0.54091 0.51502 0.66496
vn 0.48346 0.45869 0.74557
vn 0.48394 0.46073 0.74399
vn 0.56712 0.48675 0.66441
vn 0.50667 0.43445 0.74467
vn 0.50771 0.43811 0.74182
vn 0.64349 0.50016 0.57945
vn 0.58952 0.45818 0.66523
vn 0.58995 0.4597 0.6638
vn 0.52833 0.41213 0.7423
vn 0.5285 0.41263 0.7419
vn 0.71562 0.50206 0.48562
vn 0.66639 0.4684 0.58011
vn 0.66632 0.46813 0.58041
vn 0.61097 0.43066 0.66426
vn 0.61091 0.43048 0.66443
vn 0.5473 0.38689 0.74214
vn 0.54633 0.38446 0.74412
vn 0.73903 0.46692 0.4856
vn 0.76054 0.431 0.48561
vn 0.73892 0.46648 0.48619
vn 0.68841 0.43495 0.58044
vn 0.78092 0.39384 0.48482
vn 0.76045 0.43071 0.48601
vn 0.7096 0.40164 0.57892
vn 0.68875 0.43597 0.57927
vn 0.63147 0.39969 0.66445
vn 0.80042 0.35488 0.48311
vn 0.78089 0.39373 0.48497
vn 0.72898 0.36669 0.57804
vn 0.70965 0.40175 0.57878
vn 0.65141 0.36745 0.66382
vn 0.63164 0.40013 0.66402
vn 0.56502 0.35656 0.74405
vn 0.56556 0.35773 0.74309
vn 0.65131 0.36724 0.66402
vn 0.5824 0.32807 0.74376
vn 0.58394 0.3311 0.7412
vn 0.72856 0.36575 0.57916
vn 0.66757 0.33517 0.66484
vn 0.66814 0.33628 0.6637
vn 0.59896 0.30189 0.74169
vn 0.59898 0.30194 0.74165
vn 0.7999 0.35359 0.48491
vn 0.74487 0.33012 0.57982
vn 0.74461 0.32962 0.58043
vn 0.68312 0.3037 0.66417
vn 0.68281 0.30317 0.66473
vn 0.61239 0.27303 0.74191
vn 0.61063 0.27033 0.74435
vn 0.81615 0.31427 0.48491
vn 0.82986 0.27435 0.48586
vn 0.81564 0.3132 0.48645
vn 0.76008 0.29217 0.58044
vn 0.84225 0.23361 0.48584
vn 0.82944 0.27355 0.48703
vn 0.77404 0.255 0.57952
vn 0.76033 0.2926 0.5799
vn 0.69725 0.2683 0.66473
vn 0.85341 0.19143 0.48481
vn 0.84193 0.23306 0.48666
vn 0.78588 0.2167 0.57917
vn 0.77383 0.25468 0.57993
vn 0.7103 0.2325 0.66439
vn 0.69732 0.2684 0.66461
vn 0.62367 0.23885 0.7443
vn 0.62484 0.24047 0.7428
vn 0.71056 0.23286 0.66399
vn 0.63559 0.20794 0.74349
vn 0.63811 0.21112 0.74043
vn 0.78557 0.21626 0.57975
vn 0.72023 0.19826 0.66481
vn 0.72113 0.19939 0.66349
vn 0.64719 0.1793 0.74094
vn 0.64756 0.17972 0.74052
vn 0.85272 0.19039 0.48644
vn 0.79457 0.17822 0.58042
vn 0.79425 0.1778 0.581
vn 0.72952 0.1645 0.66389
vn 0.72917 0.16411 0.66436
vn 0.6551 0.14845 0.74081
vn 0.65305 0.14635 0.74304
vn -0 0.94246 0.33433
vn -0 0.97051 0.24104
vn -0 0.97051 0.24106
vn -0 0.98889 0.14865
vn 0 0.98888 0.14868
vn 0 0.99866 0.05178
vn -0 0.98889 0.14866
vn 0 0.98888 0.14868
vn 0 0.97051 0.24108
vn 0 0.97051 0.24106
vn 0 0.94245 0.33436
vn 0 0.94246 0.33433
vn -0 0.74271 0.66961
vn -0 0.80436 0.59414
vn -0 0.80436 0.59414
vn -0 0.85674 0.51575
vn -0 0.8567 0.51582
vn -0 0.90285 0.42995
vn 0 0.90283 0.43
vn 0 0.90285 0.42995
vn 0 0.85674 0.51575
vn 0 0.85674 0.51576
vn 0 0.80436 0.59414
vn 0 0.80441 0.59407
vn 0 0.74271 0.66961
vn 0 0.74276 0.66956
vn -0 0.42998 0.90284
vn -0 0.51582 0.8567
vn 0 0.5158 0.85671
vn 0 0.59414 0.80436
vn 0 0.59413 0.80437
vn 0 0.6695 0.74281
vn 0 0.66955 0.74276
vn -0 0.6695 0.74281
vn -0 0.59414 0.80436
vn -0 0.5941 0.80439
vn -0 0.51582 0.8567
vn 0 0.51579 0.85671
vn 0 0.42998 0.90284
vn 0 0.42999 0.90283
vn 0 0.05178 0.99866
vn 0 0.14867 0.98889
vn -0 0.14871 0.98888
vn -0 0.2411 0.9705
vn -0 0.24107 0.97051
vn -0 0.33435 0.94245
vn 0 0.33431 0.94246
vn 0 0.33431 0.94246
vn 0 0.24105 0.97051
vn 0 0.24107 0.97051
vn 0 0.14865 0.98889
vn 0 0.14871 0.98888
vn -0.94217 0.0251 0.3342
vn -0.9702 0.02528 0.241
vn -0.96995 0.02566 0.24193
vn -0.9675 0.07303 0.24208
vn -0.98856 0.02558 0.14865
vn -0.98838 0.02602 0.14976
vn -0.98599 0.07365 0.14963
vn -0.98583 0.07402 0.15056
vn -0.98117 0.12121 0.15038
vn -0.99835 0.02485 0.05176
vn -0.99814 0.02615 0.05502
vn -0.99578 0.07371 0.05461
vn -0.99564 0.07437 0.05628
vn -0.99098 0.12197 0.05551
vn -0.99095 0.12208 0.05578
vn -0.98386 0.17036 0.05469
vn -0.94082 0.02664 0.33787
vn -0.96606 0.07505 0.24718
vn -0.93861 0.06783 0.33824
vn -0.93382 0.07267 0.35029
vn -0.98001 0.12339 0.15604
vn -0.96182 0.11608 0.24783
vn -0.95775 0.12108 0.26089
vn -0.92983 0.11205 0.35052
vn -0.92414 0.11707 0.36367
vn -0.98316 0.17251 0.06026
vn -0.97372 0.16537 0.15661
vn -0.97045 0.17063 0.17064
vn -0.95167 0.16149 0.26125
vn -0.94726 0.16617 0.27403
vn -0.9185 0.15512 0.36372
vn -0.91168 0.16034 0.37832
vn -0.90321 0.20308 0.37811
vn -0.93829 0.211 0.27404
vn -0.93869 0.21057 0.27298
vn -0.92689 0.25752 0.27305
vn -0.96115 0.21686 0.17075
vn -0.96134 0.21657 0.17005
vn -0.94957 0.26348 0.17
vn -0.94979 0.26317 0.16922
vn -0.93591 0.30906 0.16897
vn -0.97385 0.21904 0.06033
vn -0.97343 0.22017 0.06297
vn -0.96181 0.26644 0.06267
vn -0.96165 0.26682 0.06357
vn -0.94773 0.31283 0.06284
vn -0.94791 0.31246 0.06196
vn -0.9314 0.35889 0.06073
vn -0.90368 0.20271 0.37718
vn -0.92675 0.25765 0.2734
vn -0.89211 0.24845 0.37738
vn -0.89313 0.24772 0.37543
vn -0.93571 0.30931 0.16961
vn -0.91298 0.3022 0.27411
vn -0.91307 0.30213 0.2739
vn -0.8799 0.291 0.37562
vn -0.88001 0.29093 0.37541
vn -0.93141 0.35888 0.06069
vn -0.91951 0.35427 0.17027
vn -0.91914 0.35469 0.17138
vn -0.89741 0.34559 0.27428
vn -0.89745 0.34556 0.27417
vn -0.86515 0.33239 0.37554
vn -0.86436 0.33284 0.37697
vn -0.84653 0.37589 0.37697
vn -0.87888 0.39038 0.27417
vn -0.87931 0.39007 0.27323
vn -0.85867 0.43353 0.27339
vn -0.90016 0.40044 0.17137
vn -0.90024 0.40035 0.17113
vn -0.87968 0.44375 0.17101
vn -0.87989 0.44356 0.17045
vn -0.85742 0.48566 0.17021
vn -0.91239 0.4048 0.06069
vn -0.91157 0.40612 0.06408
vn -0.89129 0.44895 0.06369
vn -0.89094 0.44945 0.06501
vn -0.86841 0.49167 0.0642
vn -0.8686 0.49142 0.06352
vn -0.84342 0.53364 0.06224
vn -0.84712 0.37558 0.37593
vn -0.85896 0.43335 0.27276
vn -0.82703 0.41773 0.37619
vn -0.82771 0.41743 0.37504
vn -0.85775 0.48538 0.16933
vn -0.83692 0.47409 0.27349
vn -0.83685 0.47414 0.27365
vn -0.80652 0.45683 0.37527
vn -0.80628 0.45693 0.37568
vn -0.84394 0.53301 0.06046
vn -0.83316 0.52626 0.16999
vn -0.83277 0.52656 0.17098
vn -0.81319 0.51345 0.27404
vn -0.81316 0.51346 0.27409
vn -0.7839 0.49421 0.37584
vn -0.7828 0.49457 0.37766
vn -0.75701 0.53318 0.3777
vn -0.78616 0.55392 0.2741
vn -0.78672 0.55367 0.27298
vn -0.75791 0.59241 0.27317
vn -0.805 0.56811 0.17096
vn -0.80527 0.56793 0.17029
vn -0.77651 0.60669 0.17016
vn -0.77691 0.60644 0.16923
vn -0.74653 0.64353 0.16901
vn -0.81591 0.57501 0.06045
vn -0.81508 0.5759 0.06311
vn -0.78663 0.61424 0.06271
vn -0.78642 0.61444 0.06333
vn -0.75588 0.65172 0.06252
vn -0.75635 0.6513 0.06116
vn -0.72319 0.68805 0.0599
vn -0.75772 0.53298 0.37655
vn -0.75758 0.59254 0.2738
vn -0.72934 0.57104 0.37681
vn -0.73081 0.5707 0.37446
vn -0.74585 0.64391 0.17056
vn -0.72756 0.62872 0.27453
vn -0.72767 0.62868 0.27432
vn -0.70164 0.60607 0.37467
vn -0.70212 0.60599 0.37391
vn -0.72263 0.6885 0.06147
vn -0.71328 0.67964 0.17123
vn -0.71262 0.67996 0.17268
vn -0.69607 0.66334 0.27471
vn -0.69621 0.6633 0.27443
vn -0.67189 0.63927 0.37404
vn -0.67151 0.63931 0.37464
vn -0.63893 0.67188 0.37463
vn -0.66256 0.69692 0.27443
vn -0.66304 0.69681 0.27354
vn -0.62807 0.72844 0.27369
vn -0.67826 0.71424 0.17267
vn -0.67836 0.7142 0.17246
vn -0.64315 0.7461 0.17232
vn -0.64385 0.74584 0.17083
vn -0.607 0.77618 0.17057
vn -0.68802 0.72308 0.06147
vn -0.68676 0.72398 0.06485
vn -0.65164 0.75578 0.06445
vn -0.65154 0.75585 0.06472
vn -0.61417 0.78658 0.06388
vn -0.61528 0.78594 0.06112
vn -0.575 0.81596 0.0598
vn -0.63962 0.67183 0.37354
vn -0.62852 0.72836 0.27288
vn -0.60562 0.70247 0.37384
vn -0.60627 0.70245 0.37283
vn -0.6071 0.77615 0.17036
vn -0.59226 0.75786 0.27365
vn -0.59243 0.75784 0.27334
vn -0.57151 0.73088 0.37308
vn -0.57075 0.73087 0.37426
vn -0.57474 0.8161 0.06045
vn -0.56726 0.80557 0.17108
vn -0.56731 0.80556 0.17098
vn -0.5543 0.786 0.27377
vn -0.55412 0.78602 0.27409
vn -0.53482 0.75749 0.3744
vn -0.53271 0.75734 0.3777
vn -0.49415 0.78307 0.37765
vn -0.51372 0.813 0.27409
vn -0.5135 0.813 0.27449
vn -0.47308 0.83713 0.27462
vn -0.52607 0.83307 0.17099
vn -0.52594 0.8331 0.17126
vn -0.48517 0.85751 0.17114
vn -0.48535 0.85748 0.17077
vn -0.44352 0.87989 0.17052
vn -0.5337 0.84351 0.06046
vn -0.5324 0.8441 0.06356
vn -0.49171 0.86846 0.06318
vn -0.49143 0.86857 0.06384
vn -0.44898 0.89132 0.06304
vn -0.44975 0.89105 0.06128
vn -0.40481 0.91243 0.06
vn -0.49481 0.78315 0.37661
vn -0.47325 0.83713 0.27431
vn -0.45547 0.80655 0.37686
vn -0.45724 0.80685 0.37408
vn -0.44338 0.87991 0.1708
vn -0.43227 0.85878 0.27504
vn -0.43295 0.85883 0.27382
vn -0.41753 0.82798 0.37431
vn -0.41758 0.82799 0.37424
vn -0.40449 0.91252 0.0607
vn -0.39924 0.90067 0.17148
vn -0.39928 0.90067 0.17139
vn -0.39033 0.87889 0.27422
vn -0.39037 0.87889 0.27415
vn -0.37701 0.84717 0.37439
vn -0.37541 0.84673 0.37697
vn -0.33232 0.86456 0.37696
vn -0.34538 0.89753 0.27415
vn -0.34539 0.89753 0.27414
vn -0.30097 0.91334 0.27429
vn -0.35346 0.91962 0.17139
vn -0.35342 0.91962 0.17146
vn -0.30863 0.93563 0.17133
vn -0.309 0.93564 0.17059
vn -0.26346 0.94951 0.17033
vn -0.35889 0.9314 0.0607
vn -0.35754 0.93172 0.06373
vn -0.31286 0.94769 0.06334
vn -0.31262 0.94773 0.06387
vn -0.26645 0.96178 0.06306
vn -0.26739 0.96165 0.06101
vn -0.21899 0.9739 0.05972
vn -0.33301 0.86478 0.37584
vn -0.30123 0.9134 0.2738
vn -0.28979 0.88009 0.37611
vn -0.29112 0.8806 0.3739
vn -0.26342 0.94951 0.17041
vn -0.25667 0.9267 0.27449
vn -0.25721 0.92685 0.2735
vn -0.2481 0.89355 0.37418
vn -0.2478 0.89343 0.37468
vn -0.21872 0.97392 0.06031
vn -0.2159 0.96132 0.17102
vn -0.21603 0.96134 0.17075
vn -0.21151 0.93822 0.27386
vn -0.2114 0.93819 0.27407
vn -0.20444 0.90423 0.37494
vn -0.20262 0.90331 0.37811
vn -0.16034 0.91168 0.37831
vn -0.16617 0.94725 0.27406
vn -0.15513 0.9185 0.36373
vn -0.11706 0.92414 0.36367
vn -0.17063 0.97045 0.17064
vn -0.16148 0.95167 0.26125
vn -0.12109 0.95775 0.26088
vn -0.11205 0.92982 0.35054
vn -0.07268 0.93381 0.35032
vn -0.1725 0.98317 0.06024
vn -0.16536 0.97372 0.15661
vn -0.12339 0.98001 0.15604
vn -0.11609 0.96182 0.24783
vn -0.07505 0.96606 0.24718
vn -0.06783 0.93861 0.33824
vn -0.02663 0.94081 0.33787
vn -0.14797 0.87269 0.46532
vn -0.10627 0.88422 0.45483
vn -0.11021 0.87747 0.4668
vn -0.10081 0.83744 0.53715
vn -0.0638 0.89412 0.44325
vn -0.06828 0.88741 0.45589
vn -0.06065 0.84801 0.52651
vn -0.06487 0.84054 0.53784
vn -0.05713 0.79459 0.60445
vn -0.01992 0.90267 0.42986
vn -0.02514 0.89576 0.44383
vn -0.01919 0.85658 0.51566
vn -0.02368 0.8496 0.5269
vn -0.01772 0.80424 0.59404
vn -0.02227 0.79616 0.60468
vn -0.01639 0.74261 0.66952
vn -0.15436 0.8599 0.48657
vn -0.10772 0.82325 0.55736
vn -0.13702 0.81859 0.55779
vn -0.14422 0.80104 0.58098
vn -0.06432 0.77983 0.62268
vn -0.09216 0.77648 0.62337
vn -0.09953 0.75871 0.64377
vn -0.12586 0.75447 0.64415
vn -0.13236 0.73563 0.66433
vn -0.0236 0.72816 0.685
vn -0.05035 0.72608 0.68577
vn -0.05814 0.70789 0.70392
vn -0.08264 0.70498 0.70439
vn -0.0899 0.68481 0.72315
vn -0.11232 0.68127 0.72336
vn -0.11898 0.65847 0.74314
vn -0.09888 0.59955 0.7942
vn -0.07218 0.62432 0.77783
vn -0.07806 0.60159 0.79498
vn -0.06337 0.54839 0.83382
vn -0.04336 0.64744 0.76088
vn -0.05026 0.62573 0.77842
vn -0.03794 0.57235 0.81913
vn -0.04472 0.54965 0.8342
vn -0.03232 0.49227 0.86984
vn -0.01213 0.66945 0.74275
vn -0.02019 0.64818 0.76122
vn -0.01019 0.59411 0.80432
vn -0.01776 0.57301 0.81936
vn -0.00786 0.5158 0.85667
vn -0.01571 0.49284 0.86998
vn -0.00575 0.42998 0.90282
vn -0.10543 0.56658 0.81723
vn -0.07152 0.51425 0.85465
vn -0.08263 0.51238 0.85477
vn -0.08955 0.47465 0.87561
vn -0.04198 0.4578 0.88806
vn -0.05098 0.45655 0.88823
vn -0.05929 0.41954 0.9058
vn -0.06614 0.41838 0.90586
vn -0.07279 0.3789 0.92257
vn -0.01682 0.39593 0.91813
vn -0.02352 0.39522 0.91829
vn -0.03344 0.35814 0.93307
vn -0.03756 0.35757 0.93313
vn -0.04612 0.31692 0.94733
vn -0.04747 0.3167 0.94734
vn -0.0544 0.2715 0.9609
vn -0.03037 0.21048 0.97713
vn -0.0245 0.25349 0.96703
vn -0.03101 0.21042 0.97712
vn -0.01433 0.16083 0.98688
vn -0.01509 0.29454 0.95552
vn -0.02341 0.25355 0.96704
vn -0.00878 0.20226 0.97929
vn -0.01721 0.16068 0.98686
vn -0.00248 0.1081 0.99414
vn -0.00226 0.33431 0.94246
vn -0.01239 0.29461 0.95554
vn 0.00018 0.24107 0.97051
vn -0.00978 0.20224 0.97929
vn 0.00259 0.14871 0.98888
vn -0.00788 0.10795 0.99413
vn 0.00472 0.05178 0.99865
vn -0.03285 0.1856 0.98208
vn -0.0179 0.13703 0.9904
vn -0.02446 0.13904 0.98998
vn -0.02474 0.13601 0.9904
vn -0.00709 0.08521 0.99634
vn -0.01136 0.08662 0.99618
vn -0.01153 0.08551 0.99627
vn -0.01553 0.08671 0.99611
vn -0.01576 0.08416 0.99633
vn -0.00086 0.02997 0.99955
vn -0.00277 0.03065 0.99953
vn -0.00265 0.03126 0.99951
vn -0.00424 0.03179 0.99949
vn -0.00436 0.03096 0.99951
vn -0.00556 0.03132 0.99949
vn -0.00576 0.02902 0.99956
vn -0.04213 0.18823 0.98122
vn -0.03161 0.13787 0.98995
vn -0.04244 0.18468 0.98188
vn -0.05188 0.18705 0.98098
vn -0.02002 0.08528 0.99616
vn -0.03184 0.13507 0.99032
vn -0.03904 0.13679 0.98983
vn -0.05205 0.18259 0.98181
vn -0.06109 0.18455 0.98092
vn -0.00728 0.02941 0.99954
vn -0.02021 0.08285 0.99636
vn -0.02497 0.08393 0.99616
vn -0.03916 0.13296 0.99035
vn -0.04591 0.13434 0.98987
vn -0.06103 0.17919 0.98192
vn -0.06963 0.18076 0.98106
vn -0.06922 0.1739 0.98233
vn -0.04583 0.12926 0.99055
vn -0.05261 0.13233 0.98981
vn -0.05224 0.12701 0.99053
vn -0.02506 0.08076 0.99642
vn -0.02951 0.0829 0.99612
vn -0.02944 0.08031 0.99634
vn -0.03357 0.0821 0.99606
vn -0.03326 0.0782 0.99638
vn -0.00736 0.02846 0.99957
vn -0.00941 0.02951 0.99952
vn -0.00941 0.02949 0.99952
vn -0.01108 0.03027 0.99948
vn -0.01103 0.02892 0.99952
vn -0.01221 0.02942 0.99949
vn -0.01198 0.02681 0.99957
vn -0.07877 0.17795 0.98088
vn -0.05931 0.12986 0.98976
vn -0.07838 0.17133 0.98209
vn -0.08818 0.17505 0.9806
vn -0.03766 0.07989 0.99609
vn -0.05895 0.12461 0.99045
vn -0.0664 0.12728 0.98964
vn -0.08738 0.16757 0.98198
vn -0.09678 0.17072 0.98056
vn -0.01355 0.02738 0.99953
vn -0.03733 0.07576 0.99643
vn -0.04224 0.07742 0.9961
vn -0.06566 0.121 0.99048
vn -0.07259 0.12318 0.98973
vn -0.09549 0.16236 0.9821
vn -0.10443 0.16497 0.98075
vn -0.10254 0.15569 0.98247
vn -0.07145 0.11631 0.99064
vn -0.07874 0.11957 0.9897
vn -0.07724 0.11278 0.99061
vn -0.0417 0.07318 0.99645
vn -0.04652 0.07547 0.99606
vn -0.04584 0.07175 0.99637
vn -0.0502 0.07358 0.99603
vn -0.04908 0.06885 0.99642
vn -0.01342 0.02596 0.99957
vn -0.01576 0.02713 0.99951
vn -0.01568 0.02656 0.99952
vn -0.01748 0.02737 0.99947
vn -0.01715 0.02569 0.99952
vn -0.01831 0.02615 0.99949
vn -0.01763 0.02345 0.99957
vn -0.1126 0.15993 0.98069
vn -0.08469 0.11569 0.98967
vn -0.11104 0.15145 0.98221
vn -0.12114 0.15518 0.98043
vn -0.05374 0.07055 0.99606
vn -0.08335 0.10903 0.99054
vn -0.091 0.11164 0.98957
vn -0.11902 0.14602 0.9821
vn -0.12863 0.1491 0.98042
vn -0.01928 0.02401 0.99953
vn -0.05267 0.06561 0.99645
vn -0.05774 0.0672 0.99607
vn -0.08915 0.10418 0.99055
vn -0.09619 0.10625 0.98968
vn -0.12586 0.13926 0.98222
vn -0.13494 0.14175 0.98066
vn -0.13157 0.13156 0.98254
vn -0.09395 0.09875 0.99067
vn -0.10138 0.10138 0.98967
vn -0.09875 0.09395 0.99067
vn -0.0565 0.06254 0.99644
vn -0.0615 0.06442 0.99603
vn -0.06012 0.06013 0.99638
vn -0.06444 0.06151 0.99602
vn -0.06256 0.05651 0.99644
vn -0.0189 0.02236 0.99957
vn -0.0215 0.0234 0.9995
vn -0.02122 0.02243 0.99952
vn -0.02305 0.02306 0.99947
vn -0.02242 0.02121 0.99952
vn -0.02339 0.02149 0.9995
vn -0.02236 0.0189 0.99957
vn -0.14174 0.13494 0.98066
vn -0.10625 0.09618 0.98968
vn -0.13926 0.12586 0.98222
vn -0.14911 0.12863 0.98042
vn -0.06721 0.05774 0.99607
vn -0.10418 0.08914 0.99056
vn -0.11164 0.091 0.98957
vn -0.14602 0.11902 0.9821
vn -0.15519 0.12114 0.98043
vn -0.02401 0.01928 0.99953
vn -0.06561 0.05267 0.99645
vn -0.07054 0.05374 0.99606
vn -0.10903 0.08335 0.99054
vn -0.11569 0.08469 0.98967
vn -0.15146 0.11104 0.98221
vn -0.15993 0.11261 0.98069
vn -0.15569 0.10253 0.98247
vn -0.11278 0.07723 0.99061
vn -0.11957 0.07873 0.9897
vn -0.11631 0.07145 0.99064
vn -0.06885 0.04909 0.99642
vn -0.07359 0.05021 0.99602
vn -0.07176 0.04584 0.99637
vn -0.07546 0.04652 0.99606
vn -0.07317 0.0417 0.99645
vn -0.02345 0.01763 0.99957
vn -0.02613 0.0183 0.99949
vn -0.02567 0.01714 0.99952
vn -0.02736 0.01747 0.99947
vn -0.02656 0.01568 0.99952
vn -0.02712 0.01576 0.99951
vn -0.02595 0.01342 0.99957
vn -0.16496 0.10443 0.98076
vn -0.12318 0.07259 0.98973
vn -0.16235 0.09548 0.9821
vn -0.17072 0.09678 0.98056
vn -0.07742 0.04224 0.9961
vn -0.121 0.06566 0.99048
vn -0.12729 0.0664 0.98964
vn -0.16757 0.08738 0.98198
vn -0.17505 0.08818 0.9806
vn -0.02738 0.01355 0.99953
vn -0.07575 0.03733 0.99643
vn -0.07989 0.03766 0.99609
vn -0.12461 0.05895 0.99045
vn -0.12986 0.05931 0.98976
vn -0.17134 0.07838 0.98209
vn -0.17794 0.07877 0.98088
vn -0.17389 0.06922 0.98233
vn -0.12701 0.05225 0.99052
vn -0.13235 0.05262 0.98981
vn -0.12927 0.04583 0.99055
vn -0.07821 0.03326 0.99638
vn -0.08209 0.03357 0.99606
vn -0.0803 0.02944 0.99634
vn -0.08292 0.02951 0.99612
vn -0.08078 0.02506 0.99642
vn -0.02681 0.01198 0.99957
vn -0.02942 0.01221 0.99949
vn -0.02892 0.01103 0.99952
vn -0.03026 0.01108 0.99948
vn -0.02948 0.00941 0.99952
vn -0.0295 0.00941 0.99952
vn -0.02846 0.00736 0.99957
vn -0.18076 0.06963 0.98106
vn -0.13435 0.04591 0.98987
vn -0.17918 0.06103 0.98192
vn -0.18454 0.06108 0.98093
vn -0.08393 0.02497 0.99616
vn -0.13298 0.03917 0.99034
vn -0.13679 0.03904 0.98983
vn -0.18257 0.05205 0.98181
vn -0.18704 0.05188 0.98098
vn -0.02941 0.00729 0.99954
vn -0.08285 0.02021 0.99636
vn -0.08528 0.02002 0.99616
vn -0.13507 0.03184 0.99032
vn -0.13786 0.03161 0.98995
vn -0.18467 0.04244 0.98188
vn -0.18824 0.04213 0.98122
vn -0.18561 0.03285 0.98208
vn -0.136 0.02475 0.9904
vn -0.13906 0.02446 0.98998
vn -0.13705 0.01789 0.9904
vn -0.08416 0.01576 0.99633
vn -0.0867 0.01553 0.99611
vn -0.08549 0.01153 0.99627
vn -0.08665 0.01136 0.99617
vn -0.08524 0.00709 0.99634
vn -0.02902 0.00576 0.99956
vn -0.03132 0.00556 0.99949
vn -0.03096 0.00436 0.99951
vn -0.03177 0.00424 0.99949
vn -0.03124 0.00265 0.99951
vn -0.03065 0.00276 0.99953
vn -0.02997 0.00086 0.99955
vn -0.21047 0.03037 0.97713
vn -0.16083 0.01433 0.98688
vn -0.21042 0.03101 0.97712
vn -0.25349 0.0245 0.96703
vn -0.1081 0.00248 0.99414
vn -0.16067 0.01721 0.98686
vn -0.20225 0.00878 0.97929
vn -0.25354 0.02342 0.96704
vn -0.29455 0.0151 0.95552
vn -0.05178 -0.00472 0.99865
vn -0.10795 0.00788 0.99413
vn -0.14868 -0.00258 0.98888
vn -0.20222 0.00979 0.97929
vn -0.24109 -0.00018 0.9705
vn -0.29462 0.01239 0.95553
vn -0.33431 0.00226 0.94246
vn -0.2715 0.0544 0.9609
vn -0.31693 0.04611 0.94733
vn -0.3167 0.04747 0.94734
vn -0.37891 0.07279 0.92257
vn -0.35813 0.03344 0.93307
vn -0.35756 0.03756 0.93313
vn -0.41953 0.05929 0.9058
vn -0.41837 0.06614 0.90587
vn -0.47464 0.08955 0.87561
vn -0.39594 0.01682 0.91812
vn -0.39522 0.02351 0.91828
vn -0.45781 0.04197 0.88806
vn -0.45656 0.05098 0.88823
vn -0.51426 0.07152 0.85465
vn -0.51239 0.08263 0.85477
vn -0.5666 0.10542 0.81722
vn -0.59956 0.09888 0.7942
vn -0.54839 0.06338 0.83382
vn -0.6016 0.07807 0.79498
vn -0.62434 0.07219 0.77781
vn -0.49225 0.03232 0.86985
vn -0.54964 0.04472 0.8342
vn -0.57234 0.03794 0.81914
vn -0.62575 0.05026 0.7784
vn -0.64745 0.04337 0.76087
vn -0.42999 0.00574 0.90282
vn -0.49283 0.0157 0.86998
vn -0.51578 0.00786 0.85669
vn -0.573 0.01776 0.81936
vn -0.59409 0.0102 0.80433
vn -0.6482 0.0202 0.7612
vn -0.66949 0.01213 0.74272
vn -0.65848 0.11898 0.74314
vn -0.68481 0.0899 0.72316
vn -0.68127 0.11232 0.72337
vn -0.73562 0.13236 0.66434
vn -0.70789 0.05814 0.70392
vn -0.70498 0.08264 0.70439
vn -0.75872 0.09953 0.64377
vn -0.75448 0.12585 0.64415
vn -0.80105 0.14422 0.58097
vn -0.72817 0.02359 0.68499
vn -0.72609 0.05035 0.68576
vn -0.77983 0.06432 0.62268
vn -0.77648 0.09216 0.62337
vn -0.82324 0.10772 0.55738
vn -0.81858 0.13703 0.5578
vn -0.85989 0.15437 0.48658
vn -0.87269 0.14797 0.46531
vn -0.83745 0.10081 0.53714
vn -0.87748 0.1102 0.46678
vn -0.88421 0.10627 0.45484
vn -0.79461 0.05712 0.60443
vn -0.84055 0.06486 0.53784
vn -0.84799 0.06065 0.52653
vn -0.8874 0.06828 0.45591
vn -0.89413 0.0638 0.44325
vn -0.74264 0.01638 0.66949
vn -0.79618 0.02226 0.60466
vn -0.80424 0.01772 0.59405
vn -0.84958 0.02368 0.52692
vn -0.85657 0.01919 0.51568
vn -0.89576 0.02514 0.44382
vn -0.90267 0.01992 0.42987
vn -0.02488 0.99835 0.05176
vn -0.02559 0.98856 0.14864
vn -0.02616 0.99814 0.055
vn -0.07374 0.99578 0.05458
vn -0.02529 0.9702 0.24099
vn -0.02603 0.98838 0.14973
vn -0.07367 0.986 0.1496
vn -0.07438 0.99565 0.0562
vn -0.12198 0.99098 0.05543
vn -0.02511 0.94216 0.33422
vn -0.02566 0.96996 0.24191
vn -0.07302 0.96751 0.24206
vn -0.07401 0.98584 0.15048
vn -0.12118 0.98119 0.1503
vn -0.12205 0.99096 0.05561
vn -0.17029 0.98388 0.05452
vn -0.85254 0.19123 0.48643
vn -0.84135 0.23336 0.48752
vn -0.85138 0.19193 0.48818
vn -0.79405 0.1787 0.58099
vn -0.82944 0.27421 0.48666
vn -0.84109 0.2335 0.48789
vn -0.78511 0.2182 0.57965
vn -0.7949 0.17827 0.57996
vn -0.72929 0.16356 0.66436
vn -0.81675 0.31451 0.48374
vn -0.83019 0.27385 0.48558
vn -0.77484 0.25639 0.57784
vn -0.78602 0.21779 0.57856
vn -0.72109 0.20096 0.66306
vn -0.73042 0.16307 0.66324
vn -0.65293 0.14689 0.74304
vn -0.27015 0.06109 0.96088
vn -0.37673 0.08356 0.92255
vn -0.37777 0.08325 0.92215
vn -0.37243 0.10541 0.92205
vn -0.47143 0.10552 0.87557
vn -0.47339 0.1049 0.87459
vn -0.46738 0.13039 0.87439
vn -0.46769 0.13031 0.87423
vn -0.4612 0.15405 0.87382
vn -0.56252 0.12606 0.81712
vn -0.56226 0.12615 0.81728
vn -0.55579 0.15425 0.81689
vn -0.55518 0.15442 0.81727
vn -0.54806 0.18133 0.81655
vn -0.54716 0.18154 0.8171
vn -0.53937 0.20758 0.81608
vn -0.27137 0.06073 0.96056
vn -0.3715 0.10564 0.9224
vn -0.26667 0.07642 0.96075
vn -0.2714 0.07528 0.95952
vn -0.45894 0.15453 0.87492
vn -0.36546 0.12304 0.92266
vn -0.36773 0.12259 0.92182
vn -0.26694 0.08848 0.95964
vn -0.26718 0.08844 0.95958
vn -0.53624 0.20814 0.818
vn -0.45143 0.17407 0.87516
vn -0.45077 0.17418 0.87548
vn -0.36182 0.13812 0.92196
vn -0.36109 0.13823 0.92223
vn -0.26318 0.09912 0.95964
vn -0.25886 0.09971 0.96076
vn -0.25357 0.11251 0.96075
vn -0.35407 0.15524 0.92225
vn -0.3549 0.15516 0.92194
vn -0.34536 0.1759 0.92184
vn -0.44209 0.1951 0.87549
vn -0.44447 0.19484 0.87435
vn -0.43352 0.21889 0.87415
vn -0.43395 0.21887 0.87395
vn -0.42286 0.24112 0.87353
vn -0.52597 0.23285 0.81801
vn -0.52659 0.23277 0.81763
vn -0.51454 0.25937 0.8173
vn -0.51456 0.25937 0.81728
vn -0.50212 0.28471 0.81659
vn -0.50158 0.28473 0.81692
vn -0.48866 0.30909 0.81589
vn -0.25405 0.11246 0.96063
vn -0.34344 0.17598 0.92254
vn -0.24644 0.12688 0.96082
vn -0.25146 0.12667 0.95954
vn -0.41979 0.24115 0.875
vn -0.3341 0.1919 0.92279
vn -0.3366 0.1919 0.92189
vn -0.24449 0.13882 0.95966
vn -0.24488 0.13882 0.95956
vn -0.48525 0.30903 0.81795
vn -0.40853 0.25893 0.87525
vn -0.40793 0.25891 0.87553
vn -0.32769 0.20614 0.92202
vn -0.32702 0.2061 0.92227
vn -0.23877 0.1487 0.95962
vn -0.23448 0.14844 0.96072
vn -0.22679 0.16003 0.96071
vn -0.31681 0.22143 0.92228
vn -0.31745 0.22149 0.92204
vn -0.30416 0.23986 0.92193
vn -0.39539 0.27765 0.87554
vn -0.39755 0.27784 0.8745
vn -0.38228 0.29909 0.8743
vn -0.38229 0.29909 0.8743
vn -0.36713 0.31871 0.87386
vn -0.47044 0.33105 0.81798
vn -0.47087 0.33108 0.81772
vn -0.45406 0.35451 0.8174
vn -0.45367 0.35447 0.81764
vn -0.43662 0.37677 0.81695
vn -0.43543 0.37657 0.81768
vn -0.41801 0.39797 0.81663
vn -0.22737 0.16009 0.96056
vn -0.30235 0.23959 0.92259
vn -0.21708 0.17273 0.96075
vn -0.22234 0.17356 0.9594
vn -0.36417 0.31816 0.8753
vn -0.29003 0.25345 0.92285
vn -0.29302 0.25405 0.92174
vn -0.2131 0.18413 0.95952
vn -0.21356 0.18422 0.9594
vn -0.41468 0.39724 0.81868
vn -0.34954 0.33357 0.87553
vn -0.34965 0.3336 0.87548
vn -0.28137 0.2664 0.92188
vn -0.28103 0.26631 0.92201
vn -0.20558 0.19275 0.95947
vn -0.20128 0.19161 0.96061
vn -0.19168 0.20121 0.96061
vn -0.26829 0.27907 0.92203
vn -0.26847 0.27912 0.92196
vn -0.25205 0.29433 0.92187
vn -0.33394 0.34931 0.87548
vn -0.33629 0.34999 0.87431
vn -0.31723 0.36781 0.87412
vn -0.31727 0.36782 0.8741
vn -0.29845 0.38421 0.87368
vn -0.39598 0.41592 0.81866
vn -0.39742 0.41632 0.81776
vn -0.37634 0.43613 0.81741
vn -0.37664 0.43623 0.81722
vn -0.35529 0.45506 0.81651
vn -0.35455 0.45478 0.81699
vn -0.33273 0.47282 0.81592
vn -0.19149 0.20115 0.96066
vn -0.24957 0.29343 0.92283
vn -0.17908 0.2114 0.96085
vn -0.1839 0.21317 0.95955
vn -0.29511 0.38287 0.8754
vn -0.23476 0.30466 0.92308
vn -0.2375 0.30579 0.922
vn -0.17278 0.22171 0.95968
vn -0.17321 0.22189 0.95956
vn -0.32956 0.47144 0.81801
vn -0.27749 0.39537 0.8756
vn -0.27761 0.39542 0.87554
vn -0.22347 0.31577 0.92215
vn -0.22319 0.31564 0.92226
vn -0.16356 0.22879 0.95964
vn -0.15979 0.22694 0.96071
vn -0.14823 0.23462 0.96072
vn -0.20796 0.3258 0.92228
vn -0.20829 0.32597 0.92215
vn -0.18927 0.33761 0.92206
vn -0.25897 0.40789 0.87553
vn -0.26103 0.40897 0.87442
vn -0.23915 0.42254 0.87422
vn -0.23896 0.42243 0.87433
vn -0.21742 0.43473 0.87392
vn -0.30754 0.48622 0.81793
vn -0.30861 0.48675 0.81721
vn -0.28454 0.50182 0.81683
vn -0.28442 0.50176 0.81691
vn -0.26007 0.51593 0.8162
vn -0.25889 0.51521 0.81703
vn -0.23402 0.52861 0.81597
vn -0.14868 0.23487 0.96059
vn -0.18773 0.33668 0.92272
vn -0.13457 0.24247 0.96078
vn -0.13899 0.24517 0.95947
vn -0.21492 0.43311 0.87534
vn -0.17108 0.34477 0.92297
vn -0.17352 0.3464 0.9219
vn -0.12645 0.25136 0.9596
vn -0.12672 0.25154 0.95951
vn -0.23123 0.52667 0.81802
vn -0.19513 0.44195 0.87556
vn -0.19524 0.44203 0.8755
vn -0.15779 0.35347 0.92204
vn -0.15738 0.35316 0.92223
vn -0.11592 0.25643 0.95959
vn -0.11229 0.25367 0.96075
vn -0.09961 0.2589 0.96075
vn -0.1406 0.36011 0.92225
vn -0.14088 0.36035 0.92212
vn -0.12005 0.36803 0.92203
vn -0.17455 0.45061 0.87549
vn -0.1766 0.45224 0.87424
vn -0.15248 0.46129 0.87405
vn -0.1525 0.46131 0.87404
vn -0.12883 0.46922 0.87363
vn -0.20662 0.53687 0.81797
vn -0.20802 0.53796 0.8169
vn -0.18133 0.54806 0.81655
vn -0.18167 0.54836 0.81627
vn -0.15475 0.55757 0.81558
vn -0.15409 0.55696 0.81612
vn -0.12669 0.56535 0.81506
vn -0.09978 0.25904 0.9607
vn -0.11848 0.3666 0.9228
vn -0.0847 0.26368 0.96088
vn -0.08841 0.2671 0.95961
vn -0.12657 0.46701 0.87515
vn -0.10071 0.37125 0.92306
vn -0.10257 0.3731 0.92211
vn -0.07497 0.27074 0.95973
vn -0.07515 0.27092 0.95966
vn -0.1243 0.56287 0.81715
vn -0.10539 0.47177 0.8754
vn -0.10515 0.47151 0.87557
vn -0.08572 0.37699 0.92224
vn -0.08518 0.37639 0.92254
vn -0.06348 0.27366 0.95973
vn -0.06049 0.27028 0.96088
vn -0.79951 0.35447 0.4849
vn -0.78008 0.39341 0.48653
vn -0.79787 0.35506 0.48717
vn -0.7441 0.3308 0.58042
vn -0.76024 0.43083 0.48624
vn -0.77938 0.39362 0.48747
vn -0.72752 0.3677 0.57924
vn -0.74478 0.33061 0.57965
vn -0.68285 0.30308 0.66473
vn -0.73975 0.46738 0.48407
vn -0.76049 0.43077 0.48589
vn -0.70973 0.40291 0.57788
vn -0.72807 0.36757 0.57862
vn -0.66738 0.33821 0.66349
vn -0.68399 0.30284 0.66366
vn -0.61021 0.27131 0.74434
vn -0.81592 0.31486 0.48491
vn -0.75973 0.29307 0.58045
vn -0.76078 0.29273 0.57925
vn -0.77418 0.25664 0.57861
vn -0.69736 0.26802 0.66472
vn -0.69782 0.2679 0.66429
vn -0.70993 0.23516 0.66385
vn -0.70973 0.23523 0.66404
vn -0.72091 0.20103 0.66323
vn -0.62327 0.23987 0.74431
vn -0.62567 0.23935 0.74246
vn -0.63627 0.21052 0.74218
vn -0.63655 0.21044 0.74197
vn -0.64653 0.17943 0.74148
vn -0.64466 0.18004 0.74297
vn -0.65388 0.14653 0.74227
vn -0.61214 0.271 0.74286
vn -0.66783 0.33814 0.66307
vn -0.59638 0.30235 0.74358
vn -0.59917 0.30203 0.74147
vn -0.70923 0.403 0.57843
vn -0.65018 0.36949 0.66389
vn -0.65066 0.36944 0.66344
vn -0.58318 0.33073 0.74197
vn -0.58328 0.33073 0.74189
vn -0.73859 0.46762 0.48561
vn -0.68922 0.43549 0.57906
vn -0.68796 0.43565 0.58045
vn -0.63243 0.39913 0.66387
vn -0.6318 0.39917 0.66445
vn -0.56713 0.35712 0.74218
vn -0.56464 0.35715 0.74406
vn -0.71501 0.50294 0.48561
vn -0.68867 0.53779 0.48633
vn -0.71397 0.50309 0.48697
vn -0.66586 0.4688 0.5804
vn -0.66203 0.57139 0.485
vn -0.68873 0.53778 0.48625
vn -0.64242 0.50191 0.57912
vn -0.66666 0.46874 0.57953
vn -0.61137 0.42982 0.66444
vn -0.63474 0.60431 0.48157
vn -0.66323 0.57132 0.48344
vn -0.618 0.53338 0.57756
vn -0.64319 0.50189 0.57829
vn -0.58895 0.46099 0.6638
vn -0.61194 0.42981 0.66393
vn -0.54608 0.38483 0.74411
vn -0.54689 0.38486 0.7435
vn -0.5888 0.46099 0.66393
vn -0.52575 0.412 0.74421
vn -0.52791 0.41217 0.74258
vn -0.61743 0.53337 0.57818
vn -0.56535 0.48834 0.66476
vn -0.56559 0.48836 0.66454
vn -0.50677 0.43707 0.74307
vn -0.50646 0.43703 0.74331
vn -0.63409 0.60432 0.48242
vn -0.59087 0.56198 0.57884
vn -0.58963 0.56189 0.58019
vn -0.54151 0.51434 0.66499
vn -0.54082 0.51425 0.66562
vn -0.48528 0.46 0.74357
vn -0.48266 0.45951 0.74558
vn -0.60399 0.63441 0.48241
vn -0.57177 0.66248 0.48393
vn -0.60237 0.63433 0.48453
vn -0.56107 0.59042 0.58018
vn -0.53848 0.68954 0.48433
vn -0.57054 0.66237 0.48553
vn -0.53184 0.61784 0.57915
vn -0.56166 0.5905 0.57953
vn -0.5143 0.54077 0.66563
vn -0.50357 0.71591 0.48363
vn -0.5376 0.68942 0.48548
vn -0.50089 0.64365 0.57864
vn -0.53163 0.61781 0.57938
vn -0.48635 0.56703 0.66478
vn -0.51502 0.54091 0.66496
vn -0.45869 0.48346 0.74557
vn -0.46073 0.48394 0.744
vn -0.48675 0.56712 0.66441
vn -0.43445 0.50667 0.74468
vn -0.4381 0.50771 0.74182
vn -0.50017 0.64348 0.57945
vn -0.45818 0.58952 0.66523
vn -0.4597 0.58995 0.6638
vn -0.41214 0.52833 0.7423
vn -0.41263 0.5285 0.74191
vn -0.50206 0.71561 0.48563
vn -0.4684 0.66639 0.5801
vn -0.46813 0.66632 0.58041
vn -0.43066 0.61098 0.66426
vn -0.43048 0.61092 0.66443
vn -0.38689 0.5473 0.74215
vn -0.38446 0.54632 0.74412
vn -0.46693 0.73903 0.48561
vn -0.43099 0.76053 0.48563
vn -0.46648 0.73892 0.48621
vn -0.43495 0.68841 0.58043
vn -0.39384 0.78092 0.48482
vn -0.43071 0.76045 0.48601
vn -0.40164 0.70961 0.57892
vn -0.43597 0.68875 0.57927
vn -0.39969 0.63148 0.66444
vn -0.35488 0.80041 0.48312
vn -0.39372 0.78088 0.48498
vn -0.36669 0.72899 0.57803
vn -0.40176 0.70966 0.57877
vn -0.36744 0.65139 0.66383
vn -0.40011 0.63164 0.66404
vn -0.35654 0.56503 0.74406
vn -0.35773 0.56557 0.74307
vn -0.36726 0.65131 0.66402
vn -0.32809 0.5824 0.74375
vn -0.3311 0.58394 0.74121
vn -0.36575 0.72857 0.57915
vn -0.33516 0.66757 0.66484
vn -0.33626 0.66814 0.66372
vn -0.30188 0.59896 0.7417
vn -0.30194 0.59899 0.74165
vn -0.35361 0.7999 0.4849
vn -0.33014 0.74487 0.57981
vn -0.32961 0.7446 0.58045
vn -0.3037 0.68311 0.66418
vn -0.30318 0.68281 0.66472
vn -0.27304 0.61239 0.74191
vn -0.27033 0.61063 0.74435
vn -0.31428 0.81615 0.4849
vn -0.27435 0.82985 0.48588
vn -0.31319 0.81564 0.48647
vn -0.29216 0.76008 0.58045
vn -0.23361 0.84225 0.48584
vn -0.27355 0.82944 0.48704
vn -0.255 0.77405 0.57951
vn -0.29261 0.76033 0.57989
vn -0.2683 0.69725 0.66472
vn -0.19143 0.85342 0.48481
vn -0.23307 0.84193 0.48665
vn -0.2167 0.78587 0.57917
vn -0.25467 0.77384 0.57993
vn -0.23249 0.71029 0.66441
vn -0.26839 0.69731 0.66463
vn -0.23885 0.62368 0.7443
vn -0.24047 0.62485 0.74279
vn -0.23287 0.71056 0.66399
vn -0.20795 0.6356 0.74349
vn -0.21112 0.63811 0.74044
vn -0.21626 0.78557 0.57976
vn -0.19826 0.72023 0.6648
vn -0.19938 0.72113 0.66349
vn -0.17929 0.64719 0.74094
vn -0.17972 0.64757 0.74051
vn -0.19039 0.85273 0.48643
vn -0.17822 0.79457 0.58043
vn -0.17779 0.79424 0.58101
vn -0.16449 0.72951 0.66389
vn -0.16412 0.72918 0.66435
vn -0.14846 0.65511 0.74081
vn -0.14634 0.65304 0.74305
vn -0.94247 -0 0.3343
vn -0.97052 -0 0.24104
vn -0.97051 -0 0.24108
vn -0.98889 -0 0.14865
vn -0.98888 -0 0.1487
vn -0.99866 -0 0.05177
vn -0.99866 0 0.05178
vn -0.99866 0 0.05178
vn -0.98889 0 0.14868
vn -0.98888 0 0.1487
vn -0.9705 0 0.24109
vn -0.97051 0 0.24108
vn -0.94245 0 0.33435
vn -0.94247 0 0.3343
vn -0.74274 -0 0.66958
vn -0.80436 -0 0.59414
vn -0.80436 -0 0.59414
vn -0.85673 -0 0.51577
vn -0.8567 -0 0.51581
vn -0.90285 -0 0.42995
vn -0.90283 0 0.42999
vn -0.90285 0 0.42995
vn -0.85673 0 0.51577
vn -0.85673 0 0.51577
vn -0.80436 0 0.59414
vn -0.80439 0 0.5941
vn -0.74274 0 0.66958
vn -0.74277 0 0.66955
vn -0.43 0 0.90283
vn -0.5158 0 0.85671
vn -0.51579 0 0.85671
vn -0.59413 0 0.80437
vn -0.59412 0 0.80438
vn -0.66954 0 0.74278
vn -0.66956 0 0.74276
vn -0.66954 -0 0.74278
vn -0.59413 -0 0.80437
vn -0.59411 -0 0.80438
vn -0.5158 -0 0.85671
vn -0.51579 -0 0.85672
vn -0.43 -0 0.90283
vn -0.42999 0 0.90283
vn -0.05178 -0 0.99866
vn -0.14867 -0 0.98889
vn -0.14868 -0 0.98889
vn -0.24108 -0 0.9705
vn -0.24109 -0 0.9705
vn -0.33435 -0 0.94245
vn -0.33432 0 0.94246
vn -0.33432 0 0.94246
vn -0.24105 0 0.97051
vn -0.24109 0 0.9705
vn -0.14866 0 0.98889
vn -0.14868 0 0.98889
vn -0.05178 0 0.99866
vn -0.05178 0 0.99866
vn -0.03447 -0.05174 0.99807
vn -0.03661 -0.14861 0.98822
vn -0.04997 -0.13662 0.98936
vn -0.10917 -0.13572 0.98471
vn -0.03666 -0.2409 0.96986
vn -0.05102 -0.22839 0.97223
vn -0.10893 -0.22748 0.96767
vn -0.12245 -0.21542 0.96881
vn -0.18003 -0.21371 0.96017
vn -0.0326 -0.33414 0.94196
vn -0.05011 -0.31941 0.94629
vn -0.10726 -0.3185 0.94184
vn -0.12184 -0.30593 0.94423
vn -0.18028 -0.30418 0.9354
vn -0.19259 -0.29326 0.93643
vn -0.25417 -0.29052 0.92249
vn -0.05174 -0.03588 0.99802
vn -0.12945 -0.11708 0.98465
vn -0.13051 -0.05552 0.98989
vn -0.14857 -0.03848 0.98815
vn -0.20094 -0.19448 0.9601
vn -0.20291 -0.13443 0.96993
vn -0.22118 -0.11709 0.96818
vn -0.22222 -0.0566 0.97335
vn -0.24091 -0.0384 0.96979
vn -0.27099 -0.27505 0.92245
vn -0.2741 -0.21118 0.93823
vn -0.29144 -0.19464 0.93658
vn -0.29339 -0.1339 0.94657
vn -0.31208 -0.11553 0.94301
vn -0.31308 -0.05553 0.9481
vn -0.33412 -0.03427 0.94191
vn -0.42892 -0.05549 0.90164
vn -0.41396 -0.13825 0.89974
vn -0.41465 -0.13759 0.89952
vn -0.50314 -0.1553 0.85014
vn -0.39281 -0.21717 0.89361
vn -0.39733 -0.21319 0.89257
vn -0.48373 -0.23141 0.84407
vn -0.48674 -0.22858 0.84311
vn -0.56727 -0.24366 0.78666
vn -0.36424 -0.29574 0.8831
vn -0.37348 -0.2882 0.88173
vn -0.45971 -0.30736 0.83318
vn -0.46418 -0.30347 0.83213
vn -0.54461 -0.32051 0.77503
vn -0.547 -0.31829 0.77426
vn -0.62613 -0.33304 0.70502
vn -0.42934 -0.05507 0.90146
vn -0.50753 -0.15089 0.84832
vn -0.51318 -0.06053 0.85614
vn -0.51491 -0.05867 0.85524
vn -0.57092 -0.23999 0.78515
vn -0.58084 -0.15391 0.79934
vn -0.58392 -0.15057 0.79772
vn -0.5892 -0.06252 0.80557
vn -0.59313 -0.05795 0.80302
vn -0.62663 -0.33253 0.70481
vn -0.64189 -0.24152 0.72777
vn -0.64357 -0.23969 0.72689
vn -0.65308 -0.15239 0.7418
vn -0.65697 -0.14781 0.73929
vn -0.66189 -0.06008 0.74719
vn -0.66865 -0.05145 0.74179
vn -0.74176 -0.05145 0.66869
vn -0.73926 -0.14781 0.657
vn -0.74716 -0.06009 0.66192
vn -0.80301 -0.05797 0.59314
vn -0.72687 -0.2397 0.64358
vn -0.74178 -0.15241 0.65309
vn -0.79773 -0.15059 0.58391
vn -0.80557 -0.06256 0.58918
vn -0.85525 -0.05872 0.51488
vn -0.70481 -0.33253 0.62663
vn -0.72776 -0.24155 0.64188
vn -0.78516 -0.24001 0.57089
vn -0.79935 -0.15393 0.58081
vn -0.84832 -0.15092 0.50752
vn -0.85615 -0.06056 0.51317
vn -0.90148 -0.0551 0.4293
vn -0.90164 -0.05549 0.42891
vn -0.85013 -0.1553 0.50315
vn -0.89952 -0.13758 0.41464
vn -0.89974 -0.13824 0.41395
vn -0.78666 -0.24366 0.56727
vn -0.8431 -0.22858 0.48676
vn -0.84407 -0.23143 0.48373
vn -0.89257 -0.2132 0.39732
vn -0.89361 -0.21718 0.39279
vn -0.70502 -0.33304 0.62612
vn -0.77426 -0.31829 0.54701
vn -0.77502 -0.32051 0.54462
vn -0.83213 -0.30347 0.46419
vn -0.83318 -0.30737 0.45971
vn -0.88173 -0.28821 0.37347
vn -0.8831 -0.29574 0.36424
vn -0.94191 -0.03427 0.33411
vn -0.94302 -0.11551 0.31205
vn -0.94811 -0.05555 0.31306
vn -0.96979 -0.03842 0.2409
vn -0.93658 -0.19465 0.29141
vn -0.94658 -0.13389 0.29336
vn -0.96817 -0.11708 0.2212
vn -0.97335 -0.0566 0.22223
vn -0.98815 -0.03848 0.14859
vn -0.92245 -0.27505 0.27098
vn -0.93823 -0.21117 0.27409
vn -0.9601 -0.19448 0.20095
vn -0.96992 -0.13441 0.20293
vn -0.98465 -0.11707 0.12947
vn -0.98989 -0.05552 0.13052
vn -0.99802 -0.03588 0.05174
vn -0.99807 -0.05174 0.03447
vn -0.98471 -0.13572 0.10917
vn -0.98936 -0.13662 0.04997
vn -0.98822 -0.14858 0.03663
vn -0.96016 -0.2137 0.18005
vn -0.96882 -0.21541 0.12245
vn -0.96767 -0.22747 0.10894
vn -0.97223 -0.22838 0.05105
vn -0.96986 -0.24091 0.03667
vn -0.9225 -0.29051 0.25418
vn -0.93643 -0.29325 0.19261
vn -0.9354 -0.30419 0.18027
vn -0.94422 -0.30594 0.12185
vn -0.94183 -0.3185 0.10727
vn -0.94629 -0.31942 0.05012
vn -0.94196 -0.33415 0.0326
vn -0.90713 -0.41837 0.0456
vn -0.90426 -0.40939 0.12131
vn -0.90143 -0.42735 0.06925
vn -0.86342 -0.49828 0.07894
vn -0.89758 -0.39566 0.1944
vn -0.89815 -0.41633 0.14142
vn -0.86015 -0.487 0.15155
vn -0.8573 -0.50524 0.09884
vn -0.81309 -0.57219 0.10717
vn -0.88679 -0.37687 0.26752
vn -0.89116 -0.40115 0.21193
vn -0.8527 -0.47258 0.22267
vn -0.85321 -0.49295 0.17039
vn -0.80911 -0.55951 0.1797
vn -0.80617 -0.57814 0.12587
vn -0.7534 -0.64383 0.13369
vn -0.90282 -0.42995 0.00746
vn -0.85881 -0.5109 0.03767
vn -0.85919 -0.51113 0.02322
vn -0.85672 -0.51573 0.00688
vn -0.80816 -0.58551 0.06369
vn -0.8088 -0.58592 0.0504
vn -0.8067 -0.58984 0.03642
vn -0.807 -0.59004 0.02452
vn -0.80434 -0.59409 0.00927
vn -0.74893 -0.65588 0.09447
vn -0.75023 -0.65675 0.07635
vn -0.74853 -0.6599 0.06502
vn -0.74918 -0.66036 0.0515
vn -0.74646 -0.66447 0.03584
vn -0.74668 -0.66463 0.02693
vn -0.74268 -0.66961 0.00685
vn -0.66931 -0.74261 0.02345
vn -0.67049 -0.74002 0.05302
vn -0.67127 -0.74107 0.01481
vn -0.59393 -0.80406 0.02704
vn -0.67233 -0.73567 0.08223
vn -0.67384 -0.73784 0.03907
vn -0.59646 -0.8008 0.05439
vn -0.59724 -0.80195 0.0135
vn -0.51567 -0.85643 0.02473
vn -0.67499 -0.72941 0.11116
vn -0.67737 -0.73299 0.06244
vn -0.59904 -0.79661 0.08104
vn -0.60041 -0.79874 0.03903
vn -0.51824 -0.85337 0.05643
vn -0.51904 -0.85467 0.01169
vn -0.42985 -0.90254 0.02546
vn -0.19709 -0.96932 0.14687
vn -0.1503 -0.98391 0.09657
vn -0.1972 -0.96985 0.14322
vn -0.24306 -0.96519 0.09659
vn -0.10221 -0.9936 0.04806
vn -0.15033 -0.98406 0.09502
vn -0.19622 -0.97938 0.04817
vn -0.2431 -0.96534 0.09504
vn -0.28847 -0.95628 0.04803
vn -0.05178 -0.99866 -0.00053
vn -0.10221 -0.9936 0.048
vn -0.14869 -0.98888 0.00038
vn -0.19623 -0.97942 0.04726
vn -0.24108 -0.9705 0.00042
vn -0.28847 -0.95628 0.04804
vn -0.3343 -0.94247 -0.00054
vn -0.26157 -0.94144 0.21276
vn -0.31223 -0.93514 0.16742
vn -0.27277 -0.93895 0.2097
vn -0.33793 -0.89827 0.28093
vn -0.35825 -0.92593 0.1196
vn -0.31799 -0.9335 0.16569
vn -0.38413 -0.8927 0.23567
vn -0.34359 -0.89664 0.27926
vn -0.40322 -0.84674 0.34705
vn -0.40088 -0.91361 0.06784
vn -0.35889 -0.92571 0.1194
vn -0.42724 -0.88407 0.18942
vn -0.38806 -0.89133 0.2344
vn -0.44995 -0.84118 0.29994
vn -0.40753 -0.84524 0.34568
vn -0.46594 -0.78277 0.41251
vn -0.4849 -0.77471 0.40582
vn -0.47352 -0.8311 0.29163
vn -0.52036 -0.78741 0.33047
vn -0.54954 -0.77215 0.31903
vn -0.45255 -0.87327 0.18055
vn -0.5024 -0.83608 0.2204
vn -0.5323 -0.82041 0.20879
vn -0.57833 -0.77748 0.2471
vn -0.60785 -0.7587 0.23427
vn -0.41962 -0.90563 0.0613
vn -0.47788 -0.87193 0.10661
vn -0.50693 -0.85669 0.09544
vn -0.55712 -0.81923 0.13596
vn -0.58671 -0.80035 0.12329
vn -0.63246 -0.75757 0.16151
vn -0.66482 -0.73261 0.14591
vn -0.54525 -0.70179 0.45847
vn -0.61756 -0.68941 0.37859
vn -0.55425 -0.69615 0.45628
vn -0.60377 -0.61837 0.50307
vn -0.67632 -0.6752 0.29444
vn -0.61957 -0.68795 0.37797
vn -0.66948 -0.60964 0.42442
vn -0.60578 -0.6169 0.50247
vn -0.64784 -0.53173 0.5455
vn -0.72688 -0.65679 0.20066
vn -0.67368 -0.67741 0.29542
vn -0.72568 -0.59641 0.34304
vn -0.66948 -0.60964 0.42442
vn -0.71169 -0.52594 0.46571
vn -0.64545 -0.53375 0.54636
vn -0.68242 -0.43505 0.58739
vn -0.67695 -0.44033 0.58979
vn -0.71112 -0.52649 0.46596
vn -0.74703 -0.4329 0.50452
vn -0.74476 -0.43541 0.50572
vn -0.72511 -0.59696 0.34329
vn -0.76728 -0.51322 0.38456
vn -0.76727 -0.51324 0.38457
vn -0.80176 -0.42286 0.42234
vn -0.80324 -0.42097 0.42141
vn -0.72141 -0.66207 0.20305
vn -0.77607 -0.57722 0.25404
vn -0.77402 -0.5795 0.25509
vn -0.81636 -0.49456 0.29828
vn -0.81784 -0.49266 0.29737
vn -0.85171 -0.40264 0.33536
vn -0.85722 -0.39429 0.33121
vn 0.00052 -0.94246 0.33433
vn -0.00044 -0.97051 0.24107
vn -0.04808 -0.95628 0.28848
vn -0.04805 -0.95628 0.28848
vn -0.00039 -0.98888 0.14868
vn -0.04727 -0.97942 0.19622
vn -0.04817 -0.97938 0.19621
vn -0.09506 -0.96533 0.2431
vn -0.0966 -0.96519 0.24307
vn 0.00053 -0.99866 0.05178
vn -0.048 -0.9936 0.10221
vn -0.04806 -0.9936 0.10221
vn -0.09501 -0.98406 0.15032
vn -0.09657 -0.98391 0.15029
vn -0.14324 -0.96984 0.1972
vn -0.14687 -0.96932 0.19709
vn -0.06783 -0.91361 0.40089
vn -0.1196 -0.92594 0.35824
vn -0.11939 -0.92571 0.3589
vn -0.18942 -0.88407 0.42725
vn -0.16741 -0.93514 0.31223
vn -0.16569 -0.9335 0.31799
vn -0.23567 -0.89269 0.38413
vn -0.23441 -0.89132 0.38807
vn -0.29994 -0.84118 0.44995
vn -0.21276 -0.94144 0.26157
vn -0.2097 -0.93895 0.27276
vn -0.28094 -0.89827 0.33792
vn -0.27927 -0.89663 0.3436
vn -0.34705 -0.84674 0.40323
vn -0.34568 -0.84524 0.40754
vn -0.41251 -0.78277 0.46595
vn -0.0613 -0.90563 0.41962
vn -0.18055 -0.87327 0.45255
vn -0.10661 -0.87193 0.47788
vn -0.09544 -0.85669 0.50692
vn -0.29164 -0.8311 0.47351
vn -0.2204 -0.83608 0.50239
vn -0.20879 -0.82041 0.5323
vn -0.13596 -0.81923 0.55712
vn -0.12329 -0.80035 0.58672
vn -0.40582 -0.77472 0.4849
vn -0.33048 -0.78741 0.52035
vn -0.31904 -0.77215 0.54954
vn -0.24709 -0.77748 0.57834
vn -0.23426 -0.7587 0.60786
vn -0.16151 -0.75757 0.63246
vn -0.1459 -0.73262 0.66482
vn -0.02556 -0.90255 0.42982
vn -0.05655 -0.85339 0.5182
vn -0.01181 -0.85469 0.51901
vn -0.02503 -0.85647 0.51559
vn -0.08114 -0.79662 0.59901
vn -0.03916 -0.79875 0.60039
vn -0.05457 -0.80082 0.59642
vn -0.0138 -0.80197 0.5972
vn -0.02732 -0.80408 0.5939
vn -0.11113 -0.7294 0.675
vn -0.06255 -0.73298 0.67737
vn -0.08226 -0.73565 0.67235
vn -0.03925 -0.73781 0.67386
vn -0.05304 -0.73997 0.67054
vn -0.01508 -0.74102 0.67132
vn -0.02338 -0.7425 0.66944
vn -0.00678 -0.66949 0.74279
vn -0.03587 -0.66439 0.74652
vn -0.02668 -0.66456 0.74676
vn -0.00905 -0.59412 0.80433
vn -0.06505 -0.65987 0.74856
vn -0.05133 -0.66033 0.74922
vn -0.03627 -0.58988 0.80668
vn -0.02425 -0.59008 0.80698
vn -0.00663 -0.51581 0.85667
vn -0.09444 -0.6559 0.74892
vn -0.07621 -0.65677 0.75023
vn -0.06356 -0.58554 0.80815
vn -0.05029 -0.58595 0.80879
vn -0.03757 -0.51093 0.8588
vn -0.02317 -0.51116 0.85917
vn -0.00742 -0.42997 0.90281
vn -0.0456 -0.41837 0.90713
vn -0.07893 -0.49828 0.86342
vn -0.06924 -0.42735 0.90143
vn -0.12129 -0.40939 0.90426
vn -0.10717 -0.57218 0.81309
vn -0.09883 -0.50524 0.8573
vn -0.15155 -0.48701 0.86015
vn -0.14142 -0.41633 0.89815
vn -0.19441 -0.39567 0.89758
vn -0.13369 -0.64383 0.7534
vn -0.12587 -0.57814 0.80617
vn -0.17969 -0.55951 0.80911
vn -0.17039 -0.49295 0.85321
vn -0.22267 -0.47258 0.8527
vn -0.21193 -0.40115 0.89116
vn -0.26752 -0.37687 0.88679
vn -0.19793 -0.66085 0.72395
vn -0.29384 -0.6761 0.67568
vn -0.2081 -0.65716 0.72445
vn -0.25407 -0.57926 0.77454
vn -0.37918 -0.68851 0.61821
vn -0.29621 -0.6751 0.67564
vn -0.34277 -0.59681 0.72548
vn -0.25643 -0.57824 0.77452
vn -0.29838 -0.49291 0.81732
vn -0.4611 -0.69771 0.54826
vn -0.37595 -0.69006 0.61845
vn -0.4246 -0.60922 0.66975
vn -0.34277 -0.59681 0.72548
vn -0.38514 -0.51329 0.76694
vn -0.29547 -0.49434 0.81751
vn -0.33627 -0.39561 0.85464
vn -0.45416 -0.70152 0.54919
vn -0.50221 -0.61832 0.60454
vn -0.50492 -0.61663 0.604
vn -0.42386 -0.60962 0.66985
vn -0.54637 -0.53177 0.64706
vn -0.54432 -0.53321 0.64762
vn -0.4662 -0.52606 0.71128
vn -0.46621 -0.52606 0.71128
vn -0.38441 -0.51369 0.76704
vn -0.59175 -0.43522 0.67854
vn -0.58354 -0.44162 0.68151
vn -0.50615 -0.43428 0.74513
vn -0.50409 -0.4357 0.7457
vn -0.42099 -0.4221 0.80287
vn -0.42401 -0.42025 0.80225
vn -0.32935 -0.39941 0.85557
vn 0.05178 0.00053 0.99866
vn 0.14868 -0.00039 0.98888
vn 0.10221 -0.048 0.9936
vn 0.10221 -0.04806 0.9936
vn 0.24109 -0.00042 0.9705
vn 0.19622 -0.04727 0.97942
vn 0.19621 -0.04815 0.97938
vn 0.15032 -0.095 0.98406
vn 0.15029 -0.09658 0.98391
vn 0.33432 0.00052 0.94246
vn 0.2885 -0.04806 0.95627
vn 0.2885 -0.04803 0.95628
vn 0.24311 -0.09505 0.96533
vn 0.24308 -0.0966 0.96519
vn 0.19719 -0.14325 0.96984
vn 0.19709 -0.14688 0.96932
vn -0.00053 -0.05178 0.99866
vn 0.04806 -0.10221 0.9936
vn 0.048 -0.10221 0.9936
vn 0.00036 -0.14871 0.98888
vn 0.09657 -0.1503 0.98391
vn 0.09501 -0.15033 0.98406
vn 0.04817 -0.19622 0.97938
vn 0.04723 -0.19623 0.97942
vn 0.00042 -0.24107 0.97051
vn 0.14688 -0.19709 0.96932
vn 0.14322 -0.19719 0.96985
vn 0.09659 -0.24306 0.96519
vn 0.09503 -0.2431 0.96534
vn 0.04802 -0.28848 0.95628
vn 0.04807 -0.28848 0.95628
vn -0.00052 -0.33431 0.94246
vn 0.06784 -0.40088 0.91362
vn 0.11959 -0.35825 0.92593
vn 0.11938 -0.35891 0.92571
vn 0.1894 -0.42726 0.88407
vn 0.16742 -0.31224 0.93513
vn 0.1657 -0.31798 0.93351
vn 0.23568 -0.38411 0.8927
vn 0.23441 -0.38806 0.89133
vn 0.29995 -0.44994 0.84118
vn 0.21276 -0.26155 0.94145
vn 0.20969 -0.27279 0.93894
vn 0.28092 -0.33795 0.89826
vn 0.27926 -0.34359 0.89664
vn 0.34705 -0.40322 0.84674
vn 0.34568 -0.40753 0.84524
vn 0.41251 -0.46595 0.78277
vn 0.06131 -0.41962 0.90563
vn 0.18053 -0.45256 0.87327
vn 0.10662 -0.47788 0.87193
vn 0.09544 -0.50693 0.85668
vn 0.29163 -0.47353 0.83109
vn 0.22039 -0.50241 0.83607
vn 0.20879 -0.53229 0.82041
vn 0.13595 -0.55712 0.81923
vn 0.12329 -0.58671 0.80036
vn 0.40582 -0.4849 0.77471
vn 0.33047 -0.52036 0.78741
vn 0.31903 -0.54954 0.77216
vn 0.24709 -0.57833 0.77748
vn 0.23426 -0.60786 0.7587
vn 0.16152 -0.63246 0.75757
vn 0.14591 -0.66482 0.73261
vn 0.19793 -0.72394 0.66086
vn 0.29384 -0.67568 0.67611
vn 0.20809 -0.72445 0.65717
vn 0.25407 -0.77454 0.57925
vn 0.37917 -0.61821 0.68851
vn 0.29621 -0.67564 0.67511
vn 0.34277 -0.72548 0.59681
vn 0.25642 -0.77452 0.57824
vn 0.29838 -0.81732 0.49291
vn 0.4611 -0.54826 0.69771
vn 0.37595 -0.61845 0.69006
vn 0.4246 -0.66975 0.60922
vn 0.34277 -0.72548 0.59682
vn 0.38514 -0.76695 0.51329
vn 0.29547 -0.81751 0.49433
vn 0.33628 -0.85464 0.39561
vn 0.13369 -0.7534 0.64383
vn 0.1797 -0.80911 0.55951
vn 0.12587 -0.80617 0.57814
vn 0.10718 -0.81309 0.57219
vn 0.22266 -0.8527 0.47258
vn 0.17039 -0.85321 0.49295
vn 0.15155 -0.86015 0.487
vn 0.09884 -0.8573 0.50523
vn 0.07895 -0.86342 0.49828
vn 0.26752 -0.88679 0.37687
vn 0.21193 -0.89116 0.40115
vn 0.19441 -0.89758 0.39567
vn 0.14142 -0.89815 0.41633
vn 0.1213 -0.90426 0.4094
vn 0.06926 -0.90143 0.42735
vn 0.0456 -0.90713 0.41837
vn 0.0326 -0.94196 0.33415
vn 0.10727 -0.94183 0.3185
vn 0.05013 -0.94629 0.31942
vn 0.03667 -0.96986 0.24091
vn 0.18028 -0.9354 0.30418
vn 0.12186 -0.94422 0.30593
vn 0.10894 -0.96767 0.22747
vn 0.05105 -0.97223 0.22838
vn 0.03663 -0.98822 0.14858
vn 0.25418 -0.9225 0.29051
vn 0.1926 -0.93643 0.29325
vn 0.18004 -0.96016 0.2137
vn 0.12245 -0.96881 0.21542
vn 0.10917 -0.98471 0.13572
vn 0.04997 -0.98936 0.13663
vn 0.03447 -0.99807 0.05174
vn 0.0234 -0.66932 0.7426
vn 0.02707 -0.59392 0.80407
vn 0.01484 -0.67126 0.74107
vn 0.05307 -0.67048 0.74002
vn 0.02478 -0.51567 0.85643
vn 0.01355 -0.59723 0.80196
vn 0.05439 -0.59645 0.80081
vn 0.03907 -0.67385 0.73783
vn 0.08222 -0.67234 0.73567
vn 0.02549 -0.42984 0.90255
vn 0.01172 -0.51904 0.85467
vn 0.05645 -0.51824 0.85337
vn 0.03905 -0.6004 0.79875
vn 0.08105 -0.59902 0.79662
vn 0.06245 -0.67737 0.73299
vn 0.11116 -0.67499 0.7294
vn 0.00681 -0.74269 0.66961
vn 0.03589 -0.74647 0.66445
vn 0.02693 -0.74669 0.66462
vn 0.00927 -0.80434 0.59409
vn 0.06501 -0.74853 0.6599
vn 0.0515 -0.74918 0.66036
vn 0.03642 -0.8067 0.58984
vn 0.02451 -0.807 0.59004
vn 0.00687 -0.85672 0.51574
vn 0.09447 -0.74892 0.65589
vn 0.07632 -0.75023 0.65675
vn 0.06366 -0.80816 0.58552
vn 0.0504 -0.8088 0.58592
vn 0.03767 -0.85881 0.5109
vn 0.02322 -0.85919 0.51113
vn 0.00746 -0.90282 0.42995
vn 0.33411 -0.94191 0.03427
vn 0.2409 -0.96979 0.03842
vn 0.31306 -0.94811 0.05555
vn 0.31205 -0.94302 0.11551
vn 0.14858 -0.98815 0.03848
vn 0.22223 -0.97335 0.0566
vn 0.2212 -0.96817 0.11708
vn 0.29336 -0.94658 0.13388
vn 0.29141 -0.93658 0.19465
vn 0.05174 -0.99802 0.03588
vn 0.13052 -0.98989 0.05552
vn 0.12946 -0.98465 0.11707
vn 0.20293 -0.96992 0.13442
vn 0.20095 -0.9601 0.19448
vn 0.27409 -0.93823 0.21117
vn 0.27098 -0.92245 0.27505
vn 0.42892 -0.90164 0.05549
vn 0.41396 -0.89974 0.13823
vn 0.41465 -0.89952 0.13758
vn 0.50315 -0.85013 0.15529
vn 0.39279 -0.89361 0.21718
vn 0.39733 -0.89257 0.21319
vn 0.48374 -0.84407 0.23141
vn 0.48675 -0.8431 0.22859
vn 0.56727 -0.78666 0.24366
vn 0.36424 -0.8831 0.29574
vn 0.37347 -0.88173 0.28822
vn 0.4597 -0.83318 0.30738
vn 0.4642 -0.83212 0.30346
vn 0.54463 -0.77502 0.3205
vn 0.54701 -0.77426 0.31828
vn 0.62613 -0.70502 0.33303
vn 0.59175 -0.67854 0.43523
vn 0.50616 -0.74512 0.43428
vn 0.58355 -0.6815 0.44162
vn 0.54639 -0.64706 0.53176
vn 0.42098 -0.80287 0.42211
vn 0.50409 -0.74569 0.43571
vn 0.4662 -0.71128 0.52606
vn 0.54431 -0.64762 0.5332
vn 0.5022 -0.60455 0.61832
vn 0.32934 -0.85557 0.39942
vn 0.42401 -0.80225 0.42025
vn 0.38442 -0.76704 0.51368
vn 0.46622 -0.71127 0.52605
vn 0.42387 -0.66985 0.60962
vn 0.50492 -0.60401 0.61663
vn 0.45415 -0.54919 0.70153
vn 0.68241 -0.5874 0.43506
vn 0.64785 -0.5455 0.53172
vn 0.64544 -0.54637 0.53375
vn 0.71168 -0.46571 0.52595
vn 0.60377 -0.50307 0.61837
vn 0.60578 -0.50247 0.61689
vn 0.66949 -0.42442 0.60963
vn 0.66948 -0.42443 0.60964
vn 0.72569 -0.34304 0.59641
vn 0.54525 -0.45847 0.70179
vn 0.55425 -0.45627 0.69615
vn 0.61756 -0.37859 0.68942
vn 0.61957 -0.37797 0.68795
vn 0.67632 -0.29443 0.6752
vn 0.67368 -0.29541 0.67741
vn 0.72688 -0.20066 0.6568
vn 0.66482 -0.14591 0.73261
vn 0.60786 -0.23427 0.7587
vn 0.63247 -0.16152 0.75756
vn 0.58671 -0.12328 0.80036
vn 0.54955 -0.31904 0.77215
vn 0.57834 -0.2471 0.77747
vn 0.53229 -0.20878 0.82041
vn 0.55712 -0.13595 0.81923
vn 0.50694 -0.09544 0.85668
vn 0.48491 -0.40582 0.77471
vn 0.52036 -0.33048 0.78741
vn 0.47352 -0.29164 0.8311
vn 0.5024 -0.22039 0.83607
vn 0.45256 -0.18053 0.87327
vn 0.47788 -0.10662 0.87193
vn 0.41961 -0.06131 0.90563
vn 0.67499 -0.11117 0.7294
vn 0.59903 -0.08102 0.79662
vn 0.67737 -0.06242 0.73299
vn 0.67233 -0.0822 0.73567
vn 0.51824 -0.05647 0.85337
vn 0.6004 -0.03908 0.79874
vn 0.59644 -0.05446 0.80081
vn 0.67385 -0.03914 0.73784
vn 0.6705 -0.05306 0.74001
vn 0.42986 -0.02542 0.90254
vn 0.51904 -0.01166 0.85467
vn 0.51564 -0.02483 0.85645
vn 0.59722 -0.0136 0.80196
vn 0.59391 -0.02717 0.80408
vn 0.67127 -0.01494 0.74106
vn 0.66935 -0.02341 0.74257
vn 0.74893 -0.09448 0.65588
vn 0.74854 -0.06499 0.6599
vn 0.75024 -0.07629 0.65675
vn 0.80815 -0.06364 0.58552
vn 0.74648 -0.03588 0.66444
vn 0.74919 -0.05144 0.66035
vn 0.80669 -0.03637 0.58985
vn 0.8088 -0.05037 0.58593
vn 0.85881 -0.03766 0.51091
vn 0.74272 -0.00682 0.66956
vn 0.74671 -0.02683 0.66461
vn 0.80433 -0.00918 0.59411
vn 0.80699 -0.02445 0.59006
vn 0.85671 -0.00681 0.51576
vn 0.85918 -0.02323 0.51114
vn 0.90283 -0.00748 0.42994
vn 0.7534 -0.13369 0.64383
vn 0.81309 -0.10718 0.57218
vn 0.80617 -0.12587 0.57813
vn 0.80911 -0.17969 0.55951
vn 0.86342 -0.07893 0.49828
vn 0.8573 -0.09885 0.50525
vn 0.86014 -0.15157 0.48701
vn 0.85321 -0.17038 0.49296
vn 0.8527 -0.22266 0.47258
vn 0.90713 -0.0456 0.41837
vn 0.90143 -0.06924 0.42735
vn 0.90426 -0.1213 0.40939
vn 0.89815 -0.14143 0.41633
vn 0.89758 -0.19441 0.39567
vn 0.89116 -0.21193 0.40115
vn 0.88679 -0.26752 0.37687
vn 0.9225 -0.25418 0.29051
vn 0.9354 -0.18028 0.30418
vn 0.93644 -0.1926 0.29325
vn 0.96016 -0.18004 0.21371
vn 0.94184 -0.10727 0.31849
vn 0.94423 -0.12184 0.30593
vn 0.96767 -0.10893 0.22747
vn 0.96881 -0.12245 0.21542
vn 0.98471 -0.10917 0.13572
vn 0.94196 -0.03259 0.33413
vn 0.94629 -0.05011 0.3194
vn 0.96985 -0.03666 0.24092
vn 0.97223 -0.05104 0.22839
vn 0.98822 -0.03663 0.1486
vn 0.98936 -0.04998 0.13663
vn 0.99807 -0.03447 0.05174
vn 0.92245 -0.27098 0.27505
vn 0.9601 -0.20094 0.19449
vn 0.93823 -0.27409 0.21118
vn 0.93658 -0.29142 0.19465
vn 0.98465 -0.12945 0.11708
vn 0.96993 -0.20291 0.13443
vn 0.96818 -0.2212 0.11709
vn 0.94658 -0.29337 0.13389
vn 0.94301 -0.31206 0.11551
vn 0.99802 -0.05174 0.03588
vn 0.98989 -0.13051 0.05552
vn 0.98815 -0.14857 0.03848
vn 0.97335 -0.22223 0.0566
vn 0.96979 -0.24089 0.03843
vn 0.9481 -0.31307 0.05557
vn 0.9419 -0.33413 0.03427
vn 0.8831 -0.36424 0.29574
vn 0.89362 -0.39279 0.21718
vn 0.88173 -0.37346 0.28822
vn 0.83318 -0.4597 0.30738
vn 0.89974 -0.41396 0.13823
vn 0.89257 -0.39733 0.21318
vn 0.84406 -0.48374 0.23141
vn 0.83212 -0.4642 0.30346
vn 0.77502 -0.54463 0.3205
vn 0.90164 -0.42892 0.05549
vn 0.89952 -0.41465 0.13758
vn 0.85013 -0.50315 0.15529
vn 0.8431 -0.48675 0.22859
vn 0.78666 -0.56727 0.24366
vn 0.77426 -0.54702 0.31828
vn 0.70502 -0.62613 0.33303
vn 0.70482 -0.62662 0.33254
vn 0.78516 -0.57089 0.24002
vn 0.72777 -0.64187 0.24156
vn 0.72688 -0.64358 0.2397
vn 0.84833 -0.5075 0.15092
vn 0.79935 -0.58082 0.15394
vn 0.79774 -0.58389 0.15062
vn 0.74178 -0.65309 0.15244
vn 0.73924 -0.65702 0.1478
vn 0.90148 -0.42931 0.0551
vn 0.85616 -0.51315 0.06057
vn 0.85526 -0.51485 0.05874
vn 0.80558 -0.58917 0.06259
vn 0.80302 -0.59312 0.058
vn 0.74713 -0.66195 0.06013
vn 0.74172 -0.66874 0.05146
vn 0.62662 -0.70482 0.33254
vn 0.64356 -0.7269 0.2397
vn 0.64188 -0.72777 0.24152
vn 0.57092 -0.78514 0.23999
vn 0.65696 -0.73929 0.1478
vn 0.65307 -0.74181 0.15239
vn 0.58393 -0.79772 0.15057
vn 0.58085 -0.79933 0.1539
vn 0.50754 -0.84832 0.15089
vn 0.66861 -0.74183 0.05146
vn 0.66189 -0.7472 0.06004
vn 0.59315 -0.80301 0.05791
vn 0.58921 -0.80556 0.06249
vn 0.51494 -0.85522 0.05865
vn 0.51318 -0.85614 0.06054
vn 0.42933 -0.90147 0.05508
vn 0.40088 -0.06784 0.91362
vn 0.42726 -0.1894 0.88407
vn 0.35891 -0.11937 0.92571
vn 0.35825 -0.11959 0.92593
vn 0.44994 -0.29995 0.84118
vn 0.38806 -0.23441 0.89133
vn 0.38411 -0.23568 0.8927
vn 0.31798 -0.1657 0.93351
vn 0.31225 -0.16742 0.93513
vn 0.46595 -0.41251 0.78277
vn 0.40753 -0.34568 0.84524
vn 0.40322 -0.34705 0.84674
vn 0.34359 -0.27926 0.89664
vn 0.33795 -0.28092 0.89826
vn 0.27279 -0.20969 0.93894
vn 0.26155 -0.21276 0.94145
vn 0.72141 -0.20305 0.66207
vn 0.77402 -0.25509 0.5795
vn 0.77607 -0.25403 0.57722
vn 0.72511 -0.34329 0.59697
vn 0.81784 -0.29737 0.49266
vn 0.81636 -0.29827 0.49456
vn 0.76727 -0.38457 0.51324
vn 0.76727 -0.38456 0.51323
vn 0.71112 -0.46596 0.52649
vn 0.85722 -0.33121 0.39429
vn 0.85171 -0.33536 0.40264
vn 0.80324 -0.42141 0.42097
vn 0.80176 -0.42233 0.42286
vn 0.74475 -0.50573 0.43542
vn 0.74703 -0.50452 0.4329
vn 0.67695 -0.58979 0.44033
vn -0.98534 0.17062 -0
vn -0.99251 0.12216 -0
vn -0.99251 0.12216 -0
vn -0.99727 0.07382 -0
vn -0.99727 0.07382 -0
vn -0.99969 0.02489 -0
vn -0.99969 0.02488 0
vn -0.99969 0.02489 0
vn -0.99727 0.07382 0
vn -0.99727 0.07382 0
vn -0.99251 0.12216 0
vn -0.99251 0.12216 0
vn -0.98534 0.17062 0
vn -0.98534 0.17063 0
vn -0.93312 0.35956 -1E-05
vn -0.94961 0.31345 -1E-05
vn -0.94961 0.31344 -0
vn -0.96371 0.26697 -0
vn -0.96371 0.26696 -0
vn -0.97563 0.21944 -0
vn -0.97563 0.21943 0
vn -0.97563 0.21944 0
vn -0.96371 0.26697 0
vn -0.96371 0.26697 0
vn -0.94961 0.31345 0
vn -0.9496 0.31345 0
vn -0.93312 0.35956 0
vn -0.93312 0.35957 0
vn -0.84505 0.53468 -1E-05
vn -0.87021 0.49269 -1E-05
vn -0.87021 0.49267 -0
vn -0.8931 0.44986 -0
vn -0.89311 0.44984 0
vn -0.91407 0.40555 0
vn -0.91407 0.40556 0
vn -0.91407 0.40555 -1E-05
vn -0.8931 0.44986 -1E-05
vn -0.89311 0.44984 0
vn -0.87021 0.49269 0
vn -0.87021 0.49269 0
vn -0.84505 0.53468 0
vn -0.84504 0.5347 0
vn -0.72449 0.68928 -1E-05
vn -0.75736 0.653 -1E-05
vn -0.75737 0.65299 0
vn -0.78818 0.61545 0
vn -0.78818 0.61544 1E-05
vn -0.81741 0.57606 1E-05
vn -0.81739 0.57609 0
vn -0.81741 0.57606 -2E-05
vn -0.78818 0.61545 -2E-05
vn -0.78819 0.61543 -0
vn -0.75736 0.653 -0
vn -0.75737 0.65298 0
vn -0.72449 0.68928 0
vn -0.72448 0.68929 0
vn -0.57604 0.81742 3E-05
vn -0.61543 0.78819 3E-05
vn -0.6154 0.78821 2E-05
vn -0.653 0.75736 2E-05
vn -0.65297 0.75738 1E-05
vn -0.68932 0.72445 1E-05
vn -0.68929 0.72449 0
vn -0.68932 0.72445 -2E-05
vn -0.653 0.75736 -2E-05
vn -0.65301 0.75735 -2E-05
vn -0.61543 0.78819 -2E-05
vn -0.61545 0.78818 -1E-05
vn -0.57604 0.81742 -1E-05
vn -0.57609 0.81739 0
vn -0.40554 0.91408 1E-05
vn -0.44987 0.89309 1E-05
vn -0.44985 0.89311 -0
vn -0.4927 0.8702 -1E-05
vn -0.49269 0.8702 -1E-05
vn -0.53467 0.84506 -1E-05
vn -0.53471 0.84504 0
vn -0.53467 0.84506 2E-05
vn -0.4927 0.8702 2E-05
vn -0.49267 0.87022 1E-05
vn -0.44987 0.89309 0
vn -0.44984 0.89311 -0
vn -0.40554 0.91408 -0
vn -0.40555 0.91407 0
vn -0.21938 0.97564 3E-05
vn -0.26698 0.9637 3E-05
vn -0.26695 0.96371 1E-05
vn -0.31349 0.94959 1E-05
vn -0.31344 0.94961 -0
vn -0.35955 0.93313 -0
vn -0.35957 0.93312 0
vn -0.35955 0.93313 1E-05
vn -0.31349 0.94959 1E-05
vn -0.31345 0.9496 -1E-05
vn -0.26698 0.9637 -1E-05
vn -0.26698 0.9637 -1E-05
vn -0.21938 0.97564 -1E-05
vn -0.21944 0.97563 0
vn -0.02491 0.99969 -1E-05
vn -0.07385 0.99727 -1E-05
vn -0.07385 0.99727 -1E-05
vn -0.12217 0.99251 -1E-05
vn -0.12218 0.99251 -1E-05
vn -0.17055 0.98535 -1E-05
vn -0.17062 0.98534 0
vn -0.17055 0.98535 3E-05
vn -0.12217 0.99251 3E-05
vn -0.12213 0.99251 1E-05
vn -0.07385 0.99727 1E-05
vn -0.07381 0.99727 0
vn -0.02491 0.99969 0
vn -0.02488 0.99969 0
vn -0 1 0
vn 0.17055 0.98535 -3E-05
vn 0.12217 0.99251 -3E-05
vn 0.12213 0.99251 -1E-05
vn 0.07385 0.99727 -1E-05
vn 0.07381 0.99727 -0
vn 0.02491 0.99969 -0
vn 0.02488 0.99969 0
vn 0.02491 0.99969 1E-05
vn 0.07385 0.99727 1E-05
vn 0.07385 0.99727 1E-05
vn 0.12217 0.99251 1E-05
vn 0.12218 0.99251 1E-05
vn 0.17055 0.98535 1E-05
vn 0.17062 0.98534 0
vn 0.35955 0.93313 -1E-05
vn 0.31349 0.94959 -1E-05
vn 0.31345 0.9496 1E-05
vn 0.26698 0.9637 1E-05
vn 0.26698 0.9637 1E-05
vn 0.21938 0.97564 1E-05
vn 0.21944 0.97563 0
vn 0.21938 0.97564 -3E-05
vn 0.26698 0.9637 -3E-05
vn 0.26695 0.96371 -1E-05
vn 0.31349 0.94959 -1E-05
vn 0.31344 0.94961 0
vn 0.35955 0.93313 0
vn 0.35957 0.93312 0
vn 0.53467 0.84506 -2E-05
vn 0.4927 0.8702 -2E-05
vn 0.49267 0.87022 -1E-05
vn 0.44987 0.89309 -0
vn 0.44984 0.89311 0
vn 0.40554 0.91408 0
vn 0.40555 0.91407 0
vn 0.40554 0.91408 -1E-05
vn 0.44987 0.89309 -1E-05
vn 0.44985 0.89311 0
vn 0.4927 0.8702 1E-05
vn 0.49269 0.8702 1E-05
vn 0.53467 0.84506 1E-05
vn 0.53471 0.84504 0
vn 0.68932 0.72445 2E-05
vn 0.653 0.75736 2E-05
vn 0.65301 0.75735 2E-05
vn 0.61543 0.78819 2E-05
vn 0.61545 0.78818 1E-05
vn 0.57604 0.81742 1E-05
vn 0.57609 0.81739 0
vn 0.57604 0.81742 -3E-05
vn 0.61543 0.78819 -3E-05
vn 0.6154 0.78821 -2E-05
vn 0.653 0.75736 -2E-05
vn 0.65297 0.75738 -1E-05
vn 0.68932 0.72445 -1E-05
vn 0.68929 0.72449 0
vn 0.81741 0.57606 2E-05
vn 0.78818 0.61545 2E-05
vn 0.78819 0.61543 0
vn 0.75736 0.653 0
vn 0.75737 0.65298 -0
vn 0.72449 0.68928 -0
vn 0.72448 0.68929 0
vn 0.72449 0.68928 1E-05
vn 0.75736 0.653 1E-05
vn 0.75737 0.65299 -0
vn 0.78818 0.61545 -0
vn 0.78818 0.61544 -1E-05
vn 0.81741 0.57606 -1E-05
vn 0.81739 0.57609 0
vn 0.91407 0.40555 1E-05
vn 0.8931 0.44986 1E-05
vn 0.89311 0.44984 -0
vn 0.87021 0.49269 -0
vn 0.87021 0.49269 -0
vn 0.84505 0.53468 -0
vn 0.84504 0.5347 0
vn 0.84505 0.53468 1E-05
vn 0.87021 0.49269 1E-05
vn 0.87021 0.49267 0
vn 0.8931 0.44986 0
vn 0.89311 0.44984 -0
vn 0.91407 0.40555 -0
vn 0.91407 0.40556 0
vn 0.97563 0.21944 -0
vn 0.96371 0.26697 -0
vn 0.96371 0.26697 -0
vn 0.94961 0.31345 -0
vn 0.9496 0.31345 -0
vn 0.93312 0.35956 -0
vn 0.93312 0.35957 0
vn 0.93312 0.35956 1E-05
vn 0.94961 0.31345 1E-05
vn 0.94961 0.31344 0
vn 0.96371 0.26697 0
vn 0.96371 0.26696 0
vn 0.97563 0.21944 0
vn 0.97563 0.21943 0
vn 0.99969 0.02489 -0
vn 0.99727 0.07382 -0
vn 0.99727 0.07382 -0
vn 0.99251 0.12216 -0
vn 0.99251 0.12216 -0
vn 0.98534 0.17062 -0
vn 0.98534 0.17063 0
vn 0.98534 0.17062 0
vn 0.99251 0.12216 0
vn 0.99251 0.12216 0
vn 0.99727 0.07382 0
vn 0.99727 0.07382 0
vn 0.99969 0.02489 0
vn 0.99969 0.02488 0
vn 1 0 0
vn 0 0 1
vn 2E-05 0.58243 -0.81288
vn 2E-05 0.62207 -0.78296
vn 1E-05 0.62205 -0.78298
vn 1E-05 0.65982 -0.75142
vn 0 0.6598 -0.75144
vn 0 0.69629 -0.71777
vn 0 0.69627 -0.71778
vn -1E-05 0.69629 -0.71777
vn -1E-05 0.65982 -0.75142
vn -1E-05 0.65982 -0.75142
vn -1E-05 0.62207 -0.78296
vn -1E-05 0.62208 -0.78295
vn -1E-05 0.58243 -0.81288
vn 0 0.58247 -0.81286
vn 0 0.41041 -0.9119
vn 0 0.45516 -0.89041
vn -0 0.45515 -0.89041
vn -0 0.49839 -0.86695
vn -1E-05 0.49838 -0.86696
vn -1E-05 0.54072 -0.8412
vn 0 0.54075 -0.84118
vn 2E-05 0.54072 -0.8412
vn 2E-05 0.49839 -0.86695
vn 0 0.49836 -0.86697
vn 0 0.45516 -0.89041
vn -0 0.45515 -0.89042
vn -0 0.41041 -0.9119
vn 0 0.41042 -0.9119
vn 0 0.2222 -0.975
vn 0 0.2703 -0.96278
vn -0 0.27028 -0.96278
vn -0 0.31729 -0.94833
vn -0 0.3173 -0.94833
vn -0 0.36391 -0.93143
vn 0 0.36393 -0.93143
vn 1E-05 0.36391 -0.93143
vn 1E-05 0.31729 -0.94833
vn 0 0.31728 -0.94833
vn 0 0.2703 -0.96278
vn 0 0.27027 -0.96278
vn 0 0.02521 -0.99968
vn 0 0.07476 -0.9972
vn -0 0.07476 -0.9972
vn -0 0.12371 -0.99232
vn -0 0.1237 -0.99232
vn -0 0.17276 -0.98496
vn 0 0.17277 -0.98496
vn 0 0.17276 -0.98496
vn 0 0.12371 -0.99232
vn 0 0.1237 -0.99232
vn 0 0.07476 -0.9972
vn 0 0.07476 -0.9972
vn -1 0 0
vn 0 0 -1
vn 0.94246 -0.33433 0
vn 0.97051 -0.24106 0
vn 0.97051 -0.24107 0
vn 0.98889 -0.14866 0
vn 0.98888 -0.14868 0
vn 0.99866 -0.05177 0
vn 0.99866 -0.05178 0
vn 0.99866 -0.05178 -0
vn 0.98889 -0.14868 -0
vn 0.98888 -0.14868 -0
vn 0.9705 -0.24109 -0
vn 0.97051 -0.24107 -0
vn 0.94245 -0.33435 -0
vn 0.94246 -0.33433 0
vn 0.7427 -0.66962 2E-05
vn 0.80438 -0.59412 2E-05
vn 0.80435 -0.59415 1E-05
vn 0.85674 -0.51574 1E-05
vn 0.85671 -0.5158 0
vn 0.90285 -0.42996 0
vn 0.90283 -0.43 0
vn 0.90285 -0.42996 -1E-05
vn 0.85674 -0.51574 -1E-05
vn 0.85674 -0.51575 -1E-05
vn 0.80438 -0.59412 -1E-05
vn 0.8044 -0.59409 -1E-05
vn 0.7427 -0.66962 -1E-05
vn 0.74276 -0.66955 0
vn 0.42999 -0.90284 0
vn 0.51583 -0.85669 0
vn 0.5158 -0.85671 -0
vn 0.59415 -0.80436 -0
vn 0.59413 -0.80437 -0
vn 0.66949 -0.74282 -1E-05
vn 0.66955 -0.74276 0
vn 0.66949 -0.74282 2E-05
vn 0.59415 -0.80436 1E-05
vn 0.5941 -0.80439 0
vn 0.51583 -0.85669 0
vn 0.51579 -0.85671 -0
vn 0.42999 -0.90284 -0
vn 0.43 -0.90283 0
vn 0.05178 -0.99866 0
vn 0.14868 -0.98889 0
vn 0.14869 -0.98888 0
vn 0.24109 -0.9705 0
vn 0.24108 -0.9705 0
vn 0.33436 -0.94245 0
vn 0.3343 -0.94247 0
vn 0.3343 -0.94247 -1E-05
vn 0.24104 -0.97052 -1E-05
vn 0.24108 -0.9705 -0
vn 0.14865 -0.98889 -0
vn 0.14869 -0.98888 -0
vn 0.05177 -0.99866 -0
vn 0.05178 -0.99866 0
vn -0.3343 -0.94247 1E-05
vn -0.24104 -0.97052 1E-05
vn -0.24108 -0.9705 0
vn -0.14865 -0.98889 0
vn -0.14869 -0.98888 0
vn -0.05177 -0.99866 0
vn -0.05178 -0.99866 0
vn -0.05178 -0.99866 -0
vn -0.14868 -0.98889 -0
vn -0.14869 -0.98888 -0
vn -0.24109 -0.9705 -0
vn -0.24108 -0.9705 -0
vn -0.33436 -0.94245 -0
vn -0.3343 -0.94247 0
vn -0.66949 -0.74282 -2E-05
vn -0.59415 -0.80436 -1E-05
vn -0.5941 -0.80439 -0
vn -0.51583 -0.85669 -0
vn -0.51579 -0.85671 0
vn -0.42999 -0.90284 0
vn -0.43 -0.90283 0
vn -0.42999 -0.90284 -0
vn -0.51583 -0.85669 -0
vn -0.5158 -0.85671 0
vn -0.59415 -0.80436 0
vn -0.59413 -0.80437 0
vn -0.66949 -0.74282 1E-05
vn -0.66955 -0.74276 0
vn -0.90285 -0.42996 1E-05
vn -0.85674 -0.51574 1E-05
vn -0.85674 -0.51575 1E-05
vn -0.80438 -0.59412 1E-05
vn -0.8044 -0.59409 1E-05
vn -0.7427 -0.66962 1E-05
vn -0.74276 -0.66955 0
vn -0.7427 -0.66962 -2E-05
vn -0.80438 -0.59412 -2E-05
vn -0.80435 -0.59415 -1E-05
vn -0.85674 -0.51574 -1E-05
vn -0.85671 -0.5158 -0
vn -0.90285 -0.42996 -0
vn -0.90283 -0.43 0
vn -0.99866 -0.05178 0
vn -0.98889 -0.14868 0
vn -0.98888 -0.14868 0
vn -0.9705 -0.24109 0
vn -0.97051 -0.24107 0
vn -0.94245 -0.33435 0
vn -0.94246 -0.33433 0
vn -0.94246 -0.33433 -0
vn -0.97051 -0.24106 -0
vn -0.97051 -0.24107 -0
vn -0.98889 -0.14866 -0
vn -0.98888 -0.14868 -0
vn -0.99866 -0.05177 -0
vn -0.99866 -0.05178 0
vn 0 -1 0
vn 0.9543 -0 -0.29886
vn 0.9766 -0 -0.21505
vn 0.9766 -0 -0.21508
vn 0.99126 -0 -0.13189
vn 0.99126 -0 -0.13192
vn 0.99896 -0 -0.04552
vn 0.99896 0 -0.04553
vn 0.9543 0 0.29886
vn 0.9766 0 0.21505
vn 0.9766 0 0.21508
vn 0.99126 0 0.13189
vn 0.99126 0 0.13192
vn 0.99896 0 0.04552
vn 0.99896 0 0.04553
vn 0.99896 -0 0.04553
vn 0.99126 -0 0.13192
vn 0.99126 -0 0.13192
vn 0.97659 -0 0.2151
vn 0.9766 -0 0.21508
vn 0.95428 -0 0.2989
vn 0.9543 0 0.29886
vn 0.79451 -0 0.60725
vn 0.84413 -0 0.53613
vn 0.84413 -0 0.53614
vn 0.88636 -0 0.46299
vn 0.88637 -0 0.46299
vn 0.92314 -0 0.38445
vn 0.92316 0 0.38441
vn 0.92316 0 0.38441
vn 0.88638 0 0.46295
vn 0.88637 0 0.46299
vn 0.84414 0 0.53612
vn 0.84413 0 0.53614
vn 0.79451 0 0.60725
vn 0.79451 0 0.60725
vn 0.53889 -0 0.84238
vn 0.60985 -0 0.79252
vn 0.60986 -0 0.79251
vn 0.67456 -0 0.73822
vn 0.67457 -0 0.73821
vn 0.73599 -0 0.677
vn 0.736 0 0.67698
vn 0.736 0 0.67698
vn 0.67457 0 0.73821
vn 0.67457 0 0.73821
vn 0.60987 0 0.7925
vn 0.60986 0 0.79251
vn 0.53891 0 0.84236
vn 0.53889 0 0.84238
vn 0.21827 -0 0.97589
vn 0.30201 -0 0.95331
vn 0.30204 -0 0.95329
vn 0.38139 -0 0.92441
vn 0.38142 0 0.9244
vn 0.46006 0 0.88789
vn 0.46005 0 0.88789
vn 0.46005 -0 0.88789
vn 0.38139 -0 0.92441
vn 0.38142 0 0.9244
vn 0.30204 0 0.9533
vn 0.30204 0 0.95329
vn 0.21831 0 0.97588
vn 0.21827 0 0.97589
vn -0.1286 0 0.9917
vn -0.04219 0 0.99911
vn -0.04222 0 0.99911
vn 0.04226 0 0.99911
vn 0.04222 0 0.99911
vn 0.12865 0 0.99169
vn 0.1286 0 0.9917
vn 0.1286 -0 0.9917
vn 0.04219 -0 0.99911
vn 0.04222 -0 0.99911
vn -0.04226 -0 0.99911
vn -0.04222 -0 0.99911
vn -0.12865 -0 0.99169
vn -0.1286 0 0.9917
vn -0.46005 0 0.88789
vn -0.38139 0 0.92441
vn -0.38142 -0 0.9244
vn -0.30204 -0 0.9533
vn -0.30204 -0 0.95329
vn -0.21831 -0 0.97588
vn -0.21827 0 0.97589
vn -0.21827 0 0.97589
vn -0.30201 0 0.95331
vn -0.30204 0 0.95329
vn -0.38139 0 0.92441
vn -0.38142 -0 0.9244
vn -0.46006 -0 0.88789
vn -0.46005 0 0.88789
vn -0.736 -0 0.67698
vn -0.67457 -0 0.73821
vn -0.67457 -0 0.73821
vn -0.60987 -0 0.7925
vn -0.60986 -0 0.79251
vn -0.53891 -0 0.84236
vn -0.53889 0 0.84238
vn -0.53889 0 0.84238
vn -0.60985 0 0.79252
vn -0.60986 0 0.79251
vn -0.67456 0 0.73822
vn -0.67457 0 0.73821
vn -0.73599 0 0.677
vn -0.736 0 0.67698
vn -0.92316 -0 0.38441
vn -0.88638 -0 0.46295
vn -0.88637 -0 0.46299
vn -0.84414 -0 0.53612
vn -0.84413 -0 0.53614
vn -0.79451 -0 0.60725
vn -0.79451 0 0.60725
vn -0.79451 0 0.60725
vn -0.84413 0 0.53613
vn -0.84413 0 0.53614
vn -0.88636 0 0.46299
vn -0.88637 0 0.46299
vn -0.92314 0 0.38445
vn -0.92316 0 0.38441
vn -0.99896 -0 0.04553
vn -0.99126 -0 0.13192
vn -0.99126 -0 0.13192
vn -0.9766 -0 0.21508
vn -0.97659 -0 0.21509
vn -0.9543 -0 0.29886
vn -0.95429 0 0.29889
vn -0.9543 0 0.29886
vn -0.9766 0 0.21508
vn -0.9766 0 0.21507
vn -0.99126 0 0.13192
vn -0.99126 0 0.1319
vn -0.99896 0 0.04553
vn -0.99896 0 0.04552
vn -0.9543 -0 -0.29886
vn -0.9766 -0 -0.21508
vn -0.9766 -0 -0.21507
vn -0.99126 -0 -0.13192
vn -0.99126 -0 -0.1319
vn -0.99896 -0 -0.04553
vn -0.99896 0 -0.04552
vn -0.99896 0 -0.04553
vn -0.99126 0 -0.13192
vn -0.99126 0 -0.13192
vn -0.9766 0 -0.21508
vn -0.97659 0 -0.21509
vn -0.9543 0 -0.29886
vn -0.95429 0 -0.29889
vn -0.79451 -0 -0.60725
vn -0.84413 -0 -0.53613
vn -0.84413 -0 -0.53614
vn -0.88636 -0 -0.46299
vn -0.88637 -0 -0.46299
vn -0.92314 -0 -0.38445
vn -0.92316 0 -0.38441
vn 0.99896 0 -0.04553
vn 0.99126 0 -0.13192
vn 0.99126 0 -0.13192
vn 0.97659 0 -0.2151
vn 0.9766 0 -0.21508
vn 0.95428 0 -0.2989
vn 0.9543 0 -0.29886
vn 0.79451 0 -0.60725
vn 0.84413 0 -0.53613
vn 0.84413 0 -0.53614
vn 0.88636 0 -0.46299
vn 0.88637 0 -0.46299
vn 0.92314 0 -0.38445
vn 0.92316 0 -0.38441
vn 0.92316 -0 -0.38441
vn 0.88638 -0 -0.46295
vn 0.88637 -0 -0.46299
vn 0.84414 -0 -0.53612
vn 0.84413 -0 -0.53614
vn 0.79451 -0 -0.60725
vn 0.79451 0 -0.60725
vn 0.53889 0 -0.84238
vn 0.60985 0 -0.79252
vn 0.60986 0 -0.79251
vn 0.67456 0 -0.73822
vn 0.67457 0 -0.73821
vn 0.73599 0 -0.677
vn 0.736 0 -0.67698
vn 0.736 -0 -0.67698
vn 0.67457 -0 -0.73821
vn 0.67457 -0 -0.73821
vn 0.60987 -0 -0.7925
vn 0.60986 -0 -0.79251
vn 0.53891 -0 -0.84236
vn 0.53889 0 -0.84238
vn 0.21827 0 -0.97589
vn 0.30201 0 -0.95331
vn 0.30204 0 -0.95329
vn 0.38139 0 -0.92441
vn 0.38142 -0 -0.9244
vn 0.46006 -0 -0.88789
vn 0.46005 0 -0.88789
vn 0.46005 0 -0.88789
vn 0.38139 0 -0.92441
vn 0.38142 -0 -0.9244
vn 0.30204 -0 -0.9533
vn 0.30204 -0 -0.95329
vn 0.21831 -0 -0.97588
vn 0.21827 0 -0.97589
vn -0.1286 -0 -0.9917
vn -0.04219 -0 -0.99911
vn -0.04222 -0 -0.99911
vn 0.04226 -0 -0.99911
vn 0.04222 -0 -0.99911
vn 0.12865 -0 -0.99169
vn 0.1286 0 -0.9917
vn 0.1286 0 -0.9917
vn 0.04219 0 -0.99911
vn 0.04222 0 -0.99911
vn -0.04226 0 -0.99911
vn -0.04222 0 -0.99911
vn -0.12865 0 -0.99169
vn -0.1286 0 -0.9917
vn -0.46005 -0 -0.88789
vn -0.38139 -0 -0.92441
vn -0.38142 0 -0.9244
vn -0.30204 0 -0.9533
vn -0.30204 0 -0.95329
vn -0.21831 0 -0.97588
vn -0.21827 0 -0.97589
vn -0.21827 -0 -0.97589
vn -0.30201 -0 -0.95331
vn -0.30204 -0 -0.95329
vn -0.38139 -0 -0.92441
vn -0.38142 0 -0.9244
vn -0.46006 0 -0.88789
vn -0.46005 0 -0.88789
vn -0.736 0 -0.67698
vn -0.67457 0 -0.73821
vn -0.67457 0 -0.73821
vn -0.60987 0 -0.7925
vn -0.60986 0 -0.79251
vn -0.53891 0 -0.84236
vn -0.53889 0 -0.84238
vn -0.53889 -0 -0.84238
vn -0.60985 -0 -0.79252
vn -0.60986 -0 -0.79251
vn -0.67456 -0 -0.73822
vn -0.67457 -0 -0.73821
vn -0.73599 -0 -0.677
vn -0.736 0 -0.67698
vn -0.92316 0 -0.38441
vn -0.88638 0 -0.46295
vn -0.88637 0 -0.46299
vn -0.84414 0 -0.53612
vn -0.84413 0 -0.53614
vn -0.79451 0 -0.60725
vn -0.79451 0 -0.60725
vn -0 0.94246 0.33433
vn -0 0.97051 0.24106
vn -0 0.97051 0.24107
vn -0 0.98889 0.14867
vn -0 0.98888 0.14869
vn -0 0.99866 0.05177
vn 0 0.99866 0.05177
vn 0 0.99866 0.05177
vn 0 0.98889 0.14868
vn 0 0.98888 0.14869
vn 0 0.9705 0.24108
vn 0 0.97051 0.24107
vn 0 0.94245 0.33435
vn 0 0.94246 0.33433
vn -1E-05 0.7427 0.66962
vn -1E-05 0.80438 0.59412
vn -1E-05 0.80435 0.59416
vn -1E-05 0.85674 0.51576
vn -0 0.85671 0.5158
vn -0 0.90285 0.42996
vn 0 0.90283 0.43
vn 1E-05 0.90285 0.42996
vn 1E-05 0.85674 0.51576
vn 1E-05 0.85674 0.51575
vn 1E-05 0.80438 0.59412
vn 0 0.80439 0.5941
vn 0 0.7427 0.66962
vn 0 0.74276 0.66955
vn -0 0.42998 0.90284
vn -0 0.51583 0.85669
vn 0 0.51579 0.85671
vn 0 0.59415 0.80436
vn 0 0.59414 0.80436
vn 0 0.6695 0.74281
vn 0 0.66955 0.74277
vn -1E-05 0.6695 0.74281
vn -1E-05 0.59415 0.80436
vn -0 0.59411 0.80438
vn -0 0.51583 0.85669
vn 0 0.51579 0.85672
vn 0 0.42998 0.90284
vn 0 0.43 0.90283
vn -0 0.05178 0.99866
vn -0 0.14869 0.98888
vn -0 0.1487 0.98888
vn -0 0.24109 0.9705
vn -0 0.24109 0.9705
vn -0 0.33436 0.94245
vn 0 0.3343 0.94247
vn 1E-05 0.3343 0.94247
vn 1E-05 0.24104 0.97052
vn 0 0.24109 0.9705
vn 0 0.14867 0.98889
vn 0 0.1487 0.98888
vn 0 0.05176 0.99866
vn 0 0.05178 0.99866
vn 0.33433 -0 0.94246
vn 0.24106 -0 0.97051
vn 0.24107 -0 0.97051
vn 0.14867 -0 0.98889
vn 0.14869 -0 0.98888
vn 0.05176 -0 0.99866
vn 0.05177 0 0.99866
vn 0.05177 0 0.99866
vn 0.14868 0 0.98888
vn 0.14869 0 0.98888
vn 0.24108 0 0.97051
vn 0.24107 0 0.97051
vn 0.33435 0 0.94245
vn 0.33433 0 0.94246
vn 0.66954 0 0.74278
vn 0.59413 0 0.80437
vn 0.59412 0 0.80438
vn 0.5158 0 0.85671
vn 0.51579 -0 0.85671
vn 0.42999 -0 0.90283
vn 0.42999 0 0.90283
vn 0.42999 0 0.90283
vn 0.5158 0 0.85671
vn 0.51579 -0 0.85671
vn 0.59413 -0 0.80437
vn 0.59412 -0 0.80437
vn 0.66954 -0 0.74278
vn 0.66955 0 0.74276
vn 0.90285 -1E-05 0.42996
vn 0.85672 -1E-05 0.51578
vn 0.85673 -1E-05 0.51577
vn 0.80437 -1E-05 0.59413
vn 0.80438 -0 0.59411
vn 0.74274 -0 0.66958
vn 0.74276 0 0.66955
vn 0.74274 1E-05 0.66958
vn 0.80437 1E-05 0.59413
vn 0.80436 1E-05 0.59414
vn 0.85672 1E-05 0.51578
vn 0.85671 0 0.5158
vn 0.90285 0 0.42996
vn 0.90283 0 0.42999
vn 0.99866 -0 0.05178
vn 0.98888 -0 0.14869
vn 0.98888 -0 0.14869
vn 0.9705 -0 0.24109
vn 0.97051 -0 0.24108
vn 0.94245 -0 0.33436
vn 0.94246 0 0.33431
vn 0.94246 1E-05 0.33431
vn 0.97052 1E-05 0.24104
vn 0.97051 0 0.24108
vn 0.98889 0 0.14866
vn 0.98888 0 0.14869
vn 0.99866 0 0.05176
vn 0.99866 0 0.05178
vn -0.94246 -1E-05 0.33431
vn -0.97052 -1E-05 0.24104
vn -0.97051 -0 0.24108
vn -0.98889 -0 0.14866
vn -0.98888 -0 0.14869
vn -0.99866 -0 0.05176
vn -0.99866 0 0.05178
vn -0.99866 0 0.05178
vn -0.98888 0 0.14869
vn -0.98888 0 0.14869
vn -0.9705 0 0.24109
vn -0.97051 0 0.24108
vn -0.94245 0 0.33436
vn -0.94246 0 0.33431
vn -0.74274 -1E-05 0.66958
vn -0.80437 -1E-05 0.59413
vn -0.80436 -1E-05 0.59414
vn -0.85672 -1E-05 0.51578
vn -0.85671 -0 0.5158
vn -0.90285 -0 0.42996
vn -0.90283 0 0.42999
vn -0.90285 1E-05 0.42996
vn -0.85672 1E-05 0.51578
vn -0.85673 1E-05 0.51577
vn -0.80437 1E-05 0.59413
vn -0.80438 0 0.59411
vn -0.74274 0 0.66958
vn -0.74276 0 0.66955
vn -0.42999 -0 0.90283
vn -0.5158 -0 0.85671
vn -0.51579 0 0.85671
vn -0.59413 0 0.80437
vn -0.59412 0 0.80437
vn -0.66954 0 0.74278
vn -0.66955 0 0.74276
vn -0.66954 -0 0.74278
vn -0.59413 -0 0.80437
vn -0.59412 -0 0.80438
vn -0.5158 -0 0.85671
vn -0.51579 0 0.85671
vn -0.42999 0 0.90283
vn -0.42999 0 0.90283
vn -0.05177 -0 0.99866
vn -0.14868 -0 0.98888
vn -0.14869 -0 0.98888
vn -0.24108 -0 0.97051
vn -0.24107 -0 0.97051
vn -0.33435 -0 0.94245
vn -0.33433 0 0.94246
vn -0.33433 0 0.94246
vn -0.24106 0 0.97051
vn -0.24107 0 0.97051
vn -0.14867 0 0.98889
vn -0.14869 0 0.98888
vn -0.05176 0 0.99866
vn -0.05177 0 0.99866
vn -0.33433 -0 -0.94246
vn -0.24106 -0 -0.97051
vn -0.24107 -0 -0.97051
vn -0.14867 -0 -0.98889
vn -0.14869 -0 -0.98888
vn -0.05176 -0 -0.99866
vn -0.05177 0 -0.99866
vn -0.05177 0 -0.99866
vn -0.14868 0 -0.98888
vn -0.14869 0 -0.98888
vn -0.24108 0 -0.97051
vn -0.24107 0 -0.97051
vn -0.33435 0 -0.94245
vn -0.33433 0 -0.94246
vn -0.66954 0 -0.74278
vn -0.59413 0 -0.80437
vn -0.59412 0 -0.80438
vn -0.5158 0 -0.85671
vn -0.51579 -0 -0.85671
vn -0.42999 -0 -0.90283
vn -0.42999 0 -0.90283
vn -0.42999 0 -0.90283
vn -0.5158 0 -0.85671
vn -0.51579 -0 -0.85671
vn -0.59413 -0 -0.80437
vn -0.59412 -0 -0.80437
vn -0.66954 -0 -0.74278
vn -0.66955 0 -0.74276
vn -0.90285 -1E-05 -0.42996
vn -0.85672 -1E-05 -0.51578
vn -0.85673 -1E-05 -0.51577
vn -0.80437 -1E-05 -0.59413
vn -0.80438 -0 -0.59411
vn -0.74274 -0 -0.66958
vn -0.74276 0 -0.66955
vn -0.74274 1E-05 -0.66958
vn -0.80437 1E-05 -0.59413
vn -0.80436 1E-05 -0.59414
vn -0.85672 1E-05 -0.51578
vn -0.85671 0 -0.5158
vn -0.90285 0 -0.42996
vn -0.90283 0 -0.42999
vn -0.99866 -0 -0.05178
vn -0.98888 -0 -0.14869
vn -0.98888 -0 -0.14869
vn -0.9705 -0 -0.24109
vn -0.97051 -0 -0.24108
vn -0.94245 -0 -0.33436
vn -0.94246 0 -0.33431
vn -0.94246 1E-05 -0.33431
vn -0.97052 1E-05 -0.24104
vn -0.97051 0 -0.24108
vn -0.98889 0 -0.14866
vn -0.98888 0 -0.14869
vn -0.99866 0 -0.05176
vn -0.99866 0 -0.05178
vn 0.94246 -1E-05 -0.33431
vn 0.97052 -1E-05 -0.24104
vn 0.97051 -0 -0.24108
vn 0.98889 -0 -0.14866
vn 0.98888 -0 -0.14869
vn 0.99866 -0 -0.05176
vn 0.99866 0 -0.05178
vn 0.99866 0 -0.05178
vn 0.98888 0 -0.14869
vn 0.98888 0 -0.14869
vn 0.9705 0 -0.24109
vn 0.97051 0 -0.24108
vn 0.94245 0 -0.33436
vn 0.94246 0 -0.33431
vn 0.74274 -1E-05 -0.66958
vn 0.80437 -1E-05 -0.59413
vn 0.80436 -1E-05 -0.59414
vn 0.85672 -1E-05 -0.51578
vn 0.85671 -0 -0.5158
vn 0.90285 -0 -0.42996
vn 0.90283 0 -0.42999
vn 0.90285 1E-05 -0.42996
vn 0.85672 1E-05 -0.51578
vn 0.85673 1E-05 -0.51577
vn 0.80437 1E-05 -0.59413
vn 0.80438 0 -0.59411
vn 0.74274 0 -0.66958
vn 0.74276 0 -0.66955
vn 0.42999 -0 -0.90283
vn 0.5158 -0 -0.85671
vn 0.51579 0 -0.85671
vn 0.59413 0 -0.80437
vn 0.59412 0 -0.80437
vn 0.66954 0 -0.74278
vn 0.66955 0 -0.74276
vn 0.66954 -0 -0.74278
vn 0.59413 -0 -0.80437
vn 0.59412 -0 -0.80438
vn 0.5158 -0 -0.85671
vn 0.51579 0 -0.85671
vn 0.42999 0 -0.90283
vn 0.42999 0 -0.90283
vn 0.05177 -0 -0.99866
vn 0.14868 -0 -0.98888
vn 0.14869 -0 -0.98888
vn 0.24108 -0 -0.97051
vn 0.24107 -0 -0.97051
vn 0.33435 -0 -0.94245
vn 0.33433 0 -0.94246
vn 0.33433 0 -0.94246
vn 0.24106 0 -0.97051
vn 0.24107 0 -0.97051
vn 0.14867 0 -0.98889
vn 0.14869 0 -0.98888
vn 0.05176 0 -0.99866
vn 0.05177 0 -0.99866
vn -0 -0.94246 -0.33432
vn -0 -0.97051 -0.24105
vn -0 -0.97051 -0.24108
vn -0 -0.98889 -0.14867
vn -0 -0.98888 -0.14868
vn -0 -0.99866 -0.05176
vn 0 -0.99866 -0.05177
vn 0 -0.99866 -0.05177
vn 0 -0.98888 -0.14868
vn 0 -0.98888 -0.14868
vn 0 -0.97051 -0.24108
vn 0 -0.97051 -0.24108
vn 0 -0.94245 -0.33436
vn 0 -0.94246 -0.33432
vn 0 -0.74277 -0.66954
vn 0 -0.80437 -0.59413
vn 0 -0.80438 -0.59412
vn 0 -0.8567 -0.51581
vn -0 -0.85671 -0.5158
vn -0 -0.90284 -0.42998
vn 0 -0.90283 -0.42999
vn 0 -0.90284 -0.42998
vn 0 -0.8567 -0.51581
vn -0 -0.85671 -0.5158
vn -0 -0.80437 -0.59413
vn -0 -0.80438 -0.59412
vn -0 -0.74277 -0.66954
vn 0 -0.74277 -0.66955
vn -1E-05 -0.42996 -0.90285
vn -1E-05 -0.51578 -0.85672
vn -0 -0.51576 -0.85673
vn -0 -0.59413 -0.80437
vn -0 -0.59411 -0.80438
vn -0 -0.66959 -0.74273
vn 0 -0.66956 -0.74276
vn 1E-05 -0.66959 -0.74273
vn 1E-05 -0.59413 -0.80437
vn 0 -0.59415 -0.80436
vn 0 -0.51578 -0.85672
vn 0 -0.5158 -0.85671
vn 0 -0.42996 -0.90285
vn 0 -0.43 -0.90283
vn -0 -0.05178 -0.99866
vn -0 -0.14866 -0.98889
vn -0 -0.1487 -0.98888
vn -0 -0.24108 -0.9705
vn -0 -0.24105 -0.97051
vn -0 -0.33436 -0.94244
vn 0 -0.33433 -0.94246
vn 0 -0.33433 -0.94246
vn 0 -0.24104 -0.97052
vn 0 -0.24105 -0.97051
vn 0 -0.14864 -0.98889
vn 0 -0.1487 -0.98888
vn 0 -0.05178 -0.99866
vn 0 -0.05178 -0.99866
vn 0.94216 0.33422 0.02511
vn 0.9702 0.24099 0.02529
vn 0.96996 0.2419 0.02566
vn 0.96751 0.24205 0.07302
vn 0.98856 0.14863 0.02559
vn 0.98838 0.14974 0.02603
vn 0.986 0.14961 0.07367
vn 0.98584 0.15048 0.07401
vn 0.98119 0.1503 0.12117
vn 0.99835 0.05176 0.02487
vn 0.99814 0.05501 0.02616
vn 0.99578 0.0546 0.07374
vn 0.99564 0.05623 0.07438
vn 0.99098 0.05546 0.12198
vn 0.99097 0.05562 0.12204
vn 0.98388 0.05453 0.1703
vn 0.94081 0.33788 0.02663
vn 0.96606 0.24717 0.07505
vn 0.93861 0.33825 0.06783
vn 0.93382 0.35029 0.07267
vn 0.98001 0.15605 0.12339
vn 0.96182 0.24782 0.11609
vn 0.95774 0.26089 0.12109
vn 0.92983 0.35052 0.11205
vn 0.92415 0.36366 0.11707
vn 0.98316 0.06024 0.1725
vn 0.97372 0.15662 0.16536
vn 0.97045 0.17065 0.17063
vn 0.95167 0.26125 0.16148
vn 0.94726 0.27403 0.16617
vn 0.9185 0.36372 0.15512
vn 0.91168 0.37832 0.16034
vn 0.90321 0.37812 0.20308
vn 0.93829 0.27404 0.21099
vn 0.93869 0.273 0.21057
vn 0.92688 0.27307 0.25753
vn 0.96116 0.17075 0.21684
vn 0.96134 0.17009 0.21656
vn 0.94955 0.17004 0.2635
vn 0.94979 0.16923 0.26318
vn 0.93591 0.16898 0.30907
vn 0.97386 0.06031 0.21898
vn 0.97343 0.06302 0.22014
vn 0.9618 0.06272 0.26646
vn 0.96164 0.06363 0.26685
vn 0.94771 0.06291 0.31286
vn 0.94791 0.06196 0.31247
vn 0.9314 0.06073 0.3589
vn 0.90368 0.37719 0.20271
vn 0.92675 0.2734 0.25765
vn 0.8921 0.3774 0.24845
vn 0.89313 0.37545 0.24772
vn 0.93571 0.16961 0.30931
vn 0.91298 0.2741 0.30221
vn 0.91307 0.2739 0.30213
vn 0.87989 0.37564 0.29101
vn 0.88001 0.37543 0.29094
vn 0.93141 0.0607 0.35888
vn 0.91951 0.17028 0.35428
vn 0.91915 0.17137 0.35469
vn 0.89741 0.27428 0.34559
vn 0.89745 0.27417 0.34555
vn 0.86515 0.37555 0.33239
vn 0.86436 0.37697 0.33283
vn 0.84652 0.37697 0.37589
vn 0.87889 0.27417 0.39037
vn 0.8793 0.27326 0.39008
vn 0.85865 0.27342 0.43354
vn 0.90016 0.17136 0.40043
vn 0.90024 0.17113 0.40035
vn 0.87968 0.17101 0.44376
vn 0.87988 0.17046 0.44357
vn 0.85742 0.17021 0.48566
vn 0.9124 0.0607 0.40478
vn 0.91157 0.06411 0.40611
vn 0.89128 0.06372 0.44895
vn 0.89093 0.06503 0.44945
vn 0.8684 0.06422 0.49169
vn 0.86861 0.06348 0.49142
vn 0.84342 0.06221 0.53363
vn 0.84713 0.37591 0.37558
vn 0.85897 0.27275 0.43334
vn 0.82704 0.37617 0.41773
vn 0.8277 0.37504 0.41743
vn 0.85775 0.16934 0.48538
vn 0.83692 0.27348 0.4741
vn 0.83684 0.27365 0.47414
vn 0.80652 0.37528 0.45684
vn 0.80628 0.37567 0.45693
vn 0.84394 0.06046 0.53301
vn 0.83315 0.17 0.52626
vn 0.83276 0.17099 0.52656
vn 0.81318 0.27405 0.51345
vn 0.81316 0.27409 0.51346
vn 0.7839 0.37583 0.49421
vn 0.7828 0.37766 0.49458
vn 0.75701 0.3777 0.53318
vn 0.78617 0.2741 0.55391
vn 0.78671 0.27303 0.55366
vn 0.75789 0.27322 0.59242
vn 0.80501 0.17097 0.56809
vn 0.80528 0.17032 0.56791
vn 0.77651 0.17019 0.60668
vn 0.77689 0.1693 0.60645
vn 0.7465 0.16908 0.64355
vn 0.81593 0.06045 0.57498
vn 0.8151 0.06312 0.57588
vn 0.78664 0.06272 0.61422
vn 0.78642 0.06339 0.61443
vn 0.75587 0.06259 0.65172
vn 0.75632 0.06128 0.65132
vn 0.72315 0.06002 0.68808
vn 0.75772 0.37654 0.53298
vn 0.75759 0.27378 0.59253
vn 0.72935 0.3768 0.57103
vn 0.7308 0.37449 0.5707
vn 0.74586 0.17054 0.6439
vn 0.72757 0.27452 0.62872
vn 0.72766 0.27434 0.62868
vn 0.70162 0.3747 0.60607
vn 0.70213 0.37391 0.60598
vn 0.72263 0.06147 0.6885
vn 0.71328 0.17122 0.67964
vn 0.71262 0.17269 0.67997
vn 0.69606 0.27473 0.66334
vn 0.69622 0.27443 0.6633
vn 0.67189 0.37403 0.63926
vn 0.67151 0.37464 0.63931
vn 0.63892 0.37464 0.67188
vn 0.66254 0.27443 0.69694
vn 0.66304 0.2735 0.69683
vn 0.62809 0.27365 0.72843
vn 0.67824 0.17268 0.71426
vn 0.67835 0.17244 0.71422
vn 0.64315 0.1723 0.7461
vn 0.64388 0.17076 0.74583
vn 0.60703 0.1705 0.77617
vn 0.68798 0.06147 0.72312
vn 0.68674 0.0648 0.72401
vn 0.65164 0.06439 0.75579
vn 0.65154 0.06467 0.75586
vn 0.61419 0.06383 0.78657
vn 0.6153 0.06106 0.78593
vn 0.57504 0.05973 0.81594
vn 0.63962 0.37354 0.67183
vn 0.62851 0.27289 0.72836
vn 0.60562 0.37384 0.70247
vn 0.60626 0.37284 0.70245
vn 0.6071 0.17035 0.77615
vn 0.59225 0.27366 0.75786
vn 0.59242 0.27336 0.75783
vn 0.5715 0.37309 0.73088
vn 0.57076 0.37425 0.73087
vn 0.57474 0.06045 0.8161
vn 0.56727 0.17106 0.80557
vn 0.56731 0.17098 0.80556
vn 0.5543 0.27378 0.786
vn 0.55413 0.27409 0.78601
vn 0.53482 0.37439 0.75749
vn 0.53271 0.3777 0.75734
vn 0.49414 0.37765 0.78307
vn 0.51372 0.27409 0.813
vn 0.5135 0.27448 0.813
vn 0.47309 0.27461 0.83712
vn 0.52608 0.17099 0.83307
vn 0.52593 0.17129 0.8331
vn 0.48516 0.17117 0.85751
vn 0.48535 0.17078 0.85748
vn 0.44351 0.17052 0.8799
vn 0.5337 0.06046 0.84351
vn 0.53241 0.06356 0.8441
vn 0.49171 0.06318 0.86846
vn 0.49142 0.06385 0.86858
vn 0.44897 0.06304 0.89132
vn 0.44974 0.06128 0.89105
vn 0.40481 0.06 0.91243
vn 0.4948 0.37662 0.78315
vn 0.47326 0.2743 0.83713
vn 0.45547 0.37687 0.80654
vn 0.45725 0.37407 0.80684
vn 0.44338 0.17078 0.87991
vn 0.43227 0.27503 0.85878
vn 0.43295 0.27381 0.85883
vn 0.41753 0.37431 0.82799
vn 0.41758 0.37424 0.82799
vn 0.4045 0.0607 0.91252
vn 0.39925 0.17146 0.90067
vn 0.39929 0.17137 0.90067
vn 0.39034 0.27422 0.87889
vn 0.39037 0.27417 0.87889
vn 0.37701 0.37439 0.84717
vn 0.37541 0.37698 0.84673
vn 0.33232 0.37697 0.86456
vn 0.34536 0.27417 0.89753
vn 0.34539 0.27412 0.89753
vn 0.30097 0.27427 0.91334
vn 0.35346 0.17137 0.91962
vn 0.35341 0.17146 0.91962
vn 0.30861 0.17133 0.93563
vn 0.309 0.17056 0.93564
vn 0.26349 0.17031 0.94951
vn 0.3589 0.0607 0.9314
vn 0.35753 0.06377 0.93172
vn 0.31281 0.06338 0.9477
vn 0.3126 0.06384 0.94774
vn 0.26643 0.06303 0.96179
vn 0.26742 0.06088 0.96166
vn 0.21905 0.0596 0.97389
vn 0.333 0.37586 0.86478
vn 0.30123 0.27378 0.9134
vn 0.28979 0.37613 0.88009
vn 0.29113 0.3739 0.88059
vn 0.26344 0.17039 0.94951
vn 0.25669 0.27447 0.9267
vn 0.2572 0.27352 0.92684
vn 0.24809 0.37418 0.89355
vn 0.2478 0.37468 0.89343
vn 0.21872 0.06031 0.97392
vn 0.2159 0.171 0.96133
vn 0.21602 0.17076 0.96134
vn 0.21149 0.27388 0.93822
vn 0.21141 0.27404 0.93819
vn 0.20445 0.37494 0.90423
vn 0.20263 0.37812 0.90331
vn 0.16034 0.37832 0.91168
vn 0.16617 0.27403 0.94726
vn 0.15512 0.36372 0.9185
vn 0.11707 0.36366 0.92415
vn 0.17063 0.17065 0.97045
vn 0.16148 0.26125 0.95167
vn 0.12108 0.26089 0.95775
vn 0.11205 0.35051 0.92983
vn 0.07267 0.35029 0.93382
vn 0.1725 0.06024 0.98316
vn 0.16536 0.15662 0.97372
vn 0.12339 0.15605 0.98001
vn 0.11609 0.24783 0.96182
vn 0.07505 0.24718 0.96606
vn 0.06783 0.33825 0.93861
vn 0.02663 0.33788 0.94081
vn 0.14797 0.4653 0.8727
vn 0.10627 0.45485 0.8842
vn 0.1102 0.46678 0.87748
vn 0.1008 0.53715 0.83744
vn 0.0638 0.44323 0.89413
vn 0.06828 0.45591 0.8874
vn 0.06065 0.52655 0.84798
vn 0.06485 0.53784 0.84055
vn 0.05711 0.60444 0.7946
vn 0.01992 0.42987 0.90267
vn 0.02513 0.44381 0.89577
vn 0.01918 0.51568 0.85657
vn 0.02367 0.52694 0.84957
vn 0.01772 0.59405 0.80423
vn 0.02226 0.60466 0.79617
vn 0.01639 0.66949 0.74264
vn 0.15437 0.48658 0.85989
vn 0.10771 0.55738 0.82324
vn 0.13703 0.55781 0.81858
vn 0.14422 0.58097 0.80105
vn 0.06431 0.62268 0.77983
vn 0.09216 0.62337 0.77648
vn 0.09953 0.64378 0.75871
vn 0.12585 0.64415 0.75447
vn 0.13235 0.66434 0.73562
vn 0.0236 0.685 0.72816
vn 0.05035 0.68576 0.72608
vn 0.05814 0.70392 0.70789
vn 0.08265 0.70439 0.70498
vn 0.0899 0.72315 0.68482
vn 0.11232 0.72336 0.68128
vn 0.11898 0.74314 0.65848
vn 0.09888 0.79421 0.59955
vn 0.07219 0.77781 0.62434
vn 0.07807 0.79498 0.60159
vn 0.06338 0.83382 0.54839
vn 0.04336 0.76086 0.64747
vn 0.05026 0.7784 0.62575
vn 0.03794 0.81914 0.57234
vn 0.04472 0.8342 0.54964
vn 0.03232 0.86985 0.49226
vn 0.01214 0.74272 0.66949
vn 0.0202 0.76119 0.64822
vn 0.0102 0.80433 0.59409
vn 0.01776 0.81936 0.573
vn 0.00786 0.85668 0.51579
vn 0.01571 0.86998 0.49283
vn 0.00574 0.90282 0.42998
vn 0.10542 0.81723 0.56659
vn 0.07152 0.85465 0.51425
vn 0.08263 0.85477 0.51239
vn 0.08954 0.87561 0.47464
vn 0.04198 0.88806 0.4578
vn 0.05098 0.88823 0.45655
vn 0.05929 0.9058 0.41953
vn 0.06613 0.90587 0.41837
vn 0.07278 0.92257 0.3789
vn 0.01682 0.91813 0.39593
vn 0.02351 0.91829 0.39522
vn 0.03344 0.93307 0.35814
vn 0.03756 0.93313 0.35757
vn 0.04612 0.94733 0.31693
vn 0.04747 0.94734 0.3167
vn 0.0544 0.9609 0.27151
vn 0.03036 0.97713 0.21047
vn 0.02451 0.96703 0.25348
vn 0.03101 0.97712 0.21042
vn 0.01434 0.98688 0.16083
vn 0.01509 0.95552 0.29455
vn 0.02341 0.96704 0.25354
vn 0.00878 0.97929 0.20226
vn 0.01721 0.98686 0.16067
vn 0.00248 0.99414 0.1081
vn 0.00226 0.94245 0.33433
vn 0.0124 0.95553 0.29462
vn -0.00017 0.97051 0.24107
vn 0.00979 0.97929 0.20223
vn -0.00258 0.98888 0.14869
vn 0.00787 0.99413 0.10794
vn -0.00473 0.99865 0.05177
vn 0.03285 0.98208 0.1856
vn 0.0179 0.9904 0.13706
vn 0.02446 0.98998 0.13907
vn 0.02475 0.9904 0.13601
vn 0.00709 0.99634 0.08523
vn 0.01136 0.99618 0.08664
vn 0.01153 0.99627 0.08549
vn 0.01553 0.99611 0.0867
vn 0.01576 0.99633 0.08415
vn 0.00086 0.99955 0.02996
vn 0.00277 0.99953 0.03065
vn 0.00265 0.99951 0.03125
vn 0.00424 0.99949 0.03178
vn 0.00436 0.99951 0.03096
vn 0.00556 0.99949 0.03132
vn 0.00576 0.99956 0.02903
vn 0.04213 0.98122 0.18824
vn 0.03162 0.98994 0.13787
vn 0.04244 0.98189 0.18464
vn 0.05188 0.98099 0.18701
vn 0.02002 0.99616 0.08526
vn 0.03185 0.99032 0.1351
vn 0.03905 0.98983 0.13681
vn 0.05205 0.98182 0.18256
vn 0.06108 0.98093 0.18453
vn 0.00729 0.99954 0.02942
vn 0.02021 0.99636 0.08284
vn 0.02497 0.99616 0.08392
vn 0.03917 0.99035 0.13297
vn 0.04591 0.98987 0.13434
vn 0.06102 0.98192 0.17917
vn 0.06962 0.98106 0.18074
vn 0.06922 0.98233 0.17389
vn 0.04583 0.99055 0.1293
vn 0.05262 0.9898 0.13237
vn 0.05225 0.99052 0.12701
vn 0.02506 0.99642 0.0808
vn 0.02951 0.99612 0.08295
vn 0.02944 0.99634 0.08031
vn 0.03358 0.99606 0.08211
vn 0.03327 0.99638 0.0782
vn 0.00736 0.99957 0.02847
vn 0.0094 0.99952 0.02951
vn 0.0094 0.99952 0.02947
vn 0.01107 0.99948 0.03024
vn 0.01102 0.99952 0.02891
vn 0.01221 0.99949 0.0294
vn 0.01198 0.99957 0.02681
vn 0.07877 0.98088 0.17794
vn 0.05931 0.98976 0.12986
vn 0.07838 0.98209 0.17134
vn 0.08818 0.9806 0.17505
vn 0.03765 0.99609 0.07988
vn 0.05895 0.99045 0.12461
vn 0.0664 0.98964 0.12728
vn 0.08739 0.98198 0.16757
vn 0.09678 0.98055 0.17072
vn 0.01355 0.99953 0.02739
vn 0.03733 0.99643 0.07575
vn 0.04223 0.9961 0.07741
vn 0.06566 0.99048 0.121
vn 0.07261 0.98972 0.12319
vn 0.09548 0.9821 0.16234
vn 0.10442 0.98076 0.16495
vn 0.10253 0.98247 0.1557
vn 0.07146 0.99064 0.11633
vn 0.07874 0.9897 0.11959
vn 0.07723 0.99061 0.11278
vn 0.04169 0.99645 0.07316
vn 0.04652 0.99606 0.07545
vn 0.04584 0.99637 0.07174
vn 0.05019 0.99603 0.07357
vn 0.04908 0.99642 0.06885
vn 0.01343 0.99957 0.02596
vn 0.01576 0.99951 0.02713
vn 0.01568 0.99952 0.02655
vn 0.01748 0.99947 0.02736
vn 0.01714 0.99952 0.02568
vn 0.0183 0.99949 0.02613
vn 0.01762 0.99957 0.02344
vn 0.11261 0.98068 0.15993
vn 0.08469 0.98967 0.11569
vn 0.11105 0.9822 0.15147
vn 0.12115 0.98043 0.1552
vn 0.05373 0.99606 0.07054
vn 0.08336 0.99054 0.10904
vn 0.09102 0.98957 0.11166
vn 0.11902 0.9821 0.14602
vn 0.12863 0.98042 0.1491
vn 0.01929 0.99953 0.024
vn 0.05266 0.99646 0.06558
vn 0.05772 0.99607 0.06717
vn 0.08917 0.99055 0.10419
vn 0.0962 0.98967 0.10626
vn 0.12586 0.98223 0.13925
vn 0.13493 0.98067 0.14174
vn 0.13156 0.98254 0.13156
vn 0.09397 0.99066 0.09877
vn 0.1014 0.98967 0.1014
vn 0.09877 0.99066 0.09397
vn 0.05649 0.99644 0.06253
vn 0.06149 0.99603 0.06441
vn 0.06011 0.99638 0.06011
vn 0.06442 0.99603 0.06149
vn 0.06253 0.99644 0.05649
vn 0.01891 0.99957 0.02237
vn 0.0215 0.99949 0.0234
vn 0.02122 0.99952 0.02243
vn 0.02306 0.99947 0.02306
vn 0.02243 0.99952 0.02122
vn 0.0234 0.99949 0.0215
vn 0.02237 0.99957 0.01891
vn 0.14174 0.98067 0.13493
vn 0.10626 0.98967 0.0962
vn 0.13925 0.98223 0.12586
vn 0.1491 0.98042 0.12863
vn 0.06717 0.99607 0.05772
vn 0.10419 0.99055 0.08917
vn 0.11166 0.98957 0.09102
vn 0.14602 0.9821 0.11902
vn 0.1552 0.98043 0.12115
vn 0.024 0.99953 0.01929
vn 0.06558 0.99646 0.05266
vn 0.07054 0.99606 0.05373
vn 0.10904 0.99054 0.08336
vn 0.11569 0.98967 0.08469
vn 0.15147 0.98221 0.11105
vn 0.15993 0.98068 0.11261
vn 0.15569 0.98247 0.10253
vn 0.11278 0.99061 0.07724
vn 0.1196 0.9897 0.07874
vn 0.11634 0.99064 0.07146
vn 0.06886 0.99642 0.04908
vn 0.07357 0.99603 0.0502
vn 0.07174 0.99637 0.04584
vn 0.07546 0.99606 0.04652
vn 0.07317 0.99645 0.04169
vn 0.02344 0.99957 0.01762
vn 0.02614 0.99949 0.0183
vn 0.02568 0.99952 0.01715
vn 0.02737 0.99947 0.01748
vn 0.02656 0.99952 0.01568
vn 0.02714 0.99951 0.01576
vn 0.02597 0.99957 0.01343
vn 0.16495 0.98076 0.10442
vn 0.12319 0.98972 0.07261
vn 0.16234 0.9821 0.09548
vn 0.17072 0.98055 0.09678
vn 0.07741 0.9961 0.04223
vn 0.121 0.99048 0.06566
vn 0.12728 0.98964 0.0664
vn 0.16757 0.98198 0.08739
vn 0.17505 0.9806 0.08818
vn 0.02739 0.99953 0.01355
vn 0.07575 0.99643 0.03733
vn 0.07988 0.99609 0.03765
vn 0.12461 0.99045 0.05895
vn 0.12986 0.98976 0.05931
vn 0.17134 0.98209 0.07838
vn 0.17794 0.98088 0.07877
vn 0.17389 0.98233 0.06922
vn 0.12701 0.99052 0.05225
vn 0.13237 0.9898 0.05262
vn 0.1293 0.99055 0.04583
vn 0.0782 0.99638 0.03326
vn 0.0821 0.99606 0.03357
vn 0.0803 0.99634 0.02944
vn 0.08294 0.99612 0.02951
vn 0.0808 0.99642 0.02506
vn 0.02681 0.99957 0.01198
vn 0.0294 0.99949 0.01221
vn 0.02891 0.99952 0.01102
vn 0.03025 0.99948 0.01107
vn 0.02947 0.99952 0.00941
vn 0.02951 0.99952 0.00941
vn 0.02847 0.99957 0.00736
vn 0.18074 0.98106 0.06962
vn 0.13434 0.98987 0.04591
vn 0.17917 0.98192 0.06103
vn 0.18453 0.98093 0.06108
vn 0.08392 0.99616 0.02497
vn 0.13297 0.99035 0.03917
vn 0.13681 0.98983 0.03905
vn 0.18257 0.98181 0.05205
vn 0.18702 0.98099 0.05188
vn 0.02942 0.99954 0.00729
vn 0.08284 0.99636 0.02021
vn 0.08526 0.99616 0.02002
vn 0.13509 0.99032 0.03185
vn 0.13787 0.98994 0.03162
vn 0.18465 0.98189 0.04244
vn 0.18824 0.98122 0.04213
vn 0.1856 0.98208 0.03285
vn 0.13601 0.9904 0.02474
vn 0.13907 0.98998 0.02446
vn 0.13706 0.9904 0.0179
vn 0.08415 0.99633 0.01576
vn 0.0867 0.99611 0.01553
vn 0.08549 0.99627 0.01153
vn 0.08663 0.99618 0.01136
vn 0.08522 0.99634 0.00709
vn 0.02903 0.99956 0.00576
vn 0.03132 0.99949 0.00556
vn 0.03096 0.99951 0.00436
vn 0.03178 0.99949 0.00424
vn 0.03125 0.99951 0.00265
vn 0.03064 0.99953 0.00277
vn 0.02996 0.99955 0.00086
vn 0.21047 0.97713 0.03036
vn 0.16083 0.98688 0.01433
vn 0.21042 0.97712 0.03101
vn 0.25348 0.96703 0.02451
vn 0.10811 0.99414 0.00248
vn 0.16068 0.98686 0.01721
vn 0.20226 0.97929 0.00878
vn 0.25354 0.96704 0.02341
vn 0.29454 0.95552 0.01509
vn 0.05178 0.99865 -0.00473
vn 0.10795 0.99413 0.00787
vn 0.1487 0.98888 -0.00258
vn 0.20224 0.97929 0.00978
vn 0.24108 0.97051 -0.00017
vn 0.29461 0.95554 0.01239
vn 0.3343 0.94246 0.00226
vn 0.27151 0.9609 0.0544
vn 0.31693 0.94733 0.04612
vn 0.3167 0.94734 0.04747
vn 0.3789 0.92257 0.07278
vn 0.35814 0.93307 0.03344
vn 0.35757 0.93313 0.03756
vn 0.41953 0.9058 0.05929
vn 0.41837 0.90587 0.06613
vn 0.47464 0.87561 0.08954
vn 0.39593 0.91813 0.01682
vn 0.39522 0.91829 0.02351
vn 0.4578 0.88806 0.04198
vn 0.45655 0.88823 0.05098
vn 0.51425 0.85465 0.07152
vn 0.51239 0.85477 0.08263
vn 0.56659 0.81723 0.10542
vn 0.59955 0.79421 0.09888
vn 0.5484 0.83381 0.06338
vn 0.60159 0.79498 0.07806
vn 0.62433 0.77782 0.07218
vn 0.49226 0.86985 0.03232
vn 0.54965 0.8342 0.04472
vn 0.57235 0.81913 0.03794
vn 0.62574 0.77841 0.05026
vn 0.64745 0.76087 0.04336
vn 0.42998 0.90282 0.00574
vn 0.49284 0.86998 0.01571
vn 0.51581 0.85666 0.00786
vn 0.57301 0.81935 0.01775
vn 0.59411 0.80432 0.01019
vn 0.6482 0.76121 0.02018
vn 0.66945 0.74276 0.01213
vn 0.65848 0.74314 0.11898
vn 0.68482 0.72315 0.0899
vn 0.68128 0.72336 0.11232
vn 0.73562 0.66434 0.13235
vn 0.7079 0.70392 0.05814
vn 0.70499 0.70439 0.08264
vn 0.75871 0.64378 0.09953
vn 0.75447 0.64415 0.12585
vn 0.80105 0.58097 0.14422
vn 0.72816 0.685 0.0236
vn 0.72608 0.68576 0.05035
vn 0.77982 0.62269 0.06432
vn 0.77647 0.62338 0.09216
vn 0.82324 0.55738 0.10771
vn 0.81858 0.55781 0.13703
vn 0.85989 0.48658 0.15437
vn 0.8727 0.4653 0.14797
vn 0.83744 0.53716 0.10081
vn 0.87748 0.46678 0.11021
vn 0.88421 0.45484 0.10627
vn 0.79458 0.60446 0.05712
vn 0.84054 0.53785 0.06487
vn 0.848 0.52652 0.06065
vn 0.88741 0.4559 0.06827
vn 0.89413 0.44324 0.06379
vn 0.7426 0.66953 0.0164
vn 0.79615 0.60469 0.02228
vn 0.80425 0.59403 0.01772
vn 0.84959 0.52691 0.02367
vn 0.85658 0.51566 0.01918
vn 0.89577 0.44382 0.02513
vn 0.90267 0.42988 0.01992
vn 0.02485 0.05176 0.99835
vn 0.02558 0.14865 0.98856
vn 0.02615 0.05502 0.99814
vn 0.07371 0.05461 0.99578
vn 0.02528 0.24099 0.9702
vn 0.02602 0.14975 0.98838
vn 0.07365 0.14962 0.986
vn 0.07437 0.05629 0.99564
vn 0.12197 0.05552 0.99098
vn 0.0251 0.33421 0.94216
vn 0.02566 0.24192 0.96996
vn 0.07303 0.24207 0.96751
vn 0.07402 0.15055 0.98583
vn 0.1212 0.15037 0.98117
vn 0.12207 0.05577 0.99095
vn 0.17036 0.05469 0.98386
vn 0.85254 0.48643 0.19124
vn 0.84135 0.48751 0.23336
vn 0.85138 0.48817 0.19193
vn 0.79405 0.58099 0.1787
vn 0.82944 0.48666 0.27422
vn 0.84109 0.48789 0.2335
vn 0.78512 0.57964 0.2182
vn 0.7949 0.57995 0.17827
vn 0.72929 0.66437 0.16356
vn 0.81676 0.48372 0.31451
vn 0.8302 0.48556 0.27385
vn 0.77485 0.57782 0.25638
vn 0.78603 0.57855 0.2178
vn 0.72108 0.66306 0.20096
vn 0.73042 0.66324 0.16307
vn 0.65294 0.74303 0.14688
vn 0.27016 0.96087 0.06108
vn 0.37672 0.92255 0.08357
vn 0.37778 0.92215 0.08324
vn 0.37244 0.92205 0.10541
vn 0.47143 0.87557 0.10552
vn 0.47338 0.87459 0.1049
vn 0.46737 0.87439 0.13039
vn 0.4677 0.87423 0.1303
vn 0.46121 0.87382 0.15406
vn 0.56252 0.81712 0.12606
vn 0.56226 0.81728 0.12615
vn 0.55579 0.81689 0.15425
vn 0.55518 0.81727 0.15442
vn 0.54806 0.81655 0.18133
vn 0.54715 0.81711 0.18154
vn 0.53936 0.81609 0.20758
vn 0.27137 0.96056 0.06073
vn 0.3715 0.9224 0.10564
vn 0.26667 0.96075 0.07642
vn 0.27139 0.95952 0.07528
vn 0.45895 0.87492 0.15453
vn 0.36546 0.92266 0.12304
vn 0.36772 0.92182 0.12259
vn 0.26694 0.95964 0.08848
vn 0.26718 0.95958 0.08844
vn 0.53624 0.818 0.20814
vn 0.45144 0.87516 0.17407
vn 0.45077 0.87548 0.17418
vn 0.36182 0.92196 0.13812
vn 0.36108 0.92223 0.13823
vn 0.26318 0.95964 0.09912
vn 0.25886 0.96076 0.09971
vn 0.25357 0.96075 0.11251
vn 0.35406 0.92225 0.15523
vn 0.3549 0.92194 0.15515
vn 0.34536 0.92184 0.1759
vn 0.4421 0.87549 0.1951
vn 0.44447 0.87435 0.19484
vn 0.43353 0.87415 0.21889
vn 0.43395 0.87395 0.21887
vn 0.42286 0.87353 0.24112
vn 0.52596 0.81801 0.23285
vn 0.5266 0.81763 0.23277
vn 0.51455 0.81729 0.25937
vn 0.51456 0.81728 0.25937
vn 0.50212 0.81659 0.28471
vn 0.50157 0.81692 0.28472
vn 0.48865 0.81589 0.30909
vn 0.25405 0.96063 0.11246
vn 0.34343 0.92254 0.17598
vn 0.24644 0.96082 0.12688
vn 0.25146 0.95954 0.12667
vn 0.41979 0.875 0.24115
vn 0.3341 0.9228 0.1919
vn 0.33661 0.92188 0.1919
vn 0.2445 0.95966 0.13882
vn 0.24487 0.95957 0.13882
vn 0.48523 0.81795 0.30903
vn 0.40853 0.87525 0.25893
vn 0.40794 0.87553 0.25891
vn 0.32769 0.92202 0.20614
vn 0.32703 0.92227 0.20611
vn 0.23877 0.95962 0.1487
vn 0.23448 0.96072 0.14844
vn 0.22678 0.96071 0.16003
vn 0.31682 0.92228 0.22143
vn 0.31745 0.92204 0.22149
vn 0.30417 0.92193 0.23986
vn 0.3954 0.87554 0.27765
vn 0.39756 0.8745 0.27784
vn 0.38229 0.8743 0.2991
vn 0.3823 0.87429 0.2991
vn 0.36714 0.87386 0.31872
vn 0.47043 0.81799 0.33104
vn 0.47087 0.81772 0.33108
vn 0.45406 0.81741 0.35451
vn 0.45367 0.81764 0.35447
vn 0.43662 0.81695 0.37676
vn 0.43543 0.81768 0.37657
vn 0.41801 0.81663 0.39797
vn 0.22737 0.96056 0.16009
vn 0.30234 0.9226 0.23959
vn 0.21707 0.96075 0.17274
vn 0.22234 0.9594 0.17356
vn 0.36416 0.87531 0.31816
vn 0.29002 0.92285 0.25345
vn 0.29303 0.92173 0.25405
vn 0.2131 0.95952 0.18413
vn 0.21355 0.95941 0.18422
vn 0.41468 0.81868 0.39725
vn 0.34953 0.87554 0.33356
vn 0.34966 0.87547 0.33359
vn 0.28139 0.92188 0.2664
vn 0.28101 0.92202 0.2663
vn 0.20557 0.95947 0.19275
vn 0.20128 0.96061 0.19162
vn 0.19169 0.96061 0.20121
vn 0.26827 0.92204 0.27906
vn 0.26847 0.92196 0.27912
vn 0.25204 0.92187 0.29433
vn 0.33394 0.87548 0.34931
vn 0.33629 0.8743 0.35
vn 0.31724 0.87411 0.36781
vn 0.31726 0.8741 0.36782
vn 0.29844 0.87368 0.3842
vn 0.39598 0.81866 0.41593
vn 0.39741 0.81777 0.41632
vn 0.37633 0.81742 0.43612
vn 0.37665 0.81722 0.43622
vn 0.35529 0.81651 0.45506
vn 0.35455 0.81699 0.45478
vn 0.33273 0.81592 0.47283
vn 0.19149 0.96066 0.20115
vn 0.24957 0.92283 0.29343
vn 0.17908 0.96085 0.2114
vn 0.1839 0.95955 0.21317
vn 0.29511 0.8754 0.38287
vn 0.23477 0.92308 0.30466
vn 0.23749 0.922 0.30579
vn 0.17278 0.95968 0.22171
vn 0.17321 0.95956 0.22189
vn 0.32955 0.818 0.47145
vn 0.27749 0.8756 0.39537
vn 0.27761 0.87554 0.39543
vn 0.22346 0.92215 0.31576
vn 0.22319 0.92226 0.31564
vn 0.16356 0.95964 0.22879
vn 0.15979 0.96071 0.22694
vn 0.14823 0.96072 0.23462
vn 0.20796 0.92228 0.3258
vn 0.20829 0.92215 0.32598
vn 0.18927 0.92206 0.33761
vn 0.25897 0.87553 0.4079
vn 0.26104 0.87441 0.40898
vn 0.23917 0.87422 0.42254
vn 0.23896 0.87433 0.42242
vn 0.21741 0.87392 0.43473
vn 0.30755 0.81793 0.48621
vn 0.3086 0.81722 0.48674
vn 0.28453 0.81684 0.50181
vn 0.28444 0.8169 0.50176
vn 0.26007 0.81619 0.51595
vn 0.25888 0.81703 0.51521
vn 0.23402 0.81597 0.52861
vn 0.14868 0.96059 0.23486
vn 0.18773 0.92272 0.33668
vn 0.13457 0.96078 0.24246
vn 0.13898 0.95947 0.24516
vn 0.21492 0.87534 0.43311
vn 0.17107 0.92297 0.34477
vn 0.17352 0.9219 0.34641
vn 0.12645 0.9596 0.25136
vn 0.12672 0.95952 0.25154
vn 0.23122 0.81803 0.52666
vn 0.19513 0.87556 0.44195
vn 0.19525 0.87549 0.44204
vn 0.1578 0.92204 0.35347
vn 0.15738 0.92223 0.35316
vn 0.11591 0.95959 0.25643
vn 0.11229 0.96075 0.25366
vn 0.09961 0.96076 0.2589
vn 0.1406 0.92225 0.36011
vn 0.14088 0.92212 0.36035
vn 0.12004 0.92203 0.36803
vn 0.17456 0.87548 0.45062
vn 0.1766 0.87423 0.45225
vn 0.15248 0.87404 0.4613
vn 0.15249 0.87404 0.46131
vn 0.12884 0.87363 0.46922
vn 0.20662 0.81798 0.53686
vn 0.20801 0.81691 0.53795
vn 0.18133 0.81655 0.54805
vn 0.18167 0.81628 0.54834
vn 0.15474 0.81559 0.55756
vn 0.1541 0.81611 0.55697
vn 0.1267 0.81506 0.56535
vn 0.09978 0.9607 0.25904
vn 0.11848 0.9228 0.36661
vn 0.08469 0.96088 0.26368
vn 0.08841 0.95961 0.2671
vn 0.12657 0.87515 0.467
vn 0.10072 0.92305 0.37125
vn 0.10256 0.92211 0.37309
vn 0.07496 0.95973 0.27074
vn 0.07516 0.95966 0.27094
vn 0.12431 0.81714 0.56287
vn 0.10539 0.8754 0.47177
vn 0.10514 0.87557 0.47151
vn 0.08571 0.92225 0.37698
vn 0.08518 0.92254 0.37639
vn 0.06349 0.95972 0.27368
vn 0.06049 0.96088 0.27028
vn 0.79951 0.4849 0.35447
vn 0.78007 0.48653 0.39341
vn 0.79787 0.48717 0.35506
vn 0.7441 0.58042 0.3308
vn 0.76023 0.48624 0.43083
vn 0.77938 0.48747 0.39362
vn 0.72752 0.57923 0.3677
vn 0.74479 0.57964 0.33061
vn 0.68285 0.66472 0.30308
vn 0.73975 0.48408 0.46738
vn 0.76049 0.4859 0.43077
vn 0.70973 0.57788 0.40292
vn 0.72807 0.57862 0.36758
vn 0.66737 0.6635 0.33821
vn 0.68398 0.66367 0.30284
vn 0.6102 0.74434 0.27131
vn 0.81592 0.48491 0.31486
vn 0.75973 0.58045 0.29307
vn 0.76077 0.57926 0.29273
vn 0.77417 0.57862 0.25665
vn 0.69736 0.66472 0.26803
vn 0.69783 0.66428 0.2679
vn 0.70994 0.66384 0.23517
vn 0.70973 0.66404 0.23524
vn 0.72092 0.66323 0.20103
vn 0.62326 0.74432 0.23987
vn 0.62567 0.74246 0.23936
vn 0.63627 0.74219 0.21052
vn 0.63655 0.74197 0.21044
vn 0.64653 0.74149 0.17943
vn 0.64465 0.74297 0.18003
vn 0.65387 0.74228 0.14653
vn 0.61214 0.74287 0.271
vn 0.66783 0.66307 0.33814
vn 0.59638 0.74358 0.30235
vn 0.59917 0.74147 0.30203
vn 0.70924 0.57842 0.403
vn 0.65017 0.66389 0.36949
vn 0.65065 0.66345 0.36944
vn 0.58318 0.74197 0.33074
vn 0.5833 0.74188 0.33073
vn 0.73859 0.48562 0.46762
vn 0.68923 0.57906 0.4355
vn 0.68796 0.58044 0.43565
vn 0.63243 0.66388 0.39913
vn 0.6318 0.66445 0.39917
vn 0.56714 0.74217 0.35712
vn 0.56464 0.74406 0.35715
vn 0.71501 0.48562 0.50294
vn 0.68866 0.48633 0.53779
vn 0.71397 0.48697 0.50309
vn 0.66586 0.5804 0.4688
vn 0.66205 0.48498 0.57139
vn 0.68874 0.48624 0.53779
vn 0.64241 0.57914 0.5019
vn 0.66664 0.57954 0.46874
vn 0.61136 0.66445 0.42982
vn 0.63475 0.48156 0.60431
vn 0.66323 0.48344 0.57132
vn 0.61799 0.57757 0.53338
vn 0.64318 0.5783 0.50188
vn 0.58895 0.66379 0.46099
vn 0.61194 0.66392 0.42981
vn 0.54607 0.74412 0.38483
vn 0.5469 0.74349 0.38486
vn 0.58881 0.66392 0.46099
vn 0.52577 0.74419 0.412
vn 0.5279 0.74258 0.41217
vn 0.61743 0.57819 0.53336
vn 0.56536 0.66475 0.48834
vn 0.56558 0.66454 0.48836
vn 0.50676 0.74308 0.43707
vn 0.50647 0.7433 0.43703
vn 0.63409 0.48242 0.60432
vn 0.59086 0.57885 0.56198
vn 0.58963 0.58019 0.56189
vn 0.54151 0.66499 0.51435
vn 0.54084 0.66561 0.51426
vn 0.48529 0.74356 0.46
vn 0.48265 0.74558 0.45951
vn 0.60399 0.48242 0.6344
vn 0.57177 0.48393 0.66249
vn 0.60237 0.48453 0.63433
vn 0.56107 0.58018 0.59042
vn 0.53848 0.48433 0.68954
vn 0.57054 0.48554 0.66237
vn 0.53184 0.57915 0.61784
vn 0.56166 0.57953 0.59049
vn 0.51431 0.66561 0.54078
vn 0.50357 0.48362 0.71591
vn 0.5376 0.48548 0.68942
vn 0.5009 0.57862 0.64365
vn 0.53164 0.57937 0.61781
vn 0.48636 0.66478 0.56703
vn 0.51502 0.66495 0.54091
vn 0.45869 0.74557 0.48346
vn 0.46073 0.74399 0.48394
vn 0.48675 0.66441 0.56712
vn 0.43445 0.74467 0.50667
vn 0.4381 0.74182 0.50771
vn 0.50017 0.57945 0.64349
vn 0.45818 0.66524 0.58952
vn 0.45969 0.66381 0.58995
vn 0.41213 0.7423 0.52833
vn 0.41264 0.7419 0.5285
vn 0.50206 0.48563 0.71562
vn 0.4684 0.5801 0.6664
vn 0.46813 0.58041 0.66632
vn 0.43065 0.66427 0.61097
vn 0.43048 0.66444 0.61091
vn 0.38689 0.74214 0.5473
vn 0.38446 0.74412 0.54633
vn 0.46692 0.48561 0.73903
vn 0.431 0.48561 0.76054
vn 0.46648 0.4862 0.73892
vn 0.43495 0.58043 0.68841
vn 0.39384 0.48482 0.78092
vn 0.43071 0.48601 0.76045
vn 0.40164 0.57891 0.70961
vn 0.43597 0.57926 0.68875
vn 0.39969 0.66445 0.63147
vn 0.35487 0.48311 0.80042
vn 0.39373 0.48497 0.78088
vn 0.36669 0.57805 0.72897
vn 0.40175 0.57879 0.70965
vn 0.36744 0.66382 0.6514
vn 0.40012 0.66403 0.63164
vn 0.35656 0.74405 0.56503
vn 0.35774 0.74308 0.56556
vn 0.36725 0.66401 0.65132
vn 0.32808 0.74375 0.5824
vn 0.3311 0.7412 0.58395
vn 0.36575 0.57916 0.72856
vn 0.33517 0.66484 0.66757
vn 0.33628 0.66371 0.66814
vn 0.30189 0.74169 0.59896
vn 0.30193 0.74166 0.59898
vn 0.35359 0.48491 0.7999
vn 0.33012 0.57982 0.74487
vn 0.32962 0.58043 0.74461
vn 0.3037 0.66417 0.68312
vn 0.30317 0.66472 0.68281
vn 0.27303 0.74192 0.61238
vn 0.27033 0.74435 0.61062
vn 0.31427 0.48491 0.81615
vn 0.27436 0.48585 0.82987
vn 0.3132 0.48644 0.81565
vn 0.29217 0.58044 0.76008
vn 0.23361 0.48583 0.84226
vn 0.27356 0.48702 0.82944
vn 0.255 0.57952 0.77403
vn 0.2926 0.57991 0.76033
vn 0.2683 0.66472 0.69725
vn 0.19143 0.48481 0.85341
vn 0.23306 0.48666 0.84193
vn 0.21669 0.57918 0.78587
vn 0.25467 0.57994 0.77383
vn 0.2325 0.66439 0.7103
vn 0.2684 0.66461 0.69732
vn 0.23885 0.7443 0.62367
vn 0.24048 0.74279 0.62485
vn 0.23287 0.66399 0.71056
vn 0.20795 0.74349 0.6356
vn 0.21112 0.74043 0.63811
vn 0.21627 0.57975 0.78557
vn 0.19826 0.6648 0.72023
vn 0.1994 0.66348 0.72113
vn 0.1793 0.74094 0.64719
vn 0.17971 0.74053 0.64755
vn 0.19039 0.48644 0.85272
vn 0.17822 0.58042 0.79458
vn 0.17779 0.581 0.79425
vn 0.1645 0.66388 0.72952
vn 0.1641 0.66436 0.72917
vn 0.14844 0.74082 0.65509
vn 0.14635 0.74304 0.65305
vn -0 0.94246 0.33433
vn -0 0.97051 0.24106
vn -0 0.97051 0.24107
vn -0 0.98889 0.14867
vn -0 0.98888 0.14869
vn -0 0.99866 0.05176
vn 0 0.99866 0.05177
vn 0 0.99866 0.05177
vn 0 0.98888 0.14868
vn 0 0.98888 0.14869
vn 0 0.9705 0.24108
vn 0 0.97051 0.24107
vn 0 0.94245 0.33435
vn 0 0.94246 0.33433
vn 0 0.74277 0.66954
vn 0 0.80437 0.59412
vn 0 0.80438 0.59412
vn 0 0.85671 0.5158
vn -0 0.85671 0.5158
vn -0 0.90283 0.42999
vn 0 0.90283 0.42999
vn 0 0.90283 0.42999
vn 0 0.85671 0.5158
vn -0 0.85671 0.5158
vn -0 0.80437 0.59412
vn -0 0.80438 0.59412
vn -0 0.74277 0.66954
vn -0 0.42996 0.90285
vn -0 0.51578 0.85672
vn -0 0.51576 0.85673
vn -0 0.59414 0.80436
vn -0 0.59412 0.80438
vn -0 0.66958 0.74274
vn 0 0.66956 0.74276
vn 0 0.66958 0.74274
vn 0 0.59414 0.80436
vn 0 0.59415 0.80436
vn 0 0.51578 0.85672
vn 0 0.51579 0.85671
vn 0 0.42996 0.90285
vn 0 0.43 0.90283
vn -0 0.05178 0.99866
vn -0 0.14866 0.98889
vn -0 0.1487 0.98888
vn -0 0.24111 0.9705
vn -0 0.24107 0.97051
vn -0 0.33434 0.94245
vn 0 0.33431 0.94246
vn 0 0.33431 0.94246
vn 0 0.24107 0.97051
vn 0 0.24107 0.97051
vn 0 0.14864 0.98889
vn 0 0.1487 0.98888
vn 0 0.05178 0.99866
vn 0 0.05178 0.99866
vn -0.02996 0.99955 0.00086
vn -0.03125 0.99951 0.00265
vn -0.03064 0.99953 0.00277
vn -0.08522 0.99634 0.00709
vn -0.03096 0.99951 0.00436
vn -0.03178 0.99949 0.00424
vn -0.0855 0.99627 0.01153
vn -0.08663 0.99618 0.01136
vn -0.13706 0.9904 0.0179
vn -0.02903 0.99956 0.00576
vn -0.03132 0.99949 0.00556
vn -0.08415 0.99633 0.01576
vn -0.0867 0.99611 0.01553
vn -0.13601 0.9904 0.02474
vn -0.13906 0.98998 0.02445
vn -0.1856 0.98208 0.03285
vn -0.05178 0.99865 -0.00473
vn -0.10811 0.99414 0.00248
vn -0.10795 0.99413 0.00787
vn -0.1487 0.98888 -0.00258
vn -0.16083 0.98688 0.01433
vn -0.16068 0.98686 0.01721
vn -0.20226 0.97929 0.00878
vn -0.20224 0.97929 0.00978
vn -0.24108 0.97051 -0.00017
vn -0.21047 0.97713 0.03036
vn -0.21042 0.97712 0.03101
vn -0.25348 0.96703 0.02451
vn -0.25354 0.96704 0.02341
vn -0.29454 0.95552 0.01509
vn -0.29461 0.95554 0.01239
vn -0.3343 0.94246 0.00226
vn -0.39593 0.91813 0.01682
vn -0.35814 0.93307 0.03344
vn -0.39522 0.91829 0.02351
vn -0.4578 0.88806 0.04198
vn -0.31693 0.94733 0.04612
vn -0.35757 0.93313 0.03756
vn -0.41953 0.9058 0.05929
vn -0.45655 0.88823 0.05098
vn -0.51425 0.85465 0.07152
vn -0.27151 0.9609 0.0544
vn -0.3167 0.94734 0.04747
vn -0.3789 0.92257 0.07278
vn -0.41837 0.90587 0.06613
vn -0.47464 0.87561 0.08954
vn -0.51239 0.85477 0.08263
vn -0.56659 0.81723 0.10542
vn -0.42998 0.90282 0.00574
vn -0.49226 0.86985 0.03232
vn -0.49284 0.86998 0.01571
vn -0.51581 0.85666 0.00786
vn -0.5484 0.83381 0.06338
vn -0.54965 0.8342 0.04472
vn -0.57235 0.81913 0.03794
vn -0.57301 0.81935 0.01775
vn -0.59411 0.80432 0.01019
vn -0.59955 0.79421 0.09888
vn -0.60159 0.79498 0.07806
vn -0.62433 0.77782 0.07218
vn -0.62574 0.77841 0.05026
vn -0.64745 0.76087 0.04336
vn -0.6482 0.76121 0.02018
vn -0.66945 0.74276 0.01213
vn -0.72816 0.685 0.0236
vn -0.7079 0.70392 0.05814
vn -0.72608 0.68576 0.05035
vn -0.77982 0.62269 0.06432
vn -0.68482 0.72315 0.0899
vn -0.70499 0.70439 0.08264
vn -0.75871 0.64378 0.09953
vn -0.77647 0.62338 0.09216
vn -0.82324 0.55738 0.10771
vn -0.65848 0.74314 0.11898
vn -0.68128 0.72336 0.11232
vn -0.73562 0.66434 0.13235
vn -0.75447 0.64415 0.12585
vn -0.80105 0.58097 0.14422
vn -0.81858 0.55781 0.13703
vn -0.85989 0.48658 0.15437
vn -0.7426 0.66953 0.0164
vn -0.79458 0.60447 0.05713
vn -0.79615 0.60469 0.02228
vn -0.80425 0.59403 0.01772
vn -0.83743 0.53716 0.10081
vn -0.84054 0.53785 0.06487
vn -0.848 0.52652 0.06065
vn -0.84959 0.52691 0.02367
vn -0.85658 0.51566 0.01918
vn -0.8727 0.4653 0.14797
vn -0.87748 0.46678 0.11021
vn -0.88421 0.45484 0.10627
vn -0.88741 0.4559 0.06827
vn -0.89413 0.44324 0.06379
vn -0.89577 0.44381 0.02513
vn -0.90267 0.42988 0.01992
vn -0.94081 0.33788 0.02663
vn -0.93382 0.35029 0.07267
vn -0.93861 0.33825 0.06783
vn -0.96606 0.24718 0.07505
vn -0.92414 0.36367 0.11707
vn -0.92983 0.35051 0.11204
vn -0.95775 0.26088 0.12108
vn -0.96182 0.24783 0.11609
vn -0.98001 0.15605 0.12339
vn -0.91168 0.37832 0.16034
vn -0.9185 0.36373 0.15512
vn -0.94726 0.27403 0.16617
vn -0.95167 0.26124 0.16148
vn -0.97045 0.17065 0.17063
vn -0.97372 0.15662 0.16536
vn -0.98316 0.06024 0.1725
vn -0.94216 0.33422 0.02511
vn -0.96751 0.24206 0.07303
vn -0.96996 0.24191 0.02566
vn -0.9702 0.24099 0.02529
vn -0.98119 0.1503 0.12117
vn -0.98584 0.15048 0.07402
vn -0.986 0.1496 0.07367
vn -0.98838 0.14973 0.02603
vn -0.98856 0.14863 0.02559
vn -0.98388 0.05453 0.1703
vn -0.99097 0.05562 0.12204
vn -0.99098 0.05546 0.12198
vn -0.99564 0.05623 0.07438
vn -0.99578 0.0546 0.07374
vn -0.99814 0.05501 0.02616
vn -0.99835 0.05176 0.02487
vn -0.97392 0.06031 0.21872
vn -0.96134 0.17076 0.21603
vn -0.96132 0.17102 0.2159
vn -0.94951 0.17041 0.26343
vn -0.93819 0.27404 0.21141
vn -0.93822 0.27387 0.2115
vn -0.92684 0.27351 0.2572
vn -0.9267 0.27447 0.25668
vn -0.9134 0.27378 0.30123
vn -0.90331 0.37812 0.20263
vn -0.90423 0.37493 0.20445
vn -0.89343 0.37467 0.24781
vn -0.89355 0.37418 0.24809
vn -0.88059 0.3739 0.29113
vn -0.88009 0.37613 0.28979
vn -0.86478 0.37586 0.333
vn -0.9739 0.05972 0.21899
vn -0.94951 0.17037 0.26346
vn -0.96166 0.06101 0.26739
vn -0.96178 0.06304 0.26645
vn -0.91334 0.2743 0.30095
vn -0.93564 0.17062 0.30898
vn -0.93563 0.17131 0.30863
vn -0.94773 0.06386 0.31262
vn -0.94769 0.06336 0.31285
vn -0.86456 0.37697 0.33232
vn -0.89752 0.27416 0.34538
vn -0.89752 0.27417 0.34538
vn -0.91962 0.17144 0.35342
vn -0.91962 0.17137 0.35346
vn -0.93172 0.06375 0.35754
vn -0.9314 0.0607 0.3589
vn -0.91252 0.0607 0.4045
vn -0.90067 0.17137 0.39929
vn -0.90067 0.17146 0.39925
vn -0.87991 0.17078 0.44338
vn -0.87889 0.27417 0.39037
vn -0.87889 0.27422 0.39034
vn -0.85883 0.27381 0.43295
vn -0.85878 0.27503 0.43227
vn -0.83713 0.27431 0.47326
vn -0.84673 0.37698 0.37541
vn -0.84717 0.37439 0.377
vn -0.82799 0.37424 0.41758
vn -0.82799 0.37431 0.41754
vn -0.80684 0.37407 0.45725
vn -0.80654 0.37687 0.45547
vn -0.78315 0.37662 0.4948
vn -0.91243 0.06003 0.4048
vn -0.8799 0.17054 0.4435
vn -0.89106 0.06131 0.44973
vn -0.89132 0.06304 0.44897
vn -0.83712 0.27461 0.47309
vn -0.85748 0.17079 0.48535
vn -0.8575 0.17115 0.48517
vn -0.86857 0.06384 0.49144
vn -0.86846 0.06317 0.49172
vn -0.78307 0.37765 0.49414
vn -0.813 0.27448 0.5135
vn -0.813 0.27409 0.51372
vn -0.8331 0.17127 0.52593
vn -0.83307 0.17099 0.52607
vn -0.8441 0.06355 0.5324
vn -0.84351 0.06046 0.53369
vn -0.8161 0.06045 0.57474
vn -0.80556 0.17098 0.56731
vn -0.80557 0.17106 0.56727
vn -0.77615 0.17034 0.6071
vn -0.78601 0.27409 0.55412
vn -0.786 0.27379 0.5543
vn -0.75783 0.27336 0.59242
vn -0.75785 0.27366 0.59226
vn -0.72836 0.27288 0.62852
vn -0.75734 0.3777 0.53271
vn -0.75749 0.3744 0.53482
vn -0.73087 0.37426 0.57076
vn -0.73088 0.37309 0.5715
vn -0.70245 0.37284 0.60626
vn -0.70247 0.37384 0.60562
vn -0.67183 0.37354 0.63962
vn -0.81596 0.05981 0.575
vn -0.77618 0.17055 0.607
vn -0.78594 0.06114 0.61528
vn -0.78658 0.0639 0.61417
vn -0.72843 0.27369 0.62807
vn -0.74584 0.17082 0.64386
vn -0.7461 0.17234 0.64315
vn -0.75586 0.06474 0.65153
vn -0.75578 0.06445 0.65164
vn -0.67188 0.37464 0.63892
vn -0.69682 0.27354 0.66304
vn -0.69693 0.27443 0.66256
vn -0.7142 0.17247 0.67836
vn -0.71424 0.17268 0.67826
vn -0.72399 0.06485 0.68676
vn -0.72309 0.06147 0.68802
vn -0.6885 0.06147 0.72263
vn -0.67996 0.17269 0.71262
vn -0.67964 0.17122 0.71328
vn -0.64391 0.17055 0.74585
vn -0.6633 0.27443 0.69622
vn -0.66334 0.27473 0.69606
vn -0.62868 0.27434 0.72766
vn -0.62872 0.27452 0.72757
vn -0.59253 0.27379 0.75759
vn -0.63931 0.37464 0.67151
vn -0.63926 0.37403 0.67189
vn -0.60598 0.37391 0.70213
vn -0.60607 0.3747 0.70163
vn -0.5707 0.37449 0.7308
vn -0.57103 0.3768 0.72935
vn -0.53298 0.37654 0.75772
vn -0.68804 0.0599 0.72319
vn -0.64353 0.169 0.74653
vn -0.6513 0.06116 0.75635
vn -0.65172 0.06253 0.75588
vn -0.59241 0.27319 0.7579
vn -0.60644 0.16922 0.77691
vn -0.60669 0.17017 0.77651
vn -0.61444 0.06333 0.78642
vn -0.61423 0.0627 0.78663
vn -0.53318 0.3777 0.75701
vn -0.55367 0.273 0.78672
vn -0.55392 0.2741 0.78616
vn -0.56792 0.17029 0.80527
vn -0.56811 0.17097 0.805
vn -0.5759 0.06309 0.81508
vn -0.57501 0.06045 0.81591
vn -0.53301 0.06046 0.84394
vn -0.52656 0.17099 0.83276
vn -0.52626 0.17 0.83315
vn -0.48538 0.16933 0.85775
vn -0.51346 0.27409 0.81316
vn -0.51345 0.27405 0.81318
vn -0.47414 0.27365 0.83684
vn -0.4741 0.27348 0.83692
vn -0.43334 0.27275 0.85897
vn -0.49458 0.37766 0.7828
vn -0.49421 0.37584 0.7839
vn -0.45693 0.37567 0.80628
vn -0.45683 0.37527 0.80652
vn -0.41743 0.37504 0.8277
vn -0.41773 0.37617 0.82704
vn -0.37558 0.37591 0.84713
vn -0.53364 0.06223 0.84342
vn -0.48566 0.17021 0.85742
vn -0.49141 0.0635 0.86861
vn -0.49168 0.06422 0.86841
vn -0.43354 0.27341 0.85866
vn -0.44357 0.17045 0.87988
vn -0.44375 0.171 0.87968
vn -0.44945 0.06502 0.89094
vn -0.44895 0.0637 0.89128
vn -0.37589 0.37697 0.84652
vn -0.39008 0.27325 0.8793
vn -0.39038 0.27417 0.87888
vn -0.40035 0.17113 0.90024
vn -0.40044 0.17136 0.90016
vn -0.40611 0.06409 0.91157
vn -0.4048 0.0607 0.91239
vn -0.35888 0.0607 0.93141
vn -0.35469 0.17137 0.91914
vn -0.35428 0.17028 0.91951
vn -0.30931 0.16961 0.93571
vn -0.34555 0.27417 0.89745
vn -0.34559 0.27428 0.8974
vn -0.30213 0.2739 0.91307
vn -0.3022 0.2741 0.91298
vn -0.25765 0.2734 0.92675
vn -0.33283 0.37697 0.86436
vn -0.33238 0.37555 0.86515
vn -0.29094 0.37543 0.88001
vn -0.29101 0.37563 0.87989
vn -0.24772 0.37545 0.89313
vn -0.24845 0.3774 0.8921
vn -0.20271 0.37719 0.90368
vn -0.3589 0.06074 0.9314
vn -0.30906 0.16896 0.93591
vn -0.31246 0.06197 0.94791
vn -0.31282 0.06285 0.94773
vn -0.25752 0.27305 0.92689
vn -0.26317 0.16921 0.94979
vn -0.26349 0.17 0.94957
vn -0.26683 0.06357 0.96165
vn -0.26644 0.06266 0.96181
vn -0.20308 0.37812 0.90321
vn -0.21057 0.27298 0.93869
vn -0.211 0.27404 0.93829
vn -0.21657 0.17005 0.96134
vn -0.21687 0.17075 0.96115
vn -0.22017 0.06296 0.97343
vn -0.21904 0.06031 0.97385
vn -0.1725 0.06024 0.98316
vn -0.17063 0.17065 0.97045
vn -0.16536 0.15662 0.97372
vn -0.12339 0.15605 0.98001
vn -0.16617 0.27403 0.94726
vn -0.16148 0.26125 0.95167
vn -0.12108 0.26089 0.95775
vn -0.11609 0.24783 0.96182
vn -0.07505 0.24718 0.96606
vn -0.16034 0.37832 0.91168
vn -0.15512 0.36372 0.9185
vn -0.11707 0.36366 0.92415
vn -0.11205 0.35051 0.92983
vn -0.07267 0.35029 0.93382
vn -0.06783 0.33825 0.93861
vn -0.02663 0.33788 0.94081
vn -0.17036 0.05469 0.98386
vn -0.1212 0.15036 0.98117
vn -0.12207 0.05577 0.99095
vn -0.12197 0.05553 0.99098
vn -0.07303 0.24207 0.96751
vn -0.07402 0.15054 0.98583
vn -0.07366 0.14963 0.98599
vn -0.07438 0.0563 0.99564
vn -0.07371 0.0546 0.99578
vn -0.0251 0.33421 0.94216
vn -0.02566 0.24192 0.96996
vn -0.02528 0.24099 0.9702
vn -0.02602 0.14976 0.98838
vn -0.02557 0.14865 0.98856
vn -0.02614 0.05501 0.99814
vn -0.02485 0.05176 0.99835
vn -0.01639 0.66949 0.74264
vn -0.01772 0.59405 0.80423
vn -0.02226 0.60466 0.79617
vn -0.05711 0.60444 0.7946
vn -0.01918 0.51568 0.85657
vn -0.02367 0.52694 0.84958
vn -0.06065 0.52654 0.84799
vn -0.06485 0.53784 0.84055
vn -0.1008 0.53715 0.83744
vn -0.01992 0.42987 0.90267
vn -0.02514 0.44382 0.89576
vn -0.06379 0.44324 0.89413
vn -0.06828 0.45591 0.8874
vn -0.10627 0.45485 0.8842
vn -0.1102 0.46678 0.87748
vn -0.14797 0.4653 0.8727
vn -0.0236 0.685 0.72816
vn -0.06431 0.62268 0.77983
vn -0.05035 0.68576 0.72608
vn -0.05814 0.70392 0.70789
vn -0.10771 0.55738 0.82324
vn -0.09216 0.62337 0.77648
vn -0.09953 0.64378 0.75871
vn -0.08265 0.70439 0.70498
vn -0.0899 0.72315 0.68482
vn -0.15437 0.48658 0.85989
vn -0.13703 0.55781 0.81858
vn -0.14422 0.58097 0.80105
vn -0.12585 0.64415 0.75447
vn -0.13235 0.66434 0.73562
vn -0.11232 0.72336 0.68128
vn -0.11898 0.74314 0.65848
vn -0.14688 0.74303 0.65294
vn -0.16356 0.66437 0.72929
vn -0.16307 0.66324 0.73043
vn -0.20096 0.66306 0.72109
vn -0.1787 0.58099 0.79405
vn -0.17827 0.57996 0.7949
vn -0.2182 0.57964 0.78511
vn -0.21779 0.57855 0.78603
vn -0.25638 0.57782 0.77485
vn -0.19124 0.48643 0.85254
vn -0.19193 0.48817 0.85138
vn -0.23336 0.48751 0.84135
vn -0.2335 0.48789 0.84109
vn -0.27422 0.48667 0.82943
vn -0.27385 0.48556 0.8302
vn -0.31451 0.48372 0.81676
vn -0.14653 0.74228 0.65387
vn -0.20103 0.66323 0.72091
vn -0.18003 0.74297 0.64465
vn -0.17943 0.74149 0.64653
vn -0.25665 0.57862 0.77417
vn -0.23524 0.66404 0.70973
vn -0.23517 0.66384 0.70994
vn -0.21044 0.74197 0.63655
vn -0.21052 0.74218 0.63627
vn -0.31486 0.48491 0.81592
vn -0.29273 0.57926 0.76077
vn -0.29307 0.58045 0.75973
vn -0.2679 0.66428 0.69783
vn -0.26803 0.66472 0.69736
vn -0.23936 0.74246 0.62567
vn -0.23987 0.74432 0.62326
vn -0.27131 0.74434 0.6102
vn -0.30308 0.66472 0.68285
vn -0.30284 0.66367 0.68398
vn -0.33821 0.6635 0.66737
vn -0.33079 0.58042 0.7441
vn -0.33061 0.57965 0.74479
vn -0.3677 0.57924 0.72752
vn -0.36758 0.57863 0.72806
vn -0.40292 0.57788 0.70973
vn -0.35447 0.4849 0.79951
vn -0.35506 0.48716 0.79787
vn -0.39341 0.48652 0.78008
vn -0.39363 0.48747 0.77938
vn -0.43083 0.48624 0.76024
vn -0.43077 0.4859 0.76049
vn -0.46738 0.48408 0.73975
vn -0.271 0.74287 0.61214
vn -0.33814 0.66307 0.66783
vn -0.30235 0.74358 0.59638
vn -0.30203 0.74147 0.59917
vn -0.403 0.57842 0.70924
vn -0.36949 0.66389 0.65017
vn -0.36944 0.66345 0.65065
vn -0.33074 0.74197 0.58318
vn -0.33073 0.74188 0.5833
vn -0.46762 0.48562 0.73859
vn -0.4355 0.57906 0.68923
vn -0.43565 0.58044 0.68796
vn -0.39913 0.66388 0.63243
vn -0.39917 0.66445 0.6318
vn -0.35712 0.74217 0.56714
vn -0.35715 0.74406 0.56464
vn -0.38483 0.74412 0.54607
vn -0.42982 0.66445 0.61136
vn -0.42981 0.66392 0.61194
vn -0.46099 0.66379 0.58895
vn -0.4688 0.5804 0.66586
vn -0.46874 0.57954 0.66664
vn -0.5019 0.57914 0.64241
vn -0.50188 0.5783 0.64319
vn -0.53338 0.57757 0.618
vn -0.50294 0.48562 0.71501
vn -0.50309 0.48697 0.71397
vn -0.53779 0.48633 0.68866
vn -0.53779 0.48624 0.68874
vn -0.57139 0.48498 0.66205
vn -0.57132 0.48343 0.66324
vn -0.60432 0.48156 0.63475
vn -0.38486 0.74349 0.5469
vn -0.46099 0.66392 0.58881
vn -0.412 0.74419 0.52577
vn -0.41217 0.74258 0.5279
vn -0.53336 0.57819 0.61743
vn -0.48834 0.66475 0.56536
vn -0.48836 0.66454 0.56558
vn -0.43707 0.74308 0.50676
vn -0.43703 0.7433 0.50647
vn -0.60432 0.48242 0.63409
vn -0.56198 0.57885 0.59086
vn -0.56189 0.58019 0.58963
vn -0.51435 0.66499 0.54151
vn -0.51426 0.66561 0.54084
vn -0.46 0.74356 0.48529
vn -0.45951 0.74558 0.48265
vn -0.48346 0.74557 0.45869
vn -0.54078 0.66561 0.51431
vn -0.54091 0.66495 0.51502
vn -0.56703 0.66478 0.48637
vn -0.59042 0.58018 0.56107
vn -0.59049 0.57954 0.56166
vn -0.61784 0.57915 0.53184
vn -0.61781 0.57936 0.53165
vn -0.64365 0.57862 0.5009
vn -0.6344 0.48242 0.60399
vn -0.63433 0.48453 0.60238
vn -0.66249 0.48393 0.57177
vn -0.66237 0.48554 0.57054
vn -0.68954 0.48433 0.53848
vn -0.68942 0.48548 0.5376
vn -0.71591 0.48362 0.50357
vn -0.48394 0.74399 0.46073
vn -0.56712 0.66442 0.48675
vn -0.50667 0.74467 0.43445
vn -0.50771 0.74182 0.4381
vn -0.64349 0.57945 0.50016
vn -0.58952 0.66524 0.45818
vn -0.58995 0.66381 0.45969
vn -0.52833 0.7423 0.41213
vn -0.5285 0.7419 0.41264
vn -0.71562 0.48563 0.50206
vn -0.6664 0.5801 0.4684
vn -0.66632 0.58041 0.46813
vn -0.61097 0.66427 0.43065
vn -0.61091 0.66444 0.43048
vn -0.5473 0.74214 0.38689
vn -0.54633 0.74412 0.38446
vn -0.56503 0.74405 0.35656
vn -0.63147 0.66445 0.39968
vn -0.63165 0.66402 0.40013
vn -0.65141 0.66382 0.36745
vn -0.68841 0.58043 0.43495
vn -0.68875 0.57927 0.43596
vn -0.7096 0.57892 0.40164
vn -0.70965 0.57879 0.40175
vn -0.72897 0.57805 0.36668
vn -0.73903 0.48561 0.46692
vn -0.73892 0.4862 0.46648
vn -0.76054 0.48561 0.431
vn -0.76045 0.48601 0.43071
vn -0.78092 0.48482 0.39384
vn -0.78088 0.48497 0.39373
vn -0.80042 0.48311 0.35487
vn -0.56556 0.74308 0.35774
vn -0.65132 0.66401 0.36725
vn -0.5824 0.74375 0.32808
vn -0.58395 0.7412 0.3311
vn -0.72856 0.57916 0.36575
vn -0.66757 0.66484 0.33517
vn -0.66814 0.66371 0.33628
vn -0.59896 0.74169 0.30189
vn -0.59898 0.74166 0.30193
vn -0.7999 0.48491 0.35359
vn -0.74487 0.57982 0.33012
vn -0.74461 0.58043 0.32962
vn -0.68312 0.66417 0.3037
vn -0.68281 0.66472 0.30317
vn -0.61238 0.74192 0.27303
vn -0.61062 0.74435 0.27033
vn -0.62367 0.7443 0.23885
vn -0.69725 0.66472 0.2683
vn -0.69732 0.66461 0.2684
vn -0.7103 0.66439 0.2325
vn -0.76008 0.58044 0.29217
vn -0.76033 0.5799 0.2926
vn -0.77404 0.57952 0.255
vn -0.77384 0.57993 0.25468
vn -0.78588 0.57917 0.2167
vn -0.81615 0.48491 0.31427
vn -0.81564 0.48645 0.3132
vn -0.82986 0.48586 0.27436
vn -0.82944 0.48703 0.27355
vn -0.84225 0.48584 0.23361
vn -0.84193 0.48666 0.23307
vn -0.85341 0.48481 0.19143
vn -0.62485 0.74279 0.24048
vn -0.71056 0.66399 0.23287
vn -0.6356 0.74349 0.20795
vn -0.63811 0.74043 0.21112
vn -0.78557 0.57975 0.21627
vn -0.72023 0.6648 0.19826
vn -0.72113 0.66348 0.1994
vn -0.64719 0.74094 0.1793
vn -0.64755 0.74053 0.17971
vn -0.85272 0.48644 0.19039
vn -0.79458 0.58042 0.17822
vn -0.79425 0.581 0.17779
vn -0.72952 0.66388 0.1645
vn -0.72917 0.66436 0.1641
vn -0.65509 0.74082 0.14844
vn -0.65305 0.74304 0.14635
vn -0.00574 0.90282 0.42998
vn -0.00786 0.85668 0.51579
vn -0.01571 0.86998 0.49283
vn -0.03232 0.86985 0.49226
vn -0.0102 0.80433 0.59409
vn -0.01776 0.81936 0.573
vn -0.03794 0.81914 0.57234
vn -0.04472 0.8342 0.54964
vn -0.06338 0.83382 0.54839
vn -0.01214 0.74272 0.66949
vn -0.0202 0.76119 0.64821
vn -0.04336 0.76086 0.64747
vn -0.05026 0.7784 0.62575
vn -0.07219 0.77781 0.62434
vn -0.07807 0.79498 0.60159
vn -0.09888 0.79421 0.59955
vn -0.01682 0.91813 0.39593
vn -0.04198 0.88806 0.4578
vn -0.02351 0.91829 0.39522
vn -0.03344 0.93307 0.35814
vn -0.07152 0.85465 0.51425
vn -0.05098 0.88823 0.45655
vn -0.05929 0.9058 0.41953
vn -0.03756 0.93313 0.35757
vn -0.04612 0.94733 0.31693
vn -0.10542 0.81723 0.56659
vn -0.08263 0.85477 0.51239
vn -0.08954 0.87561 0.47464
vn -0.06613 0.90587 0.41837
vn -0.07278 0.92257 0.3789
vn -0.04747 0.94734 0.3167
vn -0.0544 0.9609 0.27151
vn -0.06108 0.96087 0.27016
vn -0.08357 0.92255 0.37672
vn -0.08324 0.92215 0.37778
vn -0.10541 0.92205 0.37244
vn -0.10552 0.87557 0.47143
vn -0.1049 0.87459 0.47338
vn -0.13039 0.87439 0.46737
vn -0.1303 0.87423 0.4677
vn -0.15406 0.87382 0.46121
vn -0.12606 0.81712 0.56252
vn -0.12615 0.81728 0.56226
vn -0.15425 0.81689 0.55579
vn -0.15442 0.81727 0.55518
vn -0.18133 0.81655 0.54806
vn -0.18154 0.81711 0.54715
vn -0.20758 0.81609 0.53936
vn -0.06073 0.96056 0.27137
vn -0.10564 0.9224 0.3715
vn -0.07642 0.96075 0.26667
vn -0.07528 0.95952 0.27139
vn -0.15453 0.87492 0.45895
vn -0.12304 0.92266 0.36546
vn -0.12259 0.92182 0.36772
vn -0.08848 0.95964 0.26694
vn -0.08844 0.95958 0.26718
vn -0.20814 0.818 0.53624
vn -0.17407 0.87516 0.45144
vn -0.17418 0.87548 0.45077
vn -0.13812 0.92196 0.36182
vn -0.13823 0.92223 0.36108
vn -0.09912 0.95964 0.26318
vn -0.09971 0.96076 0.25886
vn -0.11251 0.96075 0.25357
vn -0.15523 0.92225 0.35406
vn -0.15515 0.92194 0.3549
vn -0.1759 0.92184 0.34536
vn -0.1951 0.87549 0.4421
vn -0.19484 0.87435 0.44447
vn -0.21889 0.87415 0.43353
vn -0.21887 0.87395 0.43395
vn -0.24112 0.87353 0.42286
vn -0.23285 0.81801 0.52596
vn -0.23277 0.81763 0.5266
vn -0.25937 0.81729 0.51455
vn -0.25937 0.81728 0.51456
vn -0.28471 0.81659 0.50212
vn -0.28472 0.81692 0.50157
vn -0.30909 0.81589 0.48865
vn -0.11246 0.96063 0.25405
vn -0.17598 0.92254 0.34343
vn -0.12688 0.96082 0.24644
vn -0.12667 0.95954 0.25146
vn -0.24115 0.875 0.41979
vn -0.1919 0.9228 0.3341
vn -0.1919 0.92188 0.33661
vn -0.13882 0.95966 0.2445
vn -0.13882 0.95957 0.24487
vn -0.30903 0.81795 0.48523
vn -0.25893 0.87525 0.40853
vn -0.25891 0.87553 0.40794
vn -0.20614 0.92202 0.32769
vn -0.20611 0.92227 0.32703
vn -0.1487 0.95962 0.23877
vn -0.14844 0.96072 0.23448
vn -0.16003 0.96071 0.22678
vn -0.22143 0.92228 0.31682
vn -0.22149 0.92204 0.31745
vn -0.23986 0.92193 0.30417
vn -0.27765 0.87554 0.3954
vn -0.27784 0.8745 0.39756
vn -0.2991 0.8743 0.38229
vn -0.2991 0.87429 0.3823
vn -0.31872 0.87386 0.36714
vn -0.33104 0.81799 0.47043
vn -0.33108 0.81772 0.47087
vn -0.35451 0.81741 0.45406
vn -0.35447 0.81764 0.45367
vn -0.37676 0.81695 0.43662
vn -0.37657 0.81768 0.43543
vn -0.39797 0.81663 0.41801
vn -0.16009 0.96056 0.22737
vn -0.23959 0.9226 0.30234
vn -0.17274 0.96075 0.21707
vn -0.17356 0.9594 0.22234
vn -0.31816 0.87531 0.36416
vn -0.25345 0.92285 0.29002
vn -0.25405 0.92173 0.29303
vn -0.18413 0.95952 0.2131
vn -0.18422 0.95941 0.21355
vn -0.39725 0.81868 0.41468
vn -0.33356 0.87554 0.34953
vn -0.33359 0.87547 0.34966
vn -0.2664 0.92188 0.28139
vn -0.2663 0.92202 0.28101
vn -0.19275 0.95947 0.20557
vn -0.19162 0.96061 0.20128
vn -0.20121 0.96061 0.19169
vn -0.27906 0.92204 0.26827
vn -0.27912 0.92196 0.26847
vn -0.29433 0.92187 0.25204
vn -0.34931 0.87548 0.33394
vn -0.35 0.8743 0.33629
vn -0.36781 0.87411 0.31724
vn -0.36782 0.8741 0.31726
vn -0.3842 0.87368 0.29844
vn -0.41593 0.81866 0.39598
vn -0.41632 0.81777 0.39741
vn -0.43612 0.81742 0.37633
vn -0.43622 0.81722 0.37665
vn -0.45506 0.81651 0.35529
vn -0.45478 0.81699 0.35455
vn -0.47283 0.81592 0.33273
vn -0.20115 0.96066 0.19149
vn -0.29343 0.92283 0.24957
vn -0.2114 0.96085 0.17908
vn -0.21317 0.95955 0.1839
vn -0.38287 0.8754 0.29511
vn -0.30466 0.92308 0.23477
vn -0.30579 0.922 0.23749
vn -0.22171 0.95968 0.17278
vn -0.22189 0.95956 0.17321
vn -0.47145 0.818 0.32955
vn -0.39537 0.8756 0.27749
vn -0.39543 0.87554 0.27761
vn -0.31576 0.92215 0.22346
vn -0.31564 0.92226 0.22319
vn -0.22879 0.95964 0.16356
vn -0.22694 0.96071 0.15979
vn -0.23462 0.96072 0.14823
vn -0.3258 0.92228 0.20796
vn -0.32598 0.92215 0.20829
vn -0.33761 0.92206 0.18927
vn -0.4079 0.87553 0.25897
vn -0.40898 0.87441 0.26104
vn -0.42254 0.87422 0.23917
vn -0.42242 0.87433 0.23896
vn -0.43473 0.87392 0.21741
vn -0.48621 0.81793 0.30755
vn -0.48674 0.81722 0.3086
vn -0.50181 0.81684 0.28453
vn -0.50176 0.8169 0.28444
vn -0.51595 0.81619 0.26007
vn -0.51521 0.81703 0.25888
vn -0.52861 0.81597 0.23402
vn -0.23486 0.96059 0.14868
vn -0.33668 0.92272 0.18773
vn -0.24246 0.96078 0.13457
vn -0.24516 0.95947 0.13898
vn -0.43311 0.87534 0.21492
vn -0.34477 0.92297 0.17107
vn -0.34641 0.9219 0.17352
vn -0.25136 0.9596 0.12645
vn -0.25154 0.95952 0.12672
vn -0.52666 0.81803 0.23122
vn -0.44195 0.87556 0.19513
vn -0.44204 0.87549 0.19525
vn -0.35347 0.92204 0.1578
vn -0.35316 0.92223 0.15738
vn -0.25643 0.95959 0.11591
vn -0.25366 0.96075 0.11229
vn -0.2589 0.96076 0.09961
vn -0.36011 0.92225 0.1406
vn -0.36035 0.92212 0.14088
vn -0.36803 0.92203 0.12004
vn -0.45062 0.87548 0.17456
vn -0.45225 0.87423 0.1766
vn -0.4613 0.87404 0.15248
vn -0.46131 0.87404 0.15249
vn -0.46922 0.87363 0.12884
vn -0.53686 0.81798 0.20662
vn -0.53795 0.81691 0.20801
vn -0.54805 0.81655 0.18133
vn -0.54834 0.81628 0.18167
vn -0.55756 0.81559 0.15474
vn -0.55697 0.81611 0.1541
vn -0.56535 0.81506 0.1267
vn -0.25904 0.9607 0.09978
vn -0.36661 0.9228 0.11848
vn -0.26368 0.96088 0.08469
vn -0.2671 0.95961 0.08841
vn -0.467 0.87515 0.12657
vn -0.37125 0.92305 0.10072
vn -0.37309 0.92211 0.10256
vn -0.27074 0.95973 0.07496
vn -0.27094 0.95966 0.07516
vn -0.56287 0.81714 0.12431
vn -0.47177 0.8754 0.10539
vn -0.47151 0.87557 0.10514
vn -0.37698 0.92225 0.08571
vn -0.37639 0.92254 0.08518
vn -0.27368 0.95972 0.06349
vn -0.27028 0.96088 0.06049
vn 0.00473 0.99865 0.05177
vn 0.00258 0.98888 0.14869
vn -0.00787 0.99413 0.10794
vn -0.00248 0.99414 0.1081
vn 0.00017 0.97051 0.24107
vn -0.00979 0.97929 0.20223
vn -0.00878 0.97929 0.20226
vn -0.01721 0.98686 0.16068
vn -0.01433 0.98688 0.16083
vn -0.00226 0.94245 0.33433
vn -0.0124 0.95553 0.29462
vn -0.01509 0.95552 0.29455
vn -0.02341 0.96704 0.25354
vn -0.02451 0.96703 0.25348
vn -0.03101 0.97712 0.21042
vn -0.03036 0.97713 0.21047
vn -0.00086 0.99955 0.02996
vn -0.00709 0.99634 0.08523
vn -0.00277 0.99953 0.03065
vn -0.00265 0.99951 0.03125
vn -0.0179 0.9904 0.13706
vn -0.01136 0.99618 0.08664
vn -0.01153 0.99627 0.08549
vn -0.00424 0.99949 0.03178
vn -0.00436 0.99951 0.03096
vn -0.03285 0.98208 0.1856
vn -0.02446 0.98998 0.13907
vn -0.02475 0.9904 0.13601
vn -0.01553 0.99611 0.0867
vn -0.01576 0.99633 0.08415
vn -0.00556 0.99949 0.03132
vn -0.00576 0.99956 0.02903
vn -0.00729 0.99954 0.02942
vn -0.02002 0.99616 0.08526
vn -0.02021 0.99636 0.08284
vn -0.02497 0.99616 0.08392
vn -0.03162 0.98994 0.13787
vn -0.03185 0.99032 0.1351
vn -0.03905 0.98983 0.13681
vn -0.03917 0.99035 0.13297
vn -0.04591 0.98987 0.13434
vn -0.04213 0.98122 0.18824
vn -0.04244 0.98189 0.18464
vn -0.05188 0.98099 0.18701
vn -0.05205 0.98182 0.18256
vn -0.06108 0.98093 0.18453
vn -0.06102 0.98192 0.17917
vn -0.06962 0.98106 0.18074
vn -0.00736 0.99957 0.02847
vn -0.02506 0.99642 0.0808
vn -0.0094 0.99952 0.02951
vn -0.0094 0.99952 0.02947
vn -0.04583 0.99055 0.1293
vn -0.02951 0.99612 0.08294
vn -0.02944 0.99634 0.08031
vn -0.01107 0.99948 0.03024
vn -0.01102 0.99952 0.02891
vn -0.06922 0.98233 0.17389
vn -0.05262 0.9898 0.13237
vn -0.05225 0.99052 0.12701
vn -0.03358 0.99606 0.08211
vn -0.03327 0.99638 0.0782
vn -0.01221 0.99949 0.0294
vn -0.01198 0.99957 0.02681
vn -0.01355 0.99953 0.02739
vn -0.03765 0.99609 0.07988
vn -0.03733 0.99643 0.07575
vn -0.04223 0.9961 0.07741
vn -0.05931 0.98976 0.12986
vn -0.05895 0.99045 0.12461
vn -0.0664 0.98964 0.12728
vn -0.06566 0.99048 0.121
vn -0.07261 0.98972 0.12319
vn -0.07877 0.98088 0.17794
vn -0.07838 0.98209 0.17134
vn -0.08818 0.9806 0.17505
vn -0.08739 0.98198 0.16757
vn -0.09678 0.98055 0.17072
vn -0.09548 0.9821 0.16234
vn -0.10442 0.98076 0.16495
vn -0.01343 0.99957 0.02596
vn -0.04169 0.99645 0.07316
vn -0.01576 0.99951 0.02713
vn -0.01568 0.99952 0.02655
vn -0.07146 0.99064 0.11633
vn -0.04652 0.99606 0.07545
vn -0.04584 0.99637 0.07174
vn -0.01748 0.99947 0.02736
vn -0.01714 0.99952 0.02568
vn -0.10253 0.98247 0.1557
vn -0.07874 0.9897 0.11959
vn -0.07723 0.99061 0.11278
vn -0.05019 0.99603 0.07357
vn -0.04908 0.99642 0.06885
vn -0.0183 0.99949 0.02613
vn -0.01762 0.99957 0.02344
vn -0.01929 0.99953 0.024
vn -0.05373 0.99606 0.07054
vn -0.05266 0.99646 0.06558
vn -0.05772 0.99607 0.06717
vn -0.08469 0.98967 0.11569
vn -0.08336 0.99054 0.10904
vn -0.09102 0.98957 0.11166
vn -0.08917 0.99055 0.10419
vn -0.0962 0.98967 0.10626
vn -0.11261 0.98068 0.15993
vn -0.11105 0.9822 0.15147
vn -0.12115 0.98043 0.1552
vn -0.11902 0.9821 0.14602
vn -0.12863 0.98042 0.1491
vn -0.12586 0.98223 0.13925
vn -0.13493 0.98067 0.14174
vn -0.01891 0.99957 0.02237
vn -0.05649 0.99644 0.06254
vn -0.0215 0.99949 0.0234
vn -0.02122 0.99952 0.02243
vn -0.09397 0.99066 0.09877
vn -0.06149 0.99603 0.06442
vn -0.06011 0.99638 0.06011
vn -0.02306 0.99947 0.02306
vn -0.02243 0.99952 0.02122
vn -0.13156 0.98254 0.13156
vn -0.1014 0.98967 0.1014
vn -0.09877 0.99066 0.09397
vn -0.06442 0.99603 0.06149
vn -0.06253 0.99644 0.05649
vn -0.0234 0.99949 0.0215
vn -0.02237 0.99957 0.01891
vn -0.024 0.99953 0.01929
vn -0.06717 0.99607 0.05772
vn -0.06558 0.99646 0.05266
vn -0.07054 0.99606 0.05373
vn -0.10626 0.98967 0.0962
vn -0.10419 0.99055 0.08917
vn -0.11166 0.98957 0.09102
vn -0.10904 0.99054 0.08336
vn -0.11569 0.98967 0.08469
vn -0.14174 0.98067 0.13493
vn -0.13925 0.98223 0.12586
vn -0.1491 0.98042 0.12863
vn -0.14602 0.9821 0.11902
vn -0.1552 0.98043 0.12115
vn -0.15147 0.98221 0.11105
vn -0.15993 0.98068 0.11261
vn -0.02344 0.99957 0.01762
vn -0.06886 0.99642 0.04908
vn -0.02614 0.99949 0.0183
vn -0.02568 0.99952 0.01715
vn -0.11278 0.99061 0.07724
vn -0.07358 0.99603 0.0502
vn -0.07174 0.99637 0.04584
vn -0.02736 0.99947 0.01748
vn -0.02656 0.99952 0.01568
vn -0.15569 0.98247 0.10253
vn -0.1196 0.9897 0.07874
vn -0.11634 0.99064 0.07146
vn -0.07546 0.99606 0.04652
vn -0.07317 0.99645 0.04169
vn -0.02714 0.99951 0.01576
vn -0.02597 0.99957 0.01343
vn -0.02739 0.99953 0.01355
vn -0.07741 0.9961 0.04223
vn -0.07575 0.99643 0.03733
vn -0.07988 0.99609 0.03765
vn -0.12319 0.98972 0.07261
vn -0.121 0.99048 0.06566
vn -0.12728 0.98964 0.0664
vn -0.12461 0.99045 0.05895
vn -0.12986 0.98976 0.05931
vn -0.16495 0.98076 0.10442
vn -0.16234 0.9821 0.09548
vn -0.17072 0.98055 0.09678
vn -0.16757 0.98198 0.08739
vn -0.17505 0.9806 0.08818
vn -0.17134 0.98209 0.07838
vn -0.17794 0.98088 0.07877
vn -0.02681 0.99957 0.01198
vn -0.0782 0.99638 0.03327
vn -0.0294 0.99949 0.01221
vn -0.0289 0.99952 0.01102
vn -0.12701 0.99052 0.05225
vn -0.0821 0.99606 0.03358
vn -0.0803 0.99634 0.02944
vn -0.03024 0.99948 0.01107
vn -0.02946 0.99952 0.0094
vn -0.17389 0.98233 0.06922
vn -0.13237 0.9898 0.05263
vn -0.1293 0.99055 0.04583
vn -0.08294 0.99612 0.02951
vn -0.0808 0.99642 0.02506
vn -0.02951 0.99952 0.0094
vn -0.02847 0.99957 0.00736
vn -0.02942 0.99954 0.00729
vn -0.08392 0.99616 0.02497
vn -0.08284 0.99636 0.02021
vn -0.08526 0.99616 0.02002
vn -0.13434 0.98987 0.04591
vn -0.13297 0.99035 0.03917
vn -0.13681 0.98983 0.03905
vn -0.13509 0.99032 0.03185
vn -0.13787 0.98994 0.03162
vn -0.18074 0.98106 0.06962
vn -0.17917 0.98192 0.06103
vn -0.18453 0.98093 0.06108
vn -0.18257 0.98181 0.05205
vn -0.18702 0.98099 0.05188
vn -0.18465 0.98189 0.04244
vn -0.18824 0.98122 0.04213
vn -0.3343 0.94247 -0
vn -0.24104 0.97052 -0
vn -0.24108 0.97051 -0
vn -0.14866 0.98889 -0
vn -0.1487 0.98888 -0
vn -0.05176 0.99866 -0
vn -0.05178 0.99866 0
vn -0.05178 0.99866 0
vn -0.14869 0.98888 0
vn -0.1487 0.98888 0
vn -0.24109 0.9705 0
vn -0.24108 0.97051 0
vn -0.33435 0.94245 0
vn -0.3343 0.94247 0
vn -0.6695 0.74281 0
vn -0.59414 0.80436 0
vn -0.5941 0.80439 0
vn -0.51583 0.85669 0
vn -0.5158 0.85671 -0
vn -0.42998 0.90284 -0
vn -0.42999 0.90283 0
vn -0.42998 0.90284 0
vn -0.51583 0.85669 0
vn -0.51581 0.8567 -0
vn -0.59414 0.80436 -0
vn -0.59414 0.80436 -0
vn -0.6695 0.74281 -0
vn -0.66955 0.74276 0
vn -0.90285 0.42996 -0
vn -0.85674 0.51575 -0
vn -0.85674 0.51575 -0
vn -0.80437 0.59412 -0
vn -0.80439 0.5941 -0
vn -0.7427 0.66962 -0
vn -0.74276 0.66956 0
vn -0.7427 0.66962 0
vn -0.80437 0.59412 0
vn -0.80435 0.59416 0
vn -0.85674 0.51575 0
vn -0.85671 0.51579 0
vn -0.90285 0.42996 0
vn -0.90283 0.43 0
vn -0.99866 0.05178 -0
vn -0.98889 0.14866 -0
vn -0.98888 0.14868 -0
vn -0.9705 0.2411 -0
vn -0.97051 0.24107 -0
vn -0.94245 0.33433 -0
vn -0.94246 0.33433 0
vn -0.94246 0.33433 0
vn -0.9705 0.24109 0
vn -0.97051 0.24107 0
vn -0.98889 0.14865 0
vn -0.98888 0.14868 0
vn -0.99866 0.05178 0
vn -0.99866 0.05178 0
vn -0.00086 0.99955 -0.02996
vn -0.00265 0.99951 -0.03125
vn -0.00277 0.99953 -0.03065
vn -0.00709 0.99634 -0.08523
vn -0.00436 0.99951 -0.03096
vn -0.00424 0.99949 -0.03178
vn -0.01153 0.99627 -0.0855
vn -0.01136 0.99618 -0.08664
vn -0.0179 0.9904 -0.13706
vn -0.00576 0.99956 -0.02903
vn -0.00556 0.99949 -0.03132
vn -0.01576 0.99633 -0.08415
vn -0.01553 0.99611 -0.08671
vn -0.02474 0.9904 -0.13601
vn -0.02446 0.98998 -0.13907
vn -0.03285 0.98208 -0.1856
vn 0.00473 0.99865 -0.05177
vn -0.00248 0.99414 -0.1081
vn -0.00788 0.99413 -0.10794
vn 0.00258 0.98888 -0.14869
vn -0.01434 0.98688 -0.16083
vn -0.01721 0.98686 -0.16067
vn -0.00878 0.97929 -0.20226
vn -0.00979 0.97929 -0.20223
vn 0.00017 0.97051 -0.24107
vn -0.03036 0.97713 -0.21047
vn -0.03101 0.97712 -0.21042
vn -0.02451 0.96703 -0.25348
vn -0.02341 0.96704 -0.25354
vn -0.01509 0.95552 -0.29455
vn -0.0124 0.95553 -0.29462
vn -0.00226 0.94245 -0.33433
vn -0.01682 0.91813 -0.39593
vn -0.03344 0.93307 -0.35814
vn -0.02351 0.91829 -0.39522
vn -0.04198 0.88806 -0.4578
vn -0.04612 0.94733 -0.31693
vn -0.03756 0.93313 -0.35757
vn -0.05929 0.9058 -0.41953
vn -0.05098 0.88823 -0.45655
vn -0.07152 0.85465 -0.51425
vn -0.0544 0.9609 -0.27151
vn -0.04747 0.94734 -0.3167
vn -0.07278 0.92257 -0.3789
vn -0.06613 0.90587 -0.41837
vn -0.08954 0.87561 -0.47464
vn -0.08263 0.85477 -0.51239
vn -0.10542 0.81723 -0.56659
vn -0.00574 0.90282 -0.42998
vn -0.03232 0.86985 -0.49226
vn -0.01571 0.86998 -0.49283
vn -0.00786 0.85668 -0.51579
vn -0.06338 0.83382 -0.54839
vn -0.04472 0.8342 -0.54964
vn -0.03794 0.81914 -0.57234
vn -0.01776 0.81936 -0.573
vn -0.0102 0.80433 -0.59409
vn -0.09888 0.79421 -0.59955
vn -0.07807 0.79498 -0.60159
vn -0.07219 0.77781 -0.62434
vn -0.05026 0.7784 -0.62575
vn -0.04336 0.76086 -0.64747
vn -0.0202 0.76119 -0.64821
vn -0.01214 0.74272 -0.66949
vn -0.0236 0.685 -0.72816
vn -0.05814 0.70392 -0.7079
vn -0.05035 0.68576 -0.72608
vn -0.06432 0.62269 -0.77982
vn -0.0899 0.72315 -0.68482
vn -0.08264 0.70439 -0.70499
vn -0.09953 0.64378 -0.75871
vn -0.09216 0.62338 -0.77647
vn -0.10771 0.55738 -0.82324
vn -0.11898 0.74314 -0.65848
vn -0.11232 0.72336 -0.68128
vn -0.13235 0.66434 -0.73562
vn -0.12585 0.64415 -0.75447
vn -0.14422 0.58097 -0.80105
vn -0.13703 0.55781 -0.81858
vn -0.15437 0.48658 -0.85989
vn -0.01639 0.66949 -0.74264
vn -0.05712 0.60444 -0.7946
vn -0.02226 0.60467 -0.79616
vn -0.01772 0.59405 -0.80423
vn -0.10081 0.53715 -0.83744
vn -0.06486 0.53785 -0.84054
vn -0.06065 0.52654 -0.84798
vn -0.02367 0.52694 -0.84957
vn -0.01918 0.51568 -0.85657
vn -0.14797 0.4653 -0.8727
vn -0.1102 0.46678 -0.87748
vn -0.10627 0.45484 -0.88421
vn -0.06828 0.4559 -0.88741
vn -0.0638 0.44323 -0.89413
vn -0.02513 0.44381 -0.89577
vn -0.01992 0.42987 -0.90267
vn -0.02663 0.33788 -0.94081
vn -0.07267 0.35029 -0.93382
vn -0.06783 0.33825 -0.93861
vn -0.07505 0.24718 -0.96606
vn -0.11707 0.36367 -0.92414
vn -0.11204 0.35051 -0.92983
vn -0.12108 0.26088 -0.95775
vn -0.11609 0.24783 -0.96182
vn -0.12339 0.15605 -0.98001
vn -0.16034 0.37832 -0.91168
vn -0.15512 0.36373 -0.9185
vn -0.16617 0.27403 -0.94726
vn -0.16148 0.26124 -0.95167
vn -0.17063 0.17065 -0.97045
vn -0.16536 0.15662 -0.97372
vn -0.1725 0.06024 -0.98316
vn -0.0251 0.33421 -0.94216
vn -0.07303 0.24207 -0.96751
vn -0.02566 0.24192 -0.96996
vn -0.02528 0.24099 -0.9702
vn -0.1212 0.15036 -0.98117
vn -0.07402 0.15054 -0.98583
vn -0.07366 0.14963 -0.98599
vn -0.02602 0.14976 -0.98838
vn -0.02557 0.14865 -0.98856
vn -0.17036 0.05469 -0.98386
vn -0.12207 0.05577 -0.99095
vn -0.12197 0.05553 -0.99098
vn -0.07438 0.0563 -0.99564
vn -0.07371 0.0546 -0.99578
vn -0.02614 0.05501 -0.99814
vn -0.02485 0.05176 -0.99835
vn -0.21872 0.06031 -0.97392
vn -0.21603 0.17076 -0.96134
vn -0.2159 0.17102 -0.96132
vn -0.26343 0.17041 -0.94951
vn -0.21141 0.27404 -0.93819
vn -0.2115 0.27387 -0.93822
vn -0.2572 0.27351 -0.92684
vn -0.25668 0.27447 -0.9267
vn -0.30123 0.27378 -0.9134
vn -0.20263 0.37812 -0.90331
vn -0.20445 0.37493 -0.90423
vn -0.24781 0.37467 -0.89343
vn -0.24809 0.37418 -0.89355
vn -0.29113 0.3739 -0.88059
vn -0.28979 0.37613 -0.88009
vn -0.333 0.37586 -0.86478
vn -0.21905 0.0596 -0.97389
vn -0.26349 0.1703 -0.94951
vn -0.26742 0.06088 -0.96165
vn -0.26643 0.06304 -0.96179
vn -0.30096 0.27428 -0.91334
vn -0.309 0.17055 -0.93565
vn -0.30861 0.17132 -0.93563
vn -0.3126 0.06385 -0.94774
vn -0.31281 0.06338 -0.9477
vn -0.33232 0.37697 -0.86456
vn -0.34538 0.27413 -0.89753
vn -0.34536 0.27417 -0.89753
vn -0.35341 0.17145 -0.91962
vn -0.35346 0.17137 -0.91962
vn -0.35753 0.06377 -0.93172
vn -0.3589 0.0607 -0.9314
vn -0.4045 0.0607 -0.91252
vn -0.39929 0.17137 -0.90066
vn -0.39925 0.17146 -0.90067
vn -0.44338 0.17078 -0.87991
vn -0.39037 0.27417 -0.87889
vn -0.39034 0.27421 -0.87889
vn -0.43295 0.27381 -0.85883
vn -0.43227 0.27503 -0.85878
vn -0.47326 0.27431 -0.83713
vn -0.37541 0.37698 -0.84673
vn -0.377 0.37439 -0.84717
vn -0.41758 0.37424 -0.82799
vn -0.41754 0.37431 -0.82799
vn -0.45725 0.37407 -0.80684
vn -0.45547 0.37687 -0.80654
vn -0.4948 0.37662 -0.78315
vn -0.40481 0.06 -0.91243
vn -0.44351 0.17052 -0.8799
vn -0.44974 0.06128 -0.89105
vn -0.44897 0.06304 -0.89132
vn -0.47309 0.27461 -0.83712
vn -0.48535 0.17078 -0.85748
vn -0.48516 0.17116 -0.85751
vn -0.49143 0.06385 -0.86858
vn -0.49171 0.06318 -0.86846
vn -0.49414 0.37765 -0.78307
vn -0.5135 0.27448 -0.813
vn -0.51372 0.27409 -0.813
vn -0.52593 0.17128 -0.8331
vn -0.52608 0.17099 -0.83307
vn -0.53241 0.06356 -0.8441
vn -0.5337 0.06046 -0.84351
vn -0.57474 0.06045 -0.8161
vn -0.56731 0.17098 -0.80556
vn -0.56727 0.17106 -0.80557
vn -0.6071 0.17034 -0.77615
vn -0.55412 0.27409 -0.78601
vn -0.5543 0.27379 -0.786
vn -0.59242 0.27336 -0.75783
vn -0.59226 0.27366 -0.75785
vn -0.62852 0.27288 -0.72836
vn -0.53271 0.3777 -0.75734
vn -0.53482 0.3744 -0.75749
vn -0.57076 0.37426 -0.73087
vn -0.5715 0.37309 -0.73088
vn -0.60626 0.37284 -0.70245
vn -0.60562 0.37384 -0.70247
vn -0.63962 0.37354 -0.67183
vn -0.57504 0.05973 -0.81594
vn -0.60703 0.1705 -0.77617
vn -0.6153 0.06106 -0.78593
vn -0.61419 0.06383 -0.78657
vn -0.6281 0.27365 -0.72843
vn -0.64388 0.17076 -0.74583
vn -0.64316 0.1723 -0.7461
vn -0.65154 0.06467 -0.75585
vn -0.65164 0.0644 -0.75579
vn -0.63892 0.37464 -0.67188
vn -0.66305 0.2735 -0.69683
vn -0.66254 0.27443 -0.69694
vn -0.67835 0.17244 -0.71422
vn -0.67824 0.17268 -0.71427
vn -0.68674 0.0648 -0.72401
vn -0.68798 0.06147 -0.72312
vn -0.72263 0.06147 -0.6885
vn -0.71262 0.17269 -0.67996
vn -0.71328 0.17122 -0.67964
vn -0.74585 0.17055 -0.64391
vn -0.69622 0.27443 -0.6633
vn -0.69606 0.27473 -0.66334
vn -0.72766 0.27434 -0.62868
vn -0.72757 0.27452 -0.62872
vn -0.75759 0.27379 -0.59253
vn -0.67151 0.37464 -0.63931
vn -0.67189 0.37403 -0.63926
vn -0.70213 0.37391 -0.60598
vn -0.70163 0.3747 -0.60607
vn -0.7308 0.37449 -0.5707
vn -0.72935 0.3768 -0.57103
vn -0.75772 0.37654 -0.53298
vn -0.72315 0.06002 -0.68808
vn -0.7465 0.16908 -0.64355
vn -0.75632 0.06128 -0.65132
vn -0.75587 0.06258 -0.65172
vn -0.75789 0.27322 -0.59242
vn -0.77689 0.1693 -0.60645
vn -0.77651 0.17019 -0.60668
vn -0.78642 0.06339 -0.61443
vn -0.78664 0.06272 -0.61422
vn -0.75701 0.3777 -0.53318
vn -0.78671 0.27303 -0.55366
vn -0.78617 0.2741 -0.55391
vn -0.80528 0.17032 -0.56791
vn -0.80501 0.17097 -0.56809
vn -0.8151 0.06312 -0.57588
vn -0.81593 0.06045 -0.57498
vn -0.84394 0.06046 -0.53301
vn -0.83276 0.17099 -0.52656
vn -0.83315 0.17 -0.52626
vn -0.85775 0.16933 -0.48538
vn -0.81316 0.27409 -0.51346
vn -0.81318 0.27405 -0.51345
vn -0.83684 0.27365 -0.47414
vn -0.83692 0.27348 -0.4741
vn -0.85897 0.27275 -0.43334
vn -0.7828 0.37766 -0.49458
vn -0.7839 0.37583 -0.49421
vn -0.80628 0.37567 -0.45693
vn -0.80652 0.37527 -0.45683
vn -0.8277 0.37504 -0.41743
vn -0.82704 0.37617 -0.41773
vn -0.84713 0.37591 -0.37558
vn -0.84342 0.06221 -0.53363
vn -0.85742 0.1702 -0.48566
vn -0.86861 0.06348 -0.49141
vn -0.8684 0.06423 -0.49169
vn -0.85866 0.27341 -0.43353
vn -0.87988 0.17045 -0.44356
vn -0.87968 0.17101 -0.44376
vn -0.89093 0.06504 -0.44945
vn -0.89128 0.06372 -0.44895
vn -0.84652 0.37697 -0.37589
vn -0.8793 0.27325 -0.39008
vn -0.87888 0.27417 -0.39038
vn -0.90024 0.17114 -0.40035
vn -0.90016 0.17136 -0.40043
vn -0.91157 0.06411 -0.40611
vn -0.9124 0.0607 -0.40478
vn -0.93141 0.0607 -0.35888
vn -0.91914 0.17137 -0.35469
vn -0.91951 0.17028 -0.35428
vn -0.93571 0.16961 -0.30931
vn -0.89745 0.27417 -0.34555
vn -0.8974 0.27428 -0.34559
vn -0.91307 0.2739 -0.30213
vn -0.91298 0.2741 -0.3022
vn -0.92675 0.2734 -0.25765
vn -0.86436 0.37697 -0.33283
vn -0.86515 0.37555 -0.33238
vn -0.88001 0.37543 -0.29094
vn -0.87989 0.37563 -0.29101
vn -0.89313 0.37545 -0.24772
vn -0.8921 0.3774 -0.24845
vn -0.90368 0.37719 -0.20271
vn -0.9314 0.06073 -0.3589
vn -0.93591 0.16898 -0.30907
vn -0.94791 0.06196 -0.31247
vn -0.94771 0.06291 -0.31286
vn -0.92688 0.27307 -0.25753
vn -0.94979 0.16923 -0.26318
vn -0.94955 0.17004 -0.2635
vn -0.96164 0.06364 -0.26685
vn -0.9618 0.06272 -0.26646
vn -0.90321 0.37812 -0.20308
vn -0.93869 0.273 -0.21057
vn -0.93829 0.27404 -0.21099
vn -0.96134 0.17009 -0.21656
vn -0.96116 0.17075 -0.21684
vn -0.97343 0.06302 -0.22014
vn -0.97386 0.06031 -0.21898
vn -0.98316 0.06024 -0.1725
vn -0.97045 0.17065 -0.17063
vn -0.97372 0.15662 -0.16536
vn -0.98001 0.15605 -0.12339
vn -0.94726 0.27403 -0.16617
vn -0.95167 0.26125 -0.16148
vn -0.95775 0.26089 -0.12108
vn -0.96182 0.24783 -0.11609
vn -0.96606 0.24718 -0.07505
vn -0.91168 0.37832 -0.16034
vn -0.9185 0.36372 -0.15512
vn -0.92415 0.36366 -0.11707
vn -0.92983 0.35051 -0.11205
vn -0.93382 0.35029 -0.07267
vn -0.93861 0.33825 -0.06783
vn -0.94081 0.33788 -0.02663
vn -0.98388 0.05453 -0.1703
vn -0.98119 0.1503 -0.12117
vn -0.99097 0.05562 -0.12204
vn -0.99098 0.05546 -0.12198
vn -0.96751 0.24206 -0.07303
vn -0.98584 0.15048 -0.07402
vn -0.986 0.1496 -0.07367
vn -0.99564 0.05623 -0.07438
vn -0.99578 0.0546 -0.07374
vn -0.94216 0.33422 -0.02511
vn -0.96996 0.24191 -0.02566
vn -0.9702 0.24099 -0.02529
vn -0.98838 0.14973 -0.02603
vn -0.98856 0.14863 -0.02559
vn -0.99814 0.05501 -0.02616
vn -0.99835 0.05176 -0.02487
vn -0.7426 0.66953 -0.0164
vn -0.80425 0.59403 -0.01772
vn -0.79615 0.60469 -0.02228
vn -0.79458 0.60446 -0.05712
vn -0.85658 0.51566 -0.01918
vn -0.84959 0.52691 -0.02367
vn -0.848 0.52652 -0.06065
vn -0.84055 0.53784 -0.06487
vn -0.83744 0.53715 -0.10081
vn -0.90267 0.42988 -0.01992
vn -0.89577 0.44381 -0.02513
vn -0.89413 0.44324 -0.06379
vn -0.8874 0.45591 -0.06828
vn -0.88421 0.45485 -0.10627
vn -0.87748 0.46678 -0.1102
vn -0.8727 0.4653 -0.14797
vn -0.72816 0.685 -0.0236
vn -0.77983 0.62268 -0.06431
vn -0.72608 0.68576 -0.05035
vn -0.70789 0.70392 -0.05814
vn -0.82324 0.55738 -0.10771
vn -0.77648 0.62337 -0.09216
vn -0.75871 0.64378 -0.09953
vn -0.70498 0.70439 -0.08265
vn -0.68482 0.72315 -0.0899
vn -0.85989 0.48658 -0.15437
vn -0.81858 0.55781 -0.13703
vn -0.80105 0.58097 -0.14422
vn -0.75447 0.64415 -0.12585
vn -0.73562 0.66434 -0.13235
vn -0.68128 0.72336 -0.11232
vn -0.65848 0.74314 -0.11898
vn -0.65294 0.74303 -0.14688
vn -0.72929 0.66437 -0.16356
vn -0.73043 0.66324 -0.16307
vn -0.72109 0.66306 -0.20096
vn -0.79405 0.58099 -0.1787
vn -0.7949 0.57996 -0.17827
vn -0.78511 0.57964 -0.2182
vn -0.78603 0.57855 -0.21779
vn -0.77485 0.57782 -0.25638
vn -0.85254 0.48643 -0.19124
vn -0.85138 0.48817 -0.19193
vn -0.84135 0.48751 -0.23336
vn -0.84109 0.48789 -0.2335
vn -0.82943 0.48667 -0.27422
vn -0.8302 0.48556 -0.27385
vn -0.81676 0.48372 -0.31451
vn -0.65387 0.74228 -0.14653
vn -0.72091 0.66323 -0.20103
vn -0.64465 0.74297 -0.18003
vn -0.64653 0.74149 -0.17943
vn -0.77417 0.57862 -0.25665
vn -0.70973 0.66404 -0.23524
vn -0.70994 0.66384 -0.23517
vn -0.63655 0.74197 -0.21044
vn -0.63627 0.74218 -0.21052
vn -0.81592 0.48491 -0.31486
vn -0.76077 0.57926 -0.29273
vn -0.75973 0.58045 -0.29307
vn -0.69783 0.66428 -0.2679
vn -0.69736 0.66472 -0.26803
vn -0.62567 0.74246 -0.23936
vn -0.62326 0.74432 -0.23987
vn -0.6102 0.74434 -0.27131
vn -0.68285 0.66472 -0.30308
vn -0.68398 0.66367 -0.30284
vn -0.66737 0.6635 -0.33821
vn -0.7441 0.58042 -0.33079
vn -0.74479 0.57965 -0.33061
vn -0.72752 0.57924 -0.3677
vn -0.72806 0.57863 -0.36758
vn -0.70973 0.57788 -0.40292
vn -0.79951 0.4849 -0.35447
vn -0.79787 0.48716 -0.35506
vn -0.78008 0.48652 -0.39341
vn -0.77938 0.48747 -0.39363
vn -0.76024 0.48624 -0.43083
vn -0.76049 0.4859 -0.43077
vn -0.73975 0.48408 -0.46738
vn -0.61214 0.74287 -0.271
vn -0.66783 0.66307 -0.33814
vn -0.59638 0.74358 -0.30235
vn -0.59917 0.74147 -0.30203
vn -0.70924 0.57842 -0.403
vn -0.65017 0.66389 -0.36949
vn -0.65065 0.66345 -0.36944
vn -0.58318 0.74197 -0.33074
vn -0.5833 0.74188 -0.33073
vn -0.73859 0.48562 -0.46762
vn -0.68923 0.57906 -0.4355
vn -0.68796 0.58044 -0.43565
vn -0.63243 0.66388 -0.39913
vn -0.6318 0.66445 -0.39917
vn -0.56714 0.74217 -0.35712
vn -0.56464 0.74406 -0.35715
vn -0.54607 0.74412 -0.38483
vn -0.61136 0.66445 -0.42982
vn -0.61194 0.66392 -0.42981
vn -0.58895 0.66379 -0.46099
vn -0.66586 0.5804 -0.4688
vn -0.66664 0.57954 -0.46874
vn -0.64241 0.57914 -0.5019
vn -0.64319 0.5783 -0.50188
vn -0.618 0.57757 -0.53338
vn -0.71501 0.48562 -0.50294
vn -0.71397 0.48697 -0.50309
vn -0.68866 0.48633 -0.53779
vn -0.68874 0.48624 -0.53779
vn -0.66205 0.48498 -0.57139
vn -0.66324 0.48343 -0.57132
vn -0.63475 0.48156 -0.60432
vn -0.5469 0.74349 -0.38486
vn -0.58881 0.66392 -0.46099
vn -0.52577 0.74419 -0.412
vn -0.5279 0.74258 -0.41217
vn -0.61743 0.57819 -0.53336
vn -0.56536 0.66475 -0.48834
vn -0.56558 0.66454 -0.48836
vn -0.50676 0.74308 -0.43707
vn -0.50647 0.7433 -0.43703
vn -0.63409 0.48242 -0.60432
vn -0.59086 0.57885 -0.56198
vn -0.58963 0.58019 -0.56189
vn -0.54151 0.66499 -0.51435
vn -0.54084 0.66561 -0.51426
vn -0.48529 0.74356 -0.46
vn -0.48265 0.74558 -0.45951
vn -0.45869 0.74557 -0.48346
vn -0.51431 0.66561 -0.54078
vn -0.51502 0.66495 -0.54091
vn -0.48636 0.66478 -0.56703
vn -0.56107 0.58018 -0.59042
vn -0.56166 0.57954 -0.59049
vn -0.53184 0.57915 -0.61784
vn -0.53164 0.57937 -0.61781
vn -0.5009 0.57862 -0.64365
vn -0.60399 0.48242 -0.6344
vn -0.60238 0.48453 -0.63433
vn -0.57177 0.48393 -0.66249
vn -0.57054 0.48554 -0.66237
vn -0.53848 0.48433 -0.68954
vn -0.5376 0.48548 -0.68942
vn -0.50357 0.48362 -0.71591
vn -0.46073 0.74399 -0.48394
vn -0.48675 0.66441 -0.56712
vn -0.43445 0.74467 -0.50667
vn -0.4381 0.74182 -0.50771
vn -0.50017 0.57945 -0.64349
vn -0.45818 0.66524 -0.58952
vn -0.45969 0.66381 -0.58995
vn -0.41213 0.7423 -0.52833
vn -0.41264 0.7419 -0.5285
vn -0.50206 0.48563 -0.71562
vn -0.4684 0.5801 -0.6664
vn -0.46813 0.58041 -0.66632
vn -0.43065 0.66427 -0.61097
vn -0.43048 0.66444 -0.61091
vn -0.38689 0.74214 -0.5473
vn -0.38446 0.74412 -0.54633
vn -0.35656 0.74405 -0.56502
vn -0.39968 0.66445 -0.63147
vn -0.40013 0.66402 -0.63165
vn -0.36745 0.66382 -0.65141
vn -0.43495 0.58043 -0.68841
vn -0.43596 0.57927 -0.68875
vn -0.40164 0.57892 -0.7096
vn -0.40175 0.57879 -0.70965
vn -0.36668 0.57805 -0.72897
vn -0.46692 0.48561 -0.73903
vn -0.46648 0.4862 -0.73892
vn -0.431 0.48561 -0.76054
vn -0.43071 0.48601 -0.76045
vn -0.39384 0.48482 -0.78092
vn -0.39373 0.48497 -0.78088
vn -0.35487 0.48311 -0.80042
vn -0.35774 0.74308 -0.56556
vn -0.36725 0.66401 -0.65132
vn -0.32808 0.74375 -0.5824
vn -0.3311 0.7412 -0.58395
vn -0.36575 0.57916 -0.72856
vn -0.33517 0.66484 -0.66757
vn -0.33628 0.66371 -0.66814
vn -0.30189 0.74169 -0.59896
vn -0.30193 0.74166 -0.59898
vn -0.35359 0.48491 -0.7999
vn -0.33012 0.57982 -0.74487
vn -0.32962 0.58043 -0.74461
vn -0.3037 0.66417 -0.68312
vn -0.30317 0.66472 -0.68281
vn -0.27303 0.74192 -0.61238
vn -0.27033 0.74435 -0.61062
vn -0.23885 0.7443 -0.62367
vn -0.2683 0.66472 -0.69725
vn -0.2684 0.66461 -0.69732
vn -0.2325 0.66439 -0.7103
vn -0.29217 0.58044 -0.76008
vn -0.2926 0.5799 -0.76033
vn -0.255 0.57952 -0.77404
vn -0.25468 0.57993 -0.77384
vn -0.2167 0.57917 -0.78588
vn -0.31427 0.48491 -0.81615
vn -0.3132 0.48645 -0.81564
vn -0.27436 0.48586 -0.82986
vn -0.27355 0.48703 -0.82944
vn -0.23361 0.48584 -0.84225
vn -0.23307 0.48666 -0.84193
vn -0.19143 0.48481 -0.85341
vn -0.24048 0.74279 -0.62485
vn -0.23287 0.66399 -0.71056
vn -0.20795 0.74349 -0.6356
vn -0.21112 0.74043 -0.63811
vn -0.21627 0.57975 -0.78557
vn -0.19826 0.6648 -0.72023
vn -0.1994 0.66348 -0.72113
vn -0.1793 0.74094 -0.64719
vn -0.17971 0.74053 -0.64755
vn -0.19039 0.48644 -0.85272
vn -0.17822 0.58042 -0.79458
vn -0.17779 0.581 -0.79425
vn -0.1645 0.66388 -0.72952
vn -0.1641 0.66436 -0.72917
vn -0.14844 0.74082 -0.65509
vn -0.14635 0.74304 -0.65305
vn -0.42998 0.90282 -0.00574
vn -0.51581 0.85666 -0.00786
vn -0.49284 0.86998 -0.01571
vn -0.49226 0.86985 -0.03232
vn -0.59411 0.80432 -0.01019
vn -0.57301 0.81936 -0.01775
vn -0.57235 0.81913 -0.03793
vn -0.54964 0.8342 -0.04471
vn -0.54839 0.83382 -0.06338
vn -0.66945 0.74276 -0.01213
vn -0.6482 0.7612 -0.02018
vn -0.64746 0.76087 -0.04336
vn -0.62575 0.7784 -0.05026
vn -0.62433 0.77781 -0.07218
vn -0.60159 0.79498 -0.07806
vn -0.59955 0.79421 -0.09888
vn -0.39593 0.91813 -0.01682
vn -0.4578 0.88806 -0.04198
vn -0.39522 0.91829 -0.02351
vn -0.35814 0.93307 -0.03344
vn -0.51425 0.85465 -0.07152
vn -0.45655 0.88823 -0.05098
vn -0.41953 0.9058 -0.05929
vn -0.35757 0.93313 -0.03756
vn -0.31693 0.94733 -0.04612
vn -0.56659 0.81723 -0.10542
vn -0.51239 0.85477 -0.08263
vn -0.47464 0.87561 -0.08954
vn -0.41837 0.90587 -0.06613
vn -0.3789 0.92257 -0.07278
vn -0.3167 0.94734 -0.04747
vn -0.27151 0.9609 -0.0544
vn -0.27016 0.96087 -0.06108
vn -0.37672 0.92255 -0.08357
vn -0.37778 0.92215 -0.08324
vn -0.37244 0.92205 -0.10541
vn -0.47143 0.87557 -0.10552
vn -0.47338 0.87459 -0.1049
vn -0.46737 0.87439 -0.13039
vn -0.4677 0.87423 -0.1303
vn -0.46121 0.87382 -0.15406
vn -0.56252 0.81712 -0.12606
vn -0.56226 0.81728 -0.12615
vn -0.55579 0.81689 -0.15425
vn -0.55518 0.81727 -0.15442
vn -0.54806 0.81655 -0.18133
vn -0.54715 0.81711 -0.18154
vn -0.53936 0.81609 -0.20758
vn -0.27137 0.96056 -0.06073
vn -0.3715 0.9224 -0.10564
vn -0.26667 0.96075 -0.07642
vn -0.27139 0.95952 -0.07528
vn -0.45895 0.87492 -0.15453
vn -0.36546 0.92266 -0.12304
vn -0.36772 0.92182 -0.12259
vn -0.26694 0.95964 -0.08848
vn -0.26718 0.95958 -0.08844
vn -0.53624 0.818 -0.20814
vn -0.45144 0.87516 -0.17407
vn -0.45077 0.87548 -0.17418
vn -0.36182 0.92196 -0.13812
vn -0.36108 0.92223 -0.13823
vn -0.26318 0.95964 -0.09912
vn -0.25886 0.96076 -0.09971
vn -0.25357 0.96075 -0.11251
vn -0.35406 0.92225 -0.15523
vn -0.3549 0.92194 -0.15515
vn -0.34536 0.92184 -0.1759
vn -0.4421 0.87549 -0.1951
vn -0.44447 0.87435 -0.19484
vn -0.43353 0.87415 -0.21889
vn -0.43395 0.87395 -0.21887
vn -0.42286 0.87353 -0.24112
vn -0.52596 0.81801 -0.23285
vn -0.5266 0.81763 -0.23277
vn -0.51455 0.81729 -0.25937
vn -0.51456 0.81728 -0.25937
vn -0.50212 0.81659 -0.28471
vn -0.50157 0.81692 -0.28472
vn -0.48865 0.81589 -0.30909
vn -0.25405 0.96063 -0.11246
vn -0.34343 0.92254 -0.17598
vn -0.24644 0.96082 -0.12688
vn -0.25146 0.95954 -0.12667
vn -0.41979 0.875 -0.24115
vn -0.3341 0.9228 -0.1919
vn -0.33661 0.92188 -0.1919
vn -0.2445 0.95966 -0.13882
vn -0.24487 0.95957 -0.13882
vn -0.48523 0.81795 -0.30903
vn -0.40853 0.87525 -0.25893
vn -0.40794 0.87553 -0.25891
vn -0.32769 0.92202 -0.20614
vn -0.32703 0.92227 -0.20611
vn -0.23877 0.95962 -0.1487
vn -0.23448 0.96072 -0.14844
vn -0.22678 0.96071 -0.16003
vn -0.31682 0.92228 -0.22143
vn -0.31745 0.92204 -0.22149
vn -0.30417 0.92193 -0.23986
vn -0.3954 0.87554 -0.27765
vn -0.39756 0.8745 -0.27784
vn -0.38229 0.8743 -0.2991
vn -0.3823 0.87429 -0.2991
vn -0.36714 0.87386 -0.31872
vn -0.47043 0.81799 -0.33104
vn -0.47087 0.81772 -0.33108
vn -0.45406 0.81741 -0.35451
vn -0.45367 0.81764 -0.35447
vn -0.43662 0.81695 -0.37676
vn -0.43543 0.81768 -0.37657
vn -0.41801 0.81663 -0.39797
vn -0.22737 0.96056 -0.16009
vn -0.30234 0.9226 -0.23959
vn -0.21707 0.96075 -0.17274
vn -0.22234 0.9594 -0.17356
vn -0.36416 0.87531 -0.31816
vn -0.29002 0.92285 -0.25345
vn -0.29303 0.92173 -0.25405
vn -0.2131 0.95952 -0.18413
vn -0.21355 0.95941 -0.18422
vn -0.41468 0.81868 -0.39725
vn -0.34953 0.87554 -0.33356
vn -0.34966 0.87547 -0.33359
vn -0.28139 0.92188 -0.2664
vn -0.28101 0.92202 -0.2663
vn -0.20557 0.95947 -0.19275
vn -0.20128 0.96061 -0.19162
vn -0.19169 0.96061 -0.20121
vn -0.26827 0.92204 -0.27906
vn -0.26847 0.92196 -0.27912
vn -0.25204 0.92187 -0.29433
vn -0.33394 0.87548 -0.34931
vn -0.33629 0.8743 -0.35
vn -0.31724 0.87411 -0.36781
vn -0.31726 0.8741 -0.36782
vn -0.29844 0.87368 -0.3842
vn -0.39598 0.81866 -0.41593
vn -0.39741 0.81777 -0.41632
vn -0.37633 0.81742 -0.43612
vn -0.37665 0.81722 -0.43622
vn -0.35529 0.81651 -0.45506
vn -0.35455 0.81699 -0.45478
vn -0.33273 0.81592 -0.47283
vn -0.19149 0.96066 -0.20115
vn -0.24957 0.92283 -0.29343
vn -0.17908 0.96085 -0.2114
vn -0.1839 0.95955 -0.21317
vn -0.29511 0.8754 -0.38287
vn -0.23477 0.92308 -0.30466
vn -0.23749 0.922 -0.30579
vn -0.17278 0.95968 -0.22171
vn -0.17321 0.95956 -0.22189
vn -0.32955 0.818 -0.47145
vn -0.27749 0.8756 -0.39537
vn -0.27761 0.87554 -0.39543
vn -0.22346 0.92215 -0.31576
vn -0.22319 0.92226 -0.31564
vn -0.16356 0.95964 -0.22879
vn -0.15979 0.96071 -0.22694
vn -0.14823 0.96072 -0.23462
vn -0.20796 0.92228 -0.3258
vn -0.20829 0.92215 -0.32598
vn -0.18927 0.92206 -0.33761
vn -0.25897 0.87553 -0.4079
vn -0.26104 0.87441 -0.40898
vn -0.23917 0.87422 -0.42254
vn -0.23896 0.87433 -0.42242
vn -0.21741 0.87392 -0.43473
vn -0.30755 0.81793 -0.48621
vn -0.3086 0.81722 -0.48674
vn -0.28453 0.81684 -0.50181
vn -0.28444 0.8169 -0.50176
vn -0.26007 0.81619 -0.51595
vn -0.25888 0.81703 -0.51521
vn -0.23402 0.81597 -0.52861
vn -0.14868 0.96059 -0.23486
vn -0.18773 0.92272 -0.33668
vn -0.13457 0.96078 -0.24246
vn -0.13898 0.95947 -0.24516
vn -0.21492 0.87534 -0.43311
vn -0.17107 0.92297 -0.34477
vn -0.17352 0.9219 -0.34641
vn -0.12645 0.9596 -0.25136
vn -0.12672 0.95952 -0.25154
vn -0.23122 0.81803 -0.52666
vn -0.19513 0.87556 -0.44195
vn -0.19525 0.87549 -0.44204
vn -0.1578 0.92204 -0.35347
vn -0.15738 0.92223 -0.35316
vn -0.11591 0.95959 -0.25643
vn -0.11229 0.96075 -0.25366
vn -0.09961 0.96076 -0.2589
vn -0.1406 0.92225 -0.36011
vn -0.14088 0.92212 -0.36035
vn -0.12004 0.92203 -0.36803
vn -0.17456 0.87548 -0.45062
vn -0.1766 0.87423 -0.45225
vn -0.15248 0.87404 -0.4613
vn -0.15249 0.87404 -0.46131
vn -0.12884 0.87363 -0.46922
vn -0.20662 0.81798 -0.53686
vn -0.20801 0.81691 -0.53795
vn -0.18133 0.81655 -0.54805
vn -0.18167 0.81628 -0.54834
vn -0.15474 0.81559 -0.55756
vn -0.1541 0.81611 -0.55697
vn -0.1267 0.81506 -0.56535
vn -0.09978 0.9607 -0.25904
vn -0.11848 0.9228 -0.36661
vn -0.08469 0.96088 -0.26368
vn -0.08841 0.95961 -0.2671
vn -0.12657 0.87515 -0.467
vn -0.10072 0.92305 -0.37125
vn -0.10256 0.92211 -0.37309
vn -0.07496 0.95973 -0.27074
vn -0.07516 0.95966 -0.27094
vn -0.12431 0.81714 -0.56287
vn -0.10539 0.8754 -0.47177
vn -0.10514 0.87557 -0.47151
vn -0.08571 0.92225 -0.37698
vn -0.08518 0.92254 -0.37639
vn -0.06349 0.95972 -0.27368
vn -0.06049 0.96088 -0.27028
vn -0.05178 0.99865 0.00473
vn -0.1487 0.98888 0.00258
vn -0.10795 0.99413 -0.00787
vn -0.10811 0.99414 -0.00248
vn -0.24108 0.97051 0.00018
vn -0.20224 0.97929 -0.00978
vn -0.20226 0.97929 -0.00878
vn -0.16068 0.98686 -0.01721
vn -0.16084 0.98688 -0.01433
vn -0.3343 0.94246 -0.00226
vn -0.29461 0.95554 -0.01239
vn -0.29454 0.95552 -0.01509
vn -0.25353 0.96704 -0.02341
vn -0.25348 0.96703 -0.0245
vn -0.21042 0.97712 -0.03101
vn -0.21047 0.97713 -0.03036
vn -0.02996 0.99955 -0.00086
vn -0.08522 0.99634 -0.00709
vn -0.03064 0.99953 -0.00277
vn -0.03125 0.99951 -0.00265
vn -0.13706 0.9904 -0.0179
vn -0.08663 0.99618 -0.01136
vn -0.08549 0.99627 -0.01153
vn -0.03178 0.99949 -0.00424
vn -0.03096 0.99951 -0.00436
vn -0.1856 0.98208 -0.03285
vn -0.13907 0.98998 -0.02446
vn -0.13601 0.9904 -0.02474
vn -0.0867 0.99611 -0.01553
vn -0.08415 0.99633 -0.01576
vn -0.03132 0.99949 -0.00556
vn -0.02903 0.99956 -0.00576
vn -0.02942 0.99954 -0.00729
vn -0.08526 0.99616 -0.02002
vn -0.08284 0.99636 -0.02021
vn -0.08392 0.99616 -0.02497
vn -0.13787 0.98994 -0.03162
vn -0.1351 0.99032 -0.03185
vn -0.13681 0.98983 -0.03905
vn -0.13297 0.99035 -0.03917
vn -0.13434 0.98987 -0.04591
vn -0.18824 0.98122 -0.04213
vn -0.18464 0.98189 -0.04244
vn -0.18701 0.98099 -0.05188
vn -0.18256 0.98182 -0.05205
vn -0.18453 0.98093 -0.06108
vn -0.17917 0.98192 -0.06102
vn -0.18074 0.98106 -0.06962
vn -0.02847 0.99957 -0.00736
vn -0.0808 0.99642 -0.02506
vn -0.02951 0.99952 -0.0094
vn -0.02946 0.99952 -0.0094
vn -0.12929 0.99055 -0.04583
vn -0.08295 0.99612 -0.02951
vn -0.0803 0.99634 -0.02944
vn -0.03024 0.99948 -0.01107
vn -0.0289 0.99952 -0.01102
vn -0.17389 0.98233 -0.06922
vn -0.13237 0.9898 -0.05262
vn -0.12701 0.99052 -0.05225
vn -0.0821 0.99606 -0.03358
vn -0.0782 0.99638 -0.03327
vn -0.0294 0.99949 -0.01221
vn -0.02681 0.99957 -0.01198
vn -0.02739 0.99953 -0.01355
vn -0.07988 0.99609 -0.03765
vn -0.07575 0.99643 -0.03733
vn -0.07741 0.9961 -0.04223
vn -0.12986 0.98976 -0.05931
vn -0.12461 0.99045 -0.05895
vn -0.12728 0.98964 -0.0664
vn -0.121 0.99048 -0.06566
vn -0.12319 0.98972 -0.07261
vn -0.17794 0.98088 -0.07877
vn -0.17134 0.98209 -0.07838
vn -0.17505 0.9806 -0.08818
vn -0.16757 0.98198 -0.08739
vn -0.17072 0.98055 -0.09678
vn -0.16235 0.9821 -0.09548
vn -0.16495 0.98076 -0.10442
vn -0.02597 0.99957 -0.01343
vn -0.07317 0.99645 -0.04169
vn -0.02713 0.99951 -0.01576
vn -0.02655 0.99952 -0.01568
vn -0.11634 0.99064 -0.07146
vn -0.07546 0.99606 -0.04652
vn -0.07174 0.99637 -0.04584
vn -0.02736 0.99947 -0.01748
vn -0.02568 0.99952 -0.01715
vn -0.1557 0.98247 -0.10253
vn -0.1196 0.9897 -0.07874
vn -0.11278 0.99061 -0.07724
vn -0.07357 0.99603 -0.0502
vn -0.06886 0.99642 -0.04908
vn -0.02614 0.99949 -0.0183
vn -0.02344 0.99957 -0.01762
vn -0.024 0.99953 -0.01929
vn -0.07054 0.99606 -0.05373
vn -0.06558 0.99646 -0.05266
vn -0.06717 0.99607 -0.05772
vn -0.11569 0.98967 -0.08469
vn -0.10904 0.99054 -0.08336
vn -0.11166 0.98957 -0.09102
vn -0.10419 0.99055 -0.08917
vn -0.10626 0.98967 -0.0962
vn -0.15993 0.98068 -0.11261
vn -0.15147 0.9822 -0.11105
vn -0.1552 0.98043 -0.12115
vn -0.14602 0.9821 -0.11902
vn -0.1491 0.98042 -0.12863
vn -0.13925 0.98223 -0.12586
vn -0.14174 0.98066 -0.13493
vn -0.02237 0.99957 -0.01891
vn -0.06253 0.99644 -0.05649
vn -0.0234 0.99949 -0.0215
vn -0.02243 0.99952 -0.02122
vn -0.09877 0.99066 -0.09397
vn -0.06442 0.99603 -0.06149
vn -0.06011 0.99638 -0.06011
vn -0.02306 0.99947 -0.02306
vn -0.02122 0.99952 -0.02243
vn -0.13156 0.98254 -0.13156
vn -0.1014 0.98967 -0.1014
vn -0.09397 0.99066 -0.09877
vn -0.06149 0.99603 -0.06442
vn -0.05649 0.99644 -0.06254
vn -0.0215 0.99949 -0.0234
vn -0.01891 0.99957 -0.02237
vn -0.01929 0.99953 -0.024
vn -0.05772 0.99607 -0.06717
vn -0.05266 0.99646 -0.06558
vn -0.05373 0.99606 -0.07054
vn -0.0962 0.98967 -0.10626
vn -0.08917 0.99055 -0.10419
vn -0.09102 0.98957 -0.11166
vn -0.08336 0.99054 -0.10904
vn -0.08469 0.98967 -0.11569
vn -0.13493 0.98067 -0.14174
vn -0.12586 0.98223 -0.13925
vn -0.12863 0.98042 -0.1491
vn -0.11902 0.9821 -0.14602
vn -0.12115 0.98043 -0.1552
vn -0.11105 0.9822 -0.15147
vn -0.11261 0.98068 -0.15993
vn -0.01762 0.99957 -0.02344
vn -0.04908 0.99642 -0.06885
vn -0.0183 0.99949 -0.02613
vn -0.01714 0.99952 -0.02568
vn -0.07723 0.99061 -0.11278
vn -0.05019 0.99603 -0.07357
vn -0.04584 0.99637 -0.07174
vn -0.01748 0.99947 -0.02736
vn -0.01568 0.99952 -0.02655
vn -0.10253 0.98247 -0.1557
vn -0.07874 0.9897 -0.11959
vn -0.07146 0.99064 -0.11633
vn -0.04651 0.99606 -0.07545
vn -0.04168 0.99645 -0.07316
vn -0.01576 0.99951 -0.02713
vn -0.01343 0.99957 -0.02596
vn -0.01355 0.99953 -0.02739
vn -0.04223 0.9961 -0.07741
vn -0.03733 0.99643 -0.07575
vn -0.03765 0.99609 -0.07988
vn -0.07261 0.98972 -0.12319
vn -0.06566 0.99048 -0.121
vn -0.0664 0.98964 -0.12728
vn -0.05895 0.99045 -0.12461
vn -0.05931 0.98976 -0.12986
vn -0.10442 0.98076 -0.16495
vn -0.09548 0.9821 -0.16235
vn -0.09678 0.98055 -0.17072
vn -0.08739 0.98198 -0.16757
vn -0.08818 0.9806 -0.17505
vn -0.07838 0.98209 -0.17134
vn -0.07877 0.98088 -0.17794
vn -0.01198 0.99957 -0.02681
vn -0.03327 0.99638 -0.0782
vn -0.01221 0.99949 -0.0294
vn -0.01102 0.99952 -0.02891
vn -0.05225 0.99052 -0.12701
vn -0.03358 0.99606 -0.0821
vn -0.02944 0.99634 -0.0803
vn -0.01107 0.99948 -0.03024
vn -0.0094 0.99952 -0.02947
vn -0.06922 0.98233 -0.17389
vn -0.05263 0.9898 -0.13238
vn -0.04583 0.99055 -0.1293
vn -0.02951 0.99612 -0.08294
vn -0.02506 0.99642 -0.0808
vn -0.0094 0.99952 -0.02951
vn -0.00736 0.99957 -0.02847
vn -0.00729 0.99954 -0.02942
vn -0.02497 0.99616 -0.08392
vn -0.02021 0.99636 -0.08284
vn -0.02002 0.99616 -0.08526
vn -0.04591 0.98987 -0.13434
vn -0.03917 0.99035 -0.13297
vn -0.03905 0.98983 -0.13681
vn -0.03185 0.99032 -0.13509
vn -0.03162 0.98994 -0.13787
vn -0.06962 0.98106 -0.18074
vn -0.06103 0.98192 -0.17917
vn -0.06108 0.98093 -0.18453
vn -0.05205 0.98181 -0.18257
vn -0.05188 0.98099 -0.18702
vn -0.04244 0.98189 -0.18465
vn -0.04213 0.98122 -0.18824
vn 0 0.94246 -0.33433
vn 0 0.97051 -0.24106
vn 0 0.97051 -0.24107
vn 0 0.98889 -0.14867
vn 0 0.98888 -0.14869
vn 0 0.99866 -0.05176
vn 0 0.99866 -0.05177
vn -0 0.99866 -0.05177
vn -0 0.98888 -0.14868
vn -0 0.98888 -0.14869
vn -0 0.9705 -0.24108
vn -0 0.97051 -0.24107
vn -0 0.94245 -0.33435
vn 0 0.94246 -0.33433
vn -0 0.74277 -0.66954
vn -0 0.80437 -0.59412
vn -0 0.80438 -0.59412
vn -0 0.85671 -0.5158
vn 0 0.85671 -0.5158
vn 0 0.90283 -0.42999
vn 0 0.90283 -0.42999
vn -0 0.90283 -0.42999
vn -0 0.85671 -0.5158
vn 0 0.85671 -0.5158
vn 0 0.80437 -0.59412
vn 0 0.80438 -0.59412
vn 0 0.74277 -0.66954
vn 0 0.74276 -0.66955
vn 0 0.42996 -0.90285
vn 0 0.51578 -0.85672
vn 0 0.51576 -0.85673
vn 0 0.59414 -0.80436
vn 0 0.59412 -0.80438
vn 0 0.66958 -0.74274
vn 0 0.66956 -0.74276
vn -0 0.66958 -0.74274
vn -0 0.59414 -0.80436
vn -0 0.59415 -0.80436
vn -0 0.51578 -0.85672
vn -0 0.51579 -0.85671
vn -0 0.42996 -0.90285
vn 0 0.43 -0.90283
vn 0 0.05178 -0.99866
vn 0 0.14866 -0.98889
vn 0 0.1487 -0.98888
vn 0 0.24111 -0.9705
vn 0 0.24107 -0.97051
vn 0 0.33434 -0.94245
vn 0 0.33431 -0.94246
vn -0 0.33431 -0.94246
vn -0 0.24107 -0.97051
vn -0 0.24107 -0.97051
vn -0 0.14864 -0.98889
vn -0 0.1487 -0.98888
vn -0 0.05178 -0.99866
vn 0 0.05178 -0.99866
vn 0.02996 0.99955 -0.00086
vn 0.03125 0.99951 -0.00265
vn 0.03064 0.99953 -0.00277
vn 0.08522 0.99634 -0.00709
vn 0.03096 0.99951 -0.00436
vn 0.03178 0.99949 -0.00424
vn 0.0855 0.99627 -0.01153
vn 0.08663 0.99618 -0.01136
vn 0.13706 0.9904 -0.0179
vn 0.02903 0.99956 -0.00576
vn 0.03132 0.99949 -0.00556
vn 0.08415 0.99633 -0.01576
vn 0.0867 0.99611 -0.01553
vn 0.13601 0.9904 -0.02474
vn 0.13906 0.98998 -0.02445
vn 0.1856 0.98208 -0.03285
vn 0.05178 0.99865 0.00473
vn 0.10811 0.99414 -0.00248
vn 0.10795 0.99413 -0.00787
vn 0.1487 0.98888 0.00258
vn 0.16083 0.98688 -0.01433
vn 0.16068 0.98686 -0.01721
vn 0.20226 0.97929 -0.00878
vn 0.20224 0.97929 -0.00978
vn 0.24108 0.97051 0.00017
vn 0.21047 0.97713 -0.03036
vn 0.21042 0.97712 -0.03101
vn 0.25348 0.96703 -0.02451
vn 0.25354 0.96704 -0.02341
vn 0.29454 0.95552 -0.01509
vn 0.29461 0.95554 -0.01239
vn 0.3343 0.94246 -0.00226
vn 0.39593 0.91813 -0.01682
vn 0.35814 0.93307 -0.03344
vn 0.39522 0.91829 -0.02351
vn 0.4578 0.88806 -0.04198
vn 0.31693 0.94733 -0.04612
vn 0.35757 0.93313 -0.03756
vn 0.41953 0.9058 -0.05929
vn 0.45655 0.88823 -0.05098
vn 0.51425 0.85465 -0.07152
vn 0.27151 0.9609 -0.0544
vn 0.3167 0.94734 -0.04747
vn 0.3789 0.92257 -0.07278
vn 0.41837 0.90587 -0.06613
vn 0.47464 0.87561 -0.08954
vn 0.51239 0.85477 -0.08263
vn 0.56659 0.81723 -0.10542
vn 0.42998 0.90282 -0.00574
vn 0.49226 0.86985 -0.03232
vn 0.49284 0.86998 -0.01571
vn 0.51581 0.85666 -0.00786
vn 0.5484 0.83381 -0.06338
vn 0.54965 0.8342 -0.04472
vn 0.57235 0.81913 -0.03794
vn 0.57301 0.81935 -0.01775
vn 0.59411 0.80432 -0.01019
vn 0.59955 0.79421 -0.09888
vn 0.60159 0.79498 -0.07806
vn 0.62433 0.77782 -0.07218
vn 0.62574 0.77841 -0.05026
vn 0.64745 0.76087 -0.04336
vn 0.6482 0.76121 -0.02018
vn 0.66945 0.74276 -0.01213
vn 0.72816 0.685 -0.0236
vn 0.7079 0.70392 -0.05814
vn 0.72608 0.68576 -0.05035
vn 0.77982 0.62269 -0.06432
vn 0.68482 0.72315 -0.0899
vn 0.70499 0.70439 -0.08264
vn 0.75871 0.64378 -0.09953
vn 0.77647 0.62338 -0.09216
vn 0.82324 0.55738 -0.10771
vn 0.65848 0.74314 -0.11898
vn 0.68128 0.72336 -0.11232
vn 0.73562 0.66434 -0.13235
vn 0.75447 0.64415 -0.12585
vn 0.80105 0.58097 -0.14422
vn 0.81858 0.55781 -0.13703
vn 0.85989 0.48658 -0.15437
vn 0.7426 0.66953 -0.0164
vn 0.79458 0.60447 -0.05713
vn 0.79615 0.60469 -0.02228
vn 0.80425 0.59403 -0.01772
vn 0.83743 0.53716 -0.10081
vn 0.84054 0.53785 -0.06487
vn 0.848 0.52652 -0.06065
vn 0.84959 0.52691 -0.02367
vn 0.85658 0.51566 -0.01918
vn 0.8727 0.4653 -0.14797
vn 0.87748 0.46678 -0.11021
vn 0.88421 0.45484 -0.10627
vn 0.88741 0.4559 -0.06827
vn 0.89413 0.44324 -0.06379
vn 0.89577 0.44381 -0.02513
vn 0.90267 0.42988 -0.01992
vn 0.94081 0.33788 -0.02663
vn 0.93382 0.35029 -0.07267
vn 0.93861 0.33825 -0.06783
vn 0.96606 0.24718 -0.07505
vn 0.92414 0.36367 -0.11707
vn 0.92983 0.35051 -0.11204
vn 0.95775 0.26088 -0.12108
vn 0.96182 0.24783 -0.11609
vn 0.98001 0.15605 -0.12339
vn 0.91168 0.37832 -0.16034
vn 0.9185 0.36373 -0.15512
vn 0.94726 0.27403 -0.16617
vn 0.95167 0.26124 -0.16148
vn 0.97045 0.17065 -0.17063
vn 0.97372 0.15662 -0.16536
vn 0.98316 0.06024 -0.1725
vn 0.94216 0.33422 -0.02511
vn 0.96751 0.24206 -0.07303
vn 0.96996 0.24191 -0.02566
vn 0.9702 0.24099 -0.02529
vn 0.98119 0.1503 -0.12117
vn 0.98584 0.15048 -0.07402
vn 0.986 0.1496 -0.07367
vn 0.98838 0.14973 -0.02603
vn 0.98856 0.14863 -0.02559
vn 0.98388 0.05453 -0.1703
vn 0.99097 0.05562 -0.12204
vn 0.99098 0.05546 -0.12198
vn 0.99564 0.05623 -0.07438
vn 0.99578 0.0546 -0.07374
vn 0.99814 0.05501 -0.02616
vn 0.99835 0.05176 -0.02487
vn 0.97392 0.06031 -0.21872
vn 0.96134 0.17076 -0.21603
vn 0.96132 0.17102 -0.2159
vn 0.94951 0.17041 -0.26343
vn 0.93819 0.27404 -0.21141
vn 0.93822 0.27387 -0.2115
vn 0.92684 0.27351 -0.2572
vn 0.9267 0.27447 -0.25668
vn 0.9134 0.27378 -0.30123
vn 0.90331 0.37812 -0.20263
vn 0.90423 0.37493 -0.20445
vn 0.89343 0.37467 -0.24781
vn 0.89355 0.37418 -0.24809
vn 0.88059 0.3739 -0.29113
vn 0.88009 0.37613 -0.28979
vn 0.86478 0.37586 -0.333
vn 0.9739 0.05972 -0.21899
vn 0.94951 0.17037 -0.26346
vn 0.96166 0.06101 -0.26739
vn 0.96178 0.06304 -0.26645
vn 0.91334 0.2743 -0.30095
vn 0.93564 0.17062 -0.30898
vn 0.93563 0.17131 -0.30863
vn 0.94773 0.06386 -0.31262
vn 0.94769 0.06336 -0.31285
vn 0.86456 0.37697 -0.33232
vn 0.89752 0.27416 -0.34538
vn 0.89752 0.27417 -0.34538
vn 0.91962 0.17144 -0.35342
vn 0.91962 0.17137 -0.35346
vn 0.93172 0.06375 -0.35754
vn 0.9314 0.0607 -0.3589
vn 0.91252 0.0607 -0.4045
vn 0.90066 0.17137 -0.39929
vn 0.90067 0.17146 -0.39925
vn 0.87991 0.17078 -0.44338
vn 0.87889 0.27417 -0.39037
vn 0.87889 0.27421 -0.39034
vn 0.85883 0.27381 -0.43295
vn 0.85878 0.27503 -0.43227
vn 0.83713 0.27431 -0.47326
vn 0.84673 0.37698 -0.37541
vn 0.84717 0.37439 -0.377
vn 0.82799 0.37424 -0.41758
vn 0.82799 0.37431 -0.41754
vn 0.80684 0.37407 -0.45725
vn 0.80654 0.37687 -0.45547
vn 0.78315 0.37662 -0.4948
vn 0.91243 0.06003 -0.4048
vn 0.8799 0.17054 -0.4435
vn 0.89106 0.06131 -0.44973
vn 0.89132 0.06304 -0.44897
vn 0.83712 0.27461 -0.47309
vn 0.85748 0.17079 -0.48535
vn 0.8575 0.17115 -0.48517
vn 0.86857 0.06384 -0.49144
vn 0.86846 0.06317 -0.49172
vn 0.78307 0.37765 -0.49414
vn 0.813 0.27448 -0.5135
vn 0.813 0.27409 -0.51372
vn 0.8331 0.17127 -0.52593
vn 0.83307 0.17099 -0.52607
vn 0.8441 0.06355 -0.5324
vn 0.84351 0.06046 -0.53369
vn 0.8161 0.06045 -0.57474
vn 0.80556 0.17098 -0.56731
vn 0.80557 0.17106 -0.56727
vn 0.77615 0.17034 -0.6071
vn 0.78601 0.27409 -0.55412
vn 0.786 0.27379 -0.5543
vn 0.75783 0.27336 -0.59242
vn 0.75785 0.27366 -0.59226
vn 0.72836 0.27288 -0.62852
vn 0.75734 0.3777 -0.53271
vn 0.75749 0.3744 -0.53482
vn 0.73087 0.37426 -0.57076
vn 0.73088 0.37309 -0.5715
vn 0.70245 0.37284 -0.60626
vn 0.70247 0.37384 -0.60562
vn 0.67183 0.37354 -0.63962
vn 0.81596 0.05981 -0.575
vn 0.77618 0.17055 -0.607
vn 0.78594 0.06114 -0.61528
vn 0.78658 0.0639 -0.61417
vn 0.72843 0.27369 -0.62807
vn 0.74584 0.17082 -0.64386
vn 0.7461 0.17234 -0.64315
vn 0.75586 0.06474 -0.65153
vn 0.75578 0.06445 -0.65164
vn 0.67188 0.37464 -0.63892
vn 0.69682 0.27354 -0.66304
vn 0.69693 0.27443 -0.66256
vn 0.7142 0.17247 -0.67836
vn 0.71424 0.17268 -0.67826
vn 0.72399 0.06485 -0.68676
vn 0.72309 0.06147 -0.68802
vn 0.6885 0.06147 -0.72263
vn 0.67996 0.17269 -0.71262
vn 0.67964 0.17122 -0.71328
vn 0.64391 0.17055 -0.74585
vn 0.6633 0.27443 -0.69622
vn 0.66334 0.27473 -0.69606
vn 0.62868 0.27434 -0.72766
vn 0.62872 0.27452 -0.72757
vn 0.59253 0.27379 -0.75759
vn 0.63931 0.37464 -0.67151
vn 0.63926 0.37403 -0.67189
vn 0.60598 0.37391 -0.70213
vn 0.60607 0.3747 -0.70163
vn 0.5707 0.37449 -0.7308
vn 0.57103 0.3768 -0.72935
vn 0.53298 0.37654 -0.75772
vn 0.68804 0.0599 -0.72319
vn 0.64353 0.169 -0.74653
vn 0.6513 0.06116 -0.75635
vn 0.65172 0.06253 -0.75588
vn 0.59241 0.27319 -0.7579
vn 0.60644 0.16922 -0.77691
vn 0.60669 0.17017 -0.77651
vn 0.61444 0.06333 -0.78642
vn 0.61423 0.0627 -0.78663
vn 0.53318 0.3777 -0.75701
vn 0.55367 0.273 -0.78672
vn 0.55392 0.2741 -0.78616
vn 0.56792 0.17029 -0.80527
vn 0.56811 0.17097 -0.805
vn 0.5759 0.06309 -0.81508
vn 0.57501 0.06045 -0.81591
vn 0.53301 0.06046 -0.84394
vn 0.52656 0.17099 -0.83276
vn 0.52626 0.17 -0.83315
vn 0.48538 0.16933 -0.85775
vn 0.51346 0.27409 -0.81316
vn 0.51345 0.27405 -0.81318
vn 0.47414 0.27365 -0.83684
vn 0.4741 0.27348 -0.83692
vn 0.43334 0.27275 -0.85897
vn 0.49458 0.37766 -0.7828
vn 0.49421 0.37584 -0.7839
vn 0.45693 0.37567 -0.80628
vn 0.45683 0.37527 -0.80652
vn 0.41743 0.37504 -0.8277
vn 0.41773 0.37617 -0.82704
vn 0.37558 0.37591 -0.84713
vn 0.53364 0.06223 -0.84342
vn 0.48566 0.17021 -0.85742
vn 0.49141 0.0635 -0.86861
vn 0.49168 0.06422 -0.86841
vn 0.43354 0.27341 -0.85866
vn 0.44357 0.17045 -0.87988
vn 0.44375 0.171 -0.87968
vn 0.44945 0.06502 -0.89094
vn 0.44895 0.0637 -0.89128
vn 0.37589 0.37697 -0.84652
vn 0.39008 0.27325 -0.8793
vn 0.39038 0.27417 -0.87888
vn 0.40035 0.17113 -0.90024
vn 0.40044 0.17136 -0.90016
vn 0.40611 0.06409 -0.91157
vn 0.4048 0.0607 -0.91239
vn 0.35888 0.0607 -0.93141
vn 0.35469 0.17137 -0.91914
vn 0.35428 0.17028 -0.91951
vn 0.30931 0.16961 -0.93571
vn 0.34555 0.27417 -0.89745
vn 0.34559 0.27428 -0.8974
vn 0.30213 0.2739 -0.91307
vn 0.3022 0.2741 -0.91298
vn 0.25765 0.2734 -0.92675
vn 0.33283 0.37697 -0.86436
vn 0.33238 0.37555 -0.86515
vn 0.29094 0.37543 -0.88001
vn 0.29101 0.37563 -0.87989
vn 0.24772 0.37545 -0.89313
vn 0.24845 0.3774 -0.8921
vn 0.20271 0.37719 -0.90368
vn 0.3589 0.06074 -0.9314
vn 0.30906 0.16896 -0.93591
vn 0.31246 0.06197 -0.94791
vn 0.31282 0.06285 -0.94773
vn 0.25752 0.27305 -0.92689
vn 0.26317 0.16921 -0.94979
vn 0.26349 0.17 -0.94957
vn 0.26683 0.06357 -0.96165
vn 0.26644 0.06266 -0.96181
vn 0.20308 0.37812 -0.90321
vn 0.21057 0.27298 -0.93869
vn 0.211 0.27404 -0.93829
vn 0.21657 0.17005 -0.96134
vn 0.21687 0.17075 -0.96115
vn 0.22017 0.06296 -0.97343
vn 0.21904 0.06031 -0.97385
vn 0.1725 0.06024 -0.98316
vn 0.17063 0.17065 -0.97045
vn 0.16536 0.15662 -0.97372
vn 0.12339 0.15605 -0.98001
vn 0.16617 0.27403 -0.94726
vn 0.16148 0.26125 -0.95167
vn 0.12108 0.26089 -0.95775
vn 0.11609 0.24783 -0.96182
vn 0.07505 0.24718 -0.96606
vn 0.16034 0.37832 -0.91168
vn 0.15512 0.36372 -0.9185
vn 0.11707 0.36366 -0.92415
vn 0.11205 0.35051 -0.92983
vn 0.07267 0.35029 -0.93382
vn 0.06783 0.33825 -0.93861
vn 0.02663 0.33788 -0.94081
vn 0.17036 0.05469 -0.98386
vn 0.1212 0.15036 -0.98117
vn 0.12207 0.05577 -0.99095
vn 0.12197 0.05553 -0.99098
vn 0.07303 0.24207 -0.96751
vn 0.07402 0.15054 -0.98583
vn 0.07366 0.14963 -0.98599
vn 0.07438 0.0563 -0.99564
vn 0.07371 0.0546 -0.99578
vn 0.0251 0.33421 -0.94216
vn 0.02566 0.24192 -0.96996
vn 0.02528 0.24099 -0.9702
vn 0.02602 0.14976 -0.98838
vn 0.02557 0.14865 -0.98856
vn 0.02614 0.05501 -0.99814
vn 0.02485 0.05176 -0.99835
vn 0.01639 0.66949 -0.74264
vn 0.01772 0.59405 -0.80423
vn 0.02226 0.60466 -0.79617
vn 0.05711 0.60444 -0.7946
vn 0.01918 0.51568 -0.85657
vn 0.02367 0.52694 -0.84958
vn 0.06065 0.52654 -0.84799
vn 0.06485 0.53784 -0.84055
vn 0.1008 0.53715 -0.83744
vn 0.01992 0.42987 -0.90267
vn 0.02514 0.44382 -0.89576
vn 0.06379 0.44324 -0.89413
vn 0.06828 0.45591 -0.8874
vn 0.10627 0.45485 -0.8842
vn 0.1102 0.46678 -0.87748
vn 0.14797 0.4653 -0.8727
vn 0.0236 0.685 -0.72816
vn 0.06431 0.62268 -0.77983
vn 0.05035 0.68576 -0.72608
vn 0.05814 0.70392 -0.70789
vn 0.10771 0.55738 -0.82324
vn 0.09216 0.62337 -0.77648
vn 0.09953 0.64378 -0.75871
vn 0.08265 0.70439 -0.70498
vn 0.0899 0.72315 -0.68482
vn 0.15437 0.48658 -0.85989
vn 0.13703 0.55781 -0.81858
vn 0.14422 0.58097 -0.80105
vn 0.12585 0.64415 -0.75447
vn 0.13235 0.66434 -0.73562
vn 0.11232 0.72336 -0.68128
vn 0.11898 0.74314 -0.65848
vn 0.14688 0.74303 -0.65294
vn 0.16356 0.66437 -0.72929
vn 0.16307 0.66324 -0.73043
vn 0.20096 0.66306 -0.72109
vn 0.1787 0.58099 -0.79405
vn 0.17827 0.57996 -0.7949
vn 0.2182 0.57964 -0.78511
vn 0.21779 0.57855 -0.78603
vn 0.25638 0.57782 -0.77485
vn 0.19124 0.48643 -0.85254
vn 0.19193 0.48817 -0.85138
vn 0.23336 0.48751 -0.84135
vn 0.2335 0.48789 -0.84109
vn 0.27422 0.48667 -0.82943
vn 0.27385 0.48556 -0.8302
vn 0.31451 0.48372 -0.81676
vn 0.14653 0.74228 -0.65387
vn 0.20103 0.66323 -0.72091
vn 0.18003 0.74297 -0.64465
vn 0.17943 0.74149 -0.64653
vn 0.25665 0.57862 -0.77417
vn 0.23524 0.66404 -0.70973
vn 0.23517 0.66384 -0.70994
vn 0.21044 0.74197 -0.63655
vn 0.21052 0.74218 -0.63627
vn 0.31486 0.48491 -0.81592
vn 0.29273 0.57926 -0.76077
vn 0.29307 0.58045 -0.75973
vn 0.2679 0.66428 -0.69783
vn 0.26803 0.66472 -0.69736
vn 0.23936 0.74246 -0.62567
vn 0.23987 0.74432 -0.62326
vn 0.27131 0.74434 -0.6102
vn 0.30308 0.66472 -0.68285
vn 0.30284 0.66367 -0.68398
vn 0.33821 0.6635 -0.66737
vn 0.33079 0.58042 -0.7441
vn 0.33061 0.57965 -0.74479
vn 0.3677 0.57924 -0.72752
vn 0.36758 0.57863 -0.72806
vn 0.40292 0.57788 -0.70973
vn 0.35447 0.4849 -0.79951
vn 0.35506 0.48716 -0.79787
vn 0.39341 0.48652 -0.78008
vn 0.39363 0.48747 -0.77938
vn 0.43083 0.48624 -0.76024
vn 0.43077 0.4859 -0.76049
vn 0.46738 0.48408 -0.73975
vn 0.271 0.74287 -0.61214
vn 0.33814 0.66307 -0.66783
vn 0.30235 0.74358 -0.59638
vn 0.30203 0.74147 -0.59917
vn 0.403 0.57842 -0.70924
vn 0.36949 0.66389 -0.65017
vn 0.36944 0.66345 -0.65065
vn 0.33074 0.74197 -0.58318
vn 0.33073 0.74188 -0.5833
vn 0.46762 0.48562 -0.73859
vn 0.4355 0.57906 -0.68923
vn 0.43565 0.58044 -0.68796
vn 0.39913 0.66388 -0.63243
vn 0.39917 0.66445 -0.6318
vn 0.35712 0.74217 -0.56714
vn 0.35715 0.74406 -0.56464
vn 0.38483 0.74412 -0.54607
vn 0.42982 0.66445 -0.61136
vn 0.42981 0.66392 -0.61194
vn 0.46099 0.66379 -0.58895
vn 0.4688 0.5804 -0.66586
vn 0.46874 0.57954 -0.66664
vn 0.5019 0.57914 -0.64241
vn 0.50188 0.5783 -0.64319
vn 0.53338 0.57757 -0.618
vn 0.50294 0.48562 -0.71501
vn 0.50309 0.48697 -0.71397
vn 0.53779 0.48633 -0.68866
vn 0.53779 0.48624 -0.68874
vn 0.57139 0.48498 -0.66205
vn 0.57132 0.48343 -0.66324
vn 0.60432 0.48156 -0.63475
vn 0.38486 0.74349 -0.5469
vn 0.46099 0.66392 -0.58881
vn 0.412 0.74419 -0.52577
vn 0.41217 0.74258 -0.5279
vn 0.53336 0.57819 -0.61743
vn 0.48834 0.66475 -0.56536
vn 0.48836 0.66454 -0.56558
vn 0.43707 0.74308 -0.50676
vn 0.43703 0.7433 -0.50647
vn 0.60432 0.48242 -0.63409
vn 0.56198 0.57885 -0.59086
vn 0.56189 0.58019 -0.58963
vn 0.51435 0.66499 -0.54151
vn 0.51426 0.66561 -0.54084
vn 0.46 0.74356 -0.48529
vn 0.45951 0.74558 -0.48265
vn 0.48346 0.74557 -0.45869
vn 0.54078 0.66561 -0.51431
vn 0.54091 0.66495 -0.51502
vn 0.56703 0.66478 -0.48636
vn 0.59042 0.58018 -0.56107
vn 0.59049 0.57954 -0.56166
vn 0.61784 0.57915 -0.53184
vn 0.61781 0.57937 -0.53164
vn 0.64365 0.57862 -0.5009
vn 0.6344 0.48242 -0.60399
vn 0.63433 0.48453 -0.60238
vn 0.66249 0.48393 -0.57177
vn 0.66237 0.48554 -0.57054
vn 0.68954 0.48433 -0.53848
vn 0.68942 0.48548 -0.5376
vn 0.71591 0.48362 -0.50357
vn 0.48394 0.74399 -0.46073
vn 0.56712 0.66441 -0.48675
vn 0.50667 0.74467 -0.43445
vn 0.50771 0.74182 -0.4381
vn 0.64349 0.57945 -0.50017
vn 0.58952 0.66524 -0.45818
vn 0.58995 0.66381 -0.45969
vn 0.52833 0.7423 -0.41213
vn 0.5285 0.7419 -0.41264
vn 0.71562 0.48563 -0.50206
vn 0.6664 0.5801 -0.4684
vn 0.66632 0.58041 -0.46813
vn 0.61097 0.66427 -0.43065
vn 0.61091 0.66444 -0.43048
vn 0.5473 0.74214 -0.38689
vn 0.54633 0.74412 -0.38446
vn 0.56502 0.74405 -0.35656
vn 0.63147 0.66445 -0.39968
vn 0.63165 0.66402 -0.40013
vn 0.65141 0.66382 -0.36745
vn 0.68841 0.58043 -0.43495
vn 0.68875 0.57927 -0.43596
vn 0.7096 0.57892 -0.40164
vn 0.70965 0.57879 -0.40175
vn 0.72897 0.57805 -0.36668
vn 0.73903 0.48561 -0.46692
vn 0.73892 0.4862 -0.46648
vn 0.76054 0.48561 -0.431
vn 0.76045 0.48601 -0.43071
vn 0.78092 0.48482 -0.39384
vn 0.78088 0.48497 -0.39373
vn 0.80042 0.48311 -0.35487
vn 0.56556 0.74308 -0.35774
vn 0.65132 0.66401 -0.36725
vn 0.5824 0.74375 -0.32808
vn 0.58395 0.7412 -0.3311
vn 0.72856 0.57916 -0.36576
vn 0.66757 0.66484 -0.33517
vn 0.66814 0.66371 -0.33628
vn 0.59896 0.74169 -0.30189
vn 0.59898 0.74166 -0.30193
vn 0.7999 0.48491 -0.35359
vn 0.74487 0.57982 -0.33013
vn 0.74461 0.58043 -0.32962
vn 0.68312 0.66417 -0.3037
vn 0.68281 0.66472 -0.30317
vn 0.61238 0.74192 -0.27303
vn 0.61062 0.74435 -0.27033
vn 0.62367 0.7443 -0.23885
vn 0.69725 0.66472 -0.2683
vn 0.69732 0.66461 -0.2684
vn 0.7103 0.66439 -0.2325
vn 0.76008 0.58044 -0.29217
vn 0.76033 0.5799 -0.2926
vn 0.77404 0.57952 -0.255
vn 0.77384 0.57993 -0.25468
vn 0.78588 0.57917 -0.2167
vn 0.81615 0.48491 -0.31427
vn 0.81564 0.48645 -0.3132
vn 0.82986 0.48586 -0.27436
vn 0.82944 0.48703 -0.27355
vn 0.84225 0.48584 -0.23361
vn 0.84193 0.48666 -0.23307
vn 0.85341 0.48481 -0.19143
vn 0.62485 0.74279 -0.24048
vn 0.71056 0.66399 -0.23287
vn 0.6356 0.74349 -0.20795
vn 0.63811 0.74043 -0.21112
vn 0.78557 0.57975 -0.21627
vn 0.72023 0.6648 -0.19826
vn 0.72113 0.66348 -0.1994
vn 0.64719 0.74094 -0.1793
vn 0.64755 0.74053 -0.17971
vn 0.85272 0.48644 -0.19039
vn 0.79458 0.58042 -0.17822
vn 0.79425 0.581 -0.17779
vn 0.72952 0.66388 -0.1645
vn 0.72917 0.66436 -0.1641
vn 0.65509 0.74082 -0.14844
vn 0.65305 0.74304 -0.14635
vn 0.00574 0.90282 -0.42998
vn 0.00786 0.85668 -0.51579
vn 0.01571 0.86998 -0.49283
vn 0.03232 0.86985 -0.49226
vn 0.0102 0.80433 -0.59409
vn 0.01776 0.81936 -0.573
vn 0.03794 0.81914 -0.57234
vn 0.04472 0.8342 -0.54964
vn 0.06338 0.83382 -0.54839
vn 0.01214 0.74272 -0.66949
vn 0.0202 0.76119 -0.64821
vn 0.04336 0.76086 -0.64747
vn 0.05026 0.7784 -0.62575
vn 0.07219 0.77781 -0.62434
vn 0.07807 0.79498 -0.60159
vn 0.09888 0.79421 -0.59955
vn 0.01682 0.91813 -0.39593
vn 0.04198 0.88806 -0.4578
vn 0.02351 0.91829 -0.39522
vn 0.03344 0.93307 -0.35814
vn 0.07152 0.85465 -0.51425
vn 0.05098 0.88823 -0.45655
vn 0.05929 0.9058 -0.41953
vn 0.03756 0.93313 -0.35757
vn 0.04612 0.94733 -0.31693
vn 0.10542 0.81723 -0.56659
vn 0.08263 0.85477 -0.51239
vn 0.08954 0.87561 -0.47464
vn 0.06613 0.90587 -0.41837
vn 0.07278 0.92257 -0.3789
vn 0.04747 0.94734 -0.3167
vn 0.0544 0.9609 -0.27151
vn 0.06108 0.96087 -0.27016
vn 0.08357 0.92255 -0.37672
vn 0.08324 0.92215 -0.37778
vn 0.10541 0.92205 -0.37244
vn 0.10552 0.87557 -0.47143
vn 0.1049 0.87459 -0.47338
vn 0.13039 0.87439 -0.46737
vn 0.1303 0.87423 -0.4677
vn 0.15406 0.87382 -0.46121
vn 0.12606 0.81712 -0.56252
vn 0.12615 0.81728 -0.56226
vn 0.15425 0.81689 -0.55579
vn 0.15442 0.81727 -0.55518
vn 0.18133 0.81655 -0.54806
vn 0.18154 0.81711 -0.54715
vn 0.20758 0.81609 -0.53936
vn 0.06073 0.96056 -0.27137
vn 0.10564 0.9224 -0.3715
vn 0.07642 0.96075 -0.26667
vn 0.07528 0.95952 -0.27139
vn 0.15453 0.87492 -0.45895
vn 0.12304 0.92266 -0.36546
vn 0.12259 0.92182 -0.36772
vn 0.08848 0.95964 -0.26694
vn 0.08844 0.95958 -0.26718
vn 0.20814 0.818 -0.53624
vn 0.17407 0.87516 -0.45144
vn 0.17418 0.87548 -0.45077
vn 0.13812 0.92196 -0.36182
vn 0.13823 0.92223 -0.36108
vn 0.09912 0.95964 -0.26318
vn 0.09971 0.96076 -0.25886
vn 0.11251 0.96075 -0.25357
vn 0.15523 0.92225 -0.35406
vn 0.15515 0.92194 -0.3549
vn 0.1759 0.92184 -0.34536
vn 0.1951 0.87549 -0.4421
vn 0.19484 0.87435 -0.44447
vn 0.21889 0.87415 -0.43353
vn 0.21887 0.87395 -0.43395
vn 0.24112 0.87353 -0.42286
vn 0.23285 0.81801 -0.52596
vn 0.23277 0.81763 -0.5266
vn 0.25937 0.81729 -0.51455
vn 0.25937 0.81728 -0.51456
vn 0.28471 0.81659 -0.50212
vn 0.28472 0.81692 -0.50157
vn 0.30909 0.81589 -0.48865
vn 0.11246 0.96063 -0.25405
vn 0.17598 0.92254 -0.34343
vn 0.12688 0.96082 -0.24644
vn 0.12667 0.95954 -0.25146
vn 0.24115 0.875 -0.41979
vn 0.1919 0.9228 -0.3341
vn 0.1919 0.92188 -0.33661
vn 0.13882 0.95966 -0.2445
vn 0.13882 0.95957 -0.24487
vn 0.30903 0.81795 -0.48523
vn 0.25893 0.87525 -0.40853
vn 0.25891 0.87553 -0.40794
vn 0.20614 0.92202 -0.32769
vn 0.20611 0.92227 -0.32703
vn 0.1487 0.95962 -0.23877
vn 0.14844 0.96072 -0.23448
vn 0.16003 0.96071 -0.22678
vn 0.22143 0.92228 -0.31682
vn 0.22149 0.92204 -0.31745
vn 0.23986 0.92193 -0.30417
vn 0.27765 0.87554 -0.3954
vn 0.27784 0.8745 -0.39756
vn 0.2991 0.8743 -0.38229
vn 0.2991 0.87429 -0.3823
vn 0.31872 0.87386 -0.36714
vn 0.33104 0.81799 -0.47043
vn 0.33108 0.81772 -0.47087
vn 0.35451 0.81741 -0.45406
vn 0.35447 0.81764 -0.45367
vn 0.37676 0.81695 -0.43662
vn 0.37657 0.81768 -0.43543
vn 0.39797 0.81663 -0.41801
vn 0.16009 0.96056 -0.22737
vn 0.23959 0.9226 -0.30234
vn 0.17274 0.96075 -0.21707
vn 0.17356 0.9594 -0.22234
vn 0.31816 0.87531 -0.36416
vn 0.25345 0.92285 -0.29002
vn 0.25405 0.92173 -0.29303
vn 0.18413 0.95952 -0.2131
vn 0.18422 0.95941 -0.21355
vn 0.39725 0.81868 -0.41468
vn 0.33356 0.87554 -0.34953
vn 0.33359 0.87547 -0.34966
vn 0.2664 0.92188 -0.28139
vn 0.2663 0.92202 -0.28101
vn 0.19275 0.95947 -0.20557
vn 0.19162 0.96061 -0.20128
vn 0.20121 0.96061 -0.19169
vn 0.27906 0.92204 -0.26827
vn 0.27912 0.92196 -0.26847
vn 0.29433 0.92187 -0.25204
vn 0.34931 0.87548 -0.33394
vn 0.35 0.8743 -0.33629
vn 0.36781 0.87411 -0.31724
vn 0.36782 0.8741 -0.31726
vn 0.3842 0.87368 -0.29844
vn 0.41593 0.81866 -0.39598
vn 0.41632 0.81777 -0.39741
vn 0.43612 0.81742 -0.37633
vn 0.43622 0.81722 -0.37665
vn 0.45506 0.81651 -0.35529
vn 0.45478 0.81699 -0.35455
vn 0.47283 0.81592 -0.33273
vn 0.20115 0.96066 -0.19149
vn 0.29343 0.92283 -0.24957
vn 0.2114 0.96085 -0.17908
vn 0.21317 0.95955 -0.1839
vn 0.38287 0.8754 -0.29511
vn 0.30466 0.92308 -0.23477
vn 0.30579 0.922 -0.23749
vn 0.22171 0.95968 -0.17278
vn 0.22189 0.95956 -0.17321
vn 0.47145 0.818 -0.32955
vn 0.39537 0.8756 -0.27749
vn 0.39543 0.87554 -0.27761
vn 0.31576 0.92215 -0.22346
vn 0.31564 0.92226 -0.22319
vn 0.22879 0.95964 -0.16356
vn 0.22694 0.96071 -0.15979
vn 0.23462 0.96072 -0.14823
vn 0.3258 0.92228 -0.20796
vn 0.32598 0.92215 -0.20829
vn 0.33761 0.92206 -0.18927
vn 0.4079 0.87553 -0.25897
vn 0.40898 0.87441 -0.26104
vn 0.42254 0.87422 -0.23917
vn 0.42242 0.87433 -0.23896
vn 0.43473 0.87392 -0.21741
vn 0.48621 0.81793 -0.30755
vn 0.48674 0.81722 -0.3086
vn 0.50181 0.81684 -0.28453
vn 0.50176 0.8169 -0.28444
vn 0.51595 0.81619 -0.26007
vn 0.51521 0.81703 -0.25888
vn 0.52861 0.81597 -0.23402
vn 0.23486 0.96059 -0.14868
vn 0.33668 0.92272 -0.18773
vn 0.24246 0.96078 -0.13457
vn 0.24516 0.95947 -0.13898
vn 0.43311 0.87534 -0.21492
vn 0.34477 0.92297 -0.17107
vn 0.34641 0.9219 -0.17352
vn 0.25136 0.9596 -0.12645
vn 0.25154 0.95952 -0.12672
vn 0.52666 0.81803 -0.23122
vn 0.44195 0.87556 -0.19513
vn 0.44204 0.87549 -0.19525
vn 0.35347 0.92204 -0.1578
vn 0.35316 0.92223 -0.15738
vn 0.25643 0.95959 -0.11591
vn 0.25366 0.96075 -0.11229
vn 0.2589 0.96076 -0.09961
vn 0.36011 0.92225 -0.1406
vn 0.36035 0.92212 -0.14088
vn 0.36803 0.92203 -0.12004
vn 0.45062 0.87548 -0.17456
vn 0.45225 0.87423 -0.1766
vn 0.4613 0.87404 -0.15248
vn 0.46131 0.87404 -0.15249
vn 0.46922 0.87363 -0.12884
vn 0.53686 0.81798 -0.20662
vn 0.53795 0.81691 -0.20801
vn 0.54805 0.81655 -0.18133
vn 0.54834 0.81628 -0.18167
vn 0.55756 0.81559 -0.15474
vn 0.55697 0.81611 -0.1541
vn 0.56535 0.81506 -0.1267
vn 0.25904 0.9607 -0.09978
vn 0.36661 0.9228 -0.11848
vn 0.26368 0.96088 -0.08469
vn 0.2671 0.95961 -0.08841
vn 0.467 0.87515 -0.12657
vn 0.37125 0.92305 -0.10072
vn 0.37309 0.92211 -0.10256
vn 0.27074 0.95973 -0.07496
vn 0.27094 0.95966 -0.07516
vn 0.56287 0.81714 -0.12431
vn 0.47177 0.8754 -0.10539
vn 0.47151 0.87557 -0.10514
vn 0.37698 0.92225 -0.08571
vn 0.37639 0.92254 -0.08518
vn 0.27368 0.95972 -0.06349
vn 0.27028 0.96088 -0.06049
vn -0.00473 0.99865 -0.05177
vn -0.00258 0.98888 -0.14869
vn 0.00787 0.99413 -0.10794
vn 0.00248 0.99414 -0.1081
vn -0.00017 0.97051 -0.24107
vn 0.00979 0.97929 -0.20223
vn 0.00878 0.97929 -0.20226
vn 0.01721 0.98686 -0.16068
vn 0.01433 0.98688 -0.16083
vn 0.00226 0.94245 -0.33433
vn 0.0124 0.95553 -0.29462
vn 0.01509 0.95552 -0.29455
vn 0.02341 0.96704 -0.25354
vn 0.02451 0.96703 -0.25348
vn 0.03101 0.97712 -0.21042
vn 0.03036 0.97713 -0.21047
vn 0.00086 0.99955 -0.02996
vn 0.00709 0.99634 -0.08523
vn 0.00277 0.99953 -0.03065
vn 0.00265 0.99951 -0.03125
vn 0.0179 0.9904 -0.13706
vn 0.01136 0.99618 -0.08664
vn 0.01153 0.99627 -0.08549
vn 0.00424 0.99949 -0.03178
vn 0.00436 0.99951 -0.03096
vn 0.03285 0.98208 -0.1856
vn 0.02446 0.98998 -0.13907
vn 0.02475 0.9904 -0.13601
vn 0.01553 0.99611 -0.0867
vn 0.01576 0.99633 -0.08415
vn 0.00556 0.99949 -0.03132
vn 0.00576 0.99956 -0.02903
vn 0.00729 0.99954 -0.02942
vn 0.02002 0.99616 -0.08526
vn 0.02021 0.99636 -0.08284
vn 0.02497 0.99616 -0.08392
vn 0.03162 0.98994 -0.13787
vn 0.03185 0.99032 -0.1351
vn 0.03905 0.98983 -0.13681
vn 0.03917 0.99035 -0.13297
vn 0.04591 0.98987 -0.13434
vn 0.04213 0.98122 -0.18824
vn 0.04244 0.98189 -0.18464
vn 0.05188 0.98099 -0.18701
vn 0.05205 0.98182 -0.18256
vn 0.06108 0.98093 -0.18453
vn 0.06102 0.98192 -0.17917
vn 0.06962 0.98106 -0.18074
vn 0.00736 0.99957 -0.02847
vn 0.02506 0.99642 -0.0808
vn 0.0094 0.99952 -0.02951
vn 0.0094 0.99952 -0.02947
vn 0.04583 0.99055 -0.1293
vn 0.02951 0.99612 -0.08294
vn 0.02944 0.99634 -0.08031
vn 0.01107 0.99948 -0.03024
vn 0.01102 0.99952 -0.02891
vn 0.06922 0.98233 -0.17389
vn 0.05262 0.9898 -0.13237
vn 0.05225 0.99052 -0.12701
vn 0.03358 0.99606 -0.08211
vn 0.03327 0.99638 -0.0782
vn 0.01221 0.99949 -0.0294
vn 0.01198 0.99957 -0.02681
vn 0.01355 0.99953 -0.02739
vn 0.03765 0.99609 -0.07988
vn 0.03733 0.99643 -0.07575
vn 0.04223 0.9961 -0.07741
vn 0.05931 0.98976 -0.12986
vn 0.05895 0.99045 -0.12461
vn 0.0664 0.98964 -0.12728
vn 0.06566 0.99048 -0.121
vn 0.07261 0.98972 -0.12319
vn 0.07877 0.98088 -0.17794
vn 0.07838 0.98209 -0.17134
vn 0.08818 0.9806 -0.17505
vn 0.08739 0.98198 -0.16757
vn 0.09678 0.98055 -0.17072
vn 0.09548 0.9821 -0.16235
vn 0.10442 0.98076 -0.16495
vn 0.01343 0.99957 -0.02596
vn 0.04169 0.99645 -0.07316
vn 0.01576 0.99951 -0.02713
vn 0.01568 0.99952 -0.02655
vn 0.07146 0.99064 -0.11633
vn 0.04652 0.99606 -0.07545
vn 0.04584 0.99637 -0.07174
vn 0.01748 0.99947 -0.02736
vn 0.01714 0.99952 -0.02568
vn 0.10253 0.98247 -0.1557
vn 0.07874 0.9897 -0.11959
vn 0.07723 0.99061 -0.11278
vn 0.05019 0.99603 -0.07357
vn 0.04908 0.99642 -0.06885
vn 0.0183 0.99949 -0.02613
vn 0.01762 0.99957 -0.02344
vn 0.01929 0.99953 -0.024
vn 0.05373 0.99606 -0.07054
vn 0.05266 0.99646 -0.06558
vn 0.05772 0.99607 -0.06717
vn 0.08469 0.98967 -0.11569
vn 0.08336 0.99054 -0.10904
vn 0.09102 0.98957 -0.11166
vn 0.08917 0.99055 -0.10419
vn 0.0962 0.98967 -0.10626
vn 0.11261 0.98068 -0.15993
vn 0.11105 0.9822 -0.15147
vn 0.12115 0.98043 -0.1552
vn 0.11902 0.9821 -0.14602
vn 0.12863 0.98042 -0.1491
vn 0.12586 0.98223 -0.13925
vn 0.13493 0.98067 -0.14174
vn 0.01891 0.99957 -0.02237
vn 0.05649 0.99644 -0.06254
vn 0.0215 0.99949 -0.0234
vn 0.02122 0.99952 -0.02243
vn 0.09397 0.99066 -0.09877
vn 0.06149 0.99603 -0.06442
vn 0.06011 0.99638 -0.06011
vn 0.02306 0.99947 -0.02306
vn 0.02243 0.99952 -0.02122
vn 0.13156 0.98254 -0.13156
vn 0.1014 0.98967 -0.1014
vn 0.09877 0.99066 -0.09397
vn 0.06442 0.99603 -0.06149
vn 0.06253 0.99644 -0.05649
vn 0.0234 0.99949 -0.0215
vn 0.02237 0.99957 -0.01891
vn 0.024 0.99953 -0.01929
vn 0.06717 0.99607 -0.05772
vn 0.06558 0.99646 -0.05266
vn 0.07054 0.99606 -0.05373
vn 0.10626 0.98967 -0.0962
vn 0.10419 0.99055 -0.08917
vn 0.11166 0.98957 -0.09102
vn 0.10904 0.99054 -0.08336
vn 0.11569 0.98967 -0.08469
vn 0.14174 0.98066 -0.13493
vn 0.13926 0.98223 -0.12586
vn 0.1491 0.98042 -0.12863
vn 0.14602 0.9821 -0.11902
vn 0.1552 0.98043 -0.12115
vn 0.15147 0.9822 -0.11105
vn 0.15993 0.98068 -0.11261
vn 0.02344 0.99957 -0.01762
vn 0.06886 0.99642 -0.04908
vn 0.02614 0.99949 -0.0183
vn 0.02568 0.99952 -0.01715
vn 0.11278 0.99061 -0.07724
vn 0.07357 0.99603 -0.0502
vn 0.07174 0.99637 -0.04584
vn 0.02736 0.99947 -0.01748
vn 0.02656 0.99952 -0.01568
vn 0.1557 0.98247 -0.10253
vn 0.1196 0.9897 -0.07874
vn 0.11634 0.99064 -0.07146
vn 0.07546 0.99606 -0.04652
vn 0.07317 0.99645 -0.04169
vn 0.02714 0.99951 -0.01576
vn 0.02597 0.99957 -0.01343
vn 0.02739 0.99953 -0.01355
vn 0.07741 0.9961 -0.04223
vn 0.07575 0.99643 -0.03733
vn 0.07988 0.99609 -0.03765
vn 0.12319 0.98972 -0.07261
vn 0.121 0.99048 -0.06566
vn 0.12728 0.98964 -0.0664
vn 0.12461 0.99045 -0.05895
vn 0.12986 0.98976 -0.05931
vn 0.16495 0.98076 -0.10442
vn 0.16235 0.9821 -0.09548
vn 0.17072 0.98055 -0.09678
vn 0.16757 0.98198 -0.08739
vn 0.17505 0.9806 -0.08818
vn 0.17134 0.98209 -0.07838
vn 0.17794 0.98088 -0.07877
vn 0.02681 0.99957 -0.01198
vn 0.0782 0.99638 -0.03327
vn 0.0294 0.99949 -0.01221
vn 0.0289 0.99952 -0.01102
vn 0.12701 0.99052 -0.05225
vn 0.0821 0.99606 -0.03358
vn 0.0803 0.99634 -0.02944
vn 0.03024 0.99948 -0.01107
vn 0.02946 0.99952 -0.0094
vn 0.17389 0.98233 -0.06922
vn 0.13237 0.9898 -0.05262
vn 0.1293 0.99055 -0.04583
vn 0.08295 0.99612 -0.02951
vn 0.0808 0.99641 -0.02506
vn 0.02951 0.99952 -0.0094
vn 0.02847 0.99957 -0.00736
vn 0.02942 0.99954 -0.00729
vn 0.08392 0.99616 -0.02497
vn 0.08284 0.99636 -0.02021
vn 0.08526 0.99616 -0.02002
vn 0.13434 0.98987 -0.04591
vn 0.13296 0.99035 -0.03917
vn 0.13681 0.98983 -0.03905
vn 0.13509 0.99032 -0.03185
vn 0.13787 0.98994 -0.03162
vn 0.18074 0.98106 -0.06962
vn 0.17917 0.98192 -0.06103
vn 0.18453 0.98093 -0.06108
vn 0.18257 0.98181 -0.05205
vn 0.18702 0.98099 -0.05188
vn 0.18465 0.98189 -0.04244
vn 0.18824 0.98122 -0.04213
vn 0.94246 0.33433 -0
vn 0.9705 0.24109 -0
vn 0.97051 0.24107 -0
vn 0.98889 0.14865 -0
vn 0.98888 0.14868 -0
vn 0.99866 0.05178 -0
vn 0.99866 0.05178 0
vn 0.99866 0.05178 0
vn 0.98889 0.14866 0
vn 0.98888 0.14868 0
vn 0.9705 0.2411 0
vn 0.97051 0.24107 0
vn 0.94245 0.33433 0
vn 0.94246 0.33433 0
vn 0.7427 0.66962 -0
vn 0.80437 0.59412 -0
vn 0.80435 0.59416 -0
vn 0.85674 0.51575 -0
vn 0.85671 0.51579 -0
vn 0.90285 0.42996 -0
vn 0.90283 0.43 0
vn 0.90285 0.42996 0
vn 0.85674 0.51575 0
vn 0.85674 0.51575 0
vn 0.80437 0.59412 0
vn 0.80439 0.5941 0
vn 0.7427 0.66962 0
vn 0.74276 0.66956 0
vn 0.42998 0.90284 -0
vn 0.51583 0.85669 -0
vn 0.51581 0.8567 0
vn 0.59414 0.80436 0
vn 0.59414 0.80436 0
vn 0.6695 0.74281 0
vn 0.66955 0.74276 0
vn 0.6695 0.74281 -0
vn 0.59414 0.80436 -0
vn 0.5941 0.80439 -0
vn 0.51583 0.85669 -0
vn 0.5158 0.85671 0
vn 0.42998 0.90284 0
vn 0.42999 0.90283 0
vn 0.05178 0.99866 -0
vn 0.14869 0.98888 -0
vn 0.1487 0.98888 -0
vn 0.24109 0.9705 -0
vn 0.24108 0.97051 -0
vn 0.33435 0.94245 -0
vn 0.3343 0.94247 0
vn 0.3343 0.94247 0
vn 0.24104 0.97052 0
vn 0.24108 0.97051 0
vn 0.14866 0.98889 0
vn 0.1487 0.98888 0
vn 0.05176 0.99866 0
vn 0.05178 0.99866 0
vn 0.17062 -0 -0.98534
vn 0.12216 -0 -0.99251
vn 0.12215 -0 -0.99251
vn 0.07382 -0 -0.99727
vn 0.07381 -0 -0.99727
vn 0.02489 -0 -0.99969
vn 0.02488 0 -0.99969
vn 0.02489 0 -0.99969
vn 0.07382 0 -0.99727
vn 0.07382 0 -0.99727
vn 0.12216 0 -0.99251
vn 0.12216 0 -0.99251
vn 0.17062 0 -0.98534
vn 0.17063 0 -0.98534
vn 0.35956 -1E-05 -0.93312
vn 0.31344 -1E-05 -0.94961
vn 0.31343 -0 -0.94961
vn 0.26696 -0 -0.96371
vn 0.26696 -0 -0.96371
vn 0.21944 -0 -0.97563
vn 0.21943 0 -0.97563
vn 0.21944 0 -0.97563
vn 0.26696 0 -0.96371
vn 0.26697 0 -0.96371
vn 0.31344 0 -0.94961
vn 0.31344 0 -0.94961
vn 0.35956 0 -0.93312
vn 0.35957 0 -0.93312
vn 0.53468 -2E-05 -0.84506
vn 0.4927 -2E-05 -0.8702
vn 0.49267 -0 -0.87022
vn 0.44986 -0 -0.8931
vn 0.44984 0 -0.89311
vn 0.40554 0 -0.91408
vn 0.40556 0 -0.91407
vn 0.40554 -1E-05 -0.91408
vn 0.44986 -1E-05 -0.8931
vn 0.44984 0 -0.89311
vn 0.4927 0 -0.8702
vn 0.49269 1E-05 -0.87021
vn 0.53468 1E-05 -0.84506
vn 0.53471 0 -0.84504
vn 0.68928 -1E-05 -0.72449
vn 0.653 -1E-05 -0.75736
vn 0.65298 0 -0.75737
vn 0.61545 0 -0.78818
vn 0.61544 0 -0.78818
vn 0.57607 0 -0.8174
vn 0.57609 0 -0.81739
vn 0.57607 -1E-05 -0.8174
vn 0.61545 -1E-05 -0.78818
vn 0.61543 -0 -0.78819
vn 0.653 -0 -0.75736
vn 0.65298 0 -0.75737
vn 0.68928 0 -0.72449
vn 0.68929 0 -0.72448
vn 0.81742 3E-05 -0.57604
vn 0.78819 3E-05 -0.61543
vn 0.78821 2E-05 -0.6154
vn 0.75736 2E-05 -0.653
vn 0.75739 1E-05 -0.65297
vn 0.72446 1E-05 -0.68932
vn 0.72448 0 -0.68929
vn 0.72446 -2E-05 -0.68932
vn 0.75736 -2E-05 -0.653
vn 0.75735 -2E-05 -0.65301
vn 0.78819 -2E-05 -0.61543
vn 0.78818 -1E-05 -0.61545
vn 0.81742 -1E-05 -0.57604
vn 0.81739 0 -0.57609
vn 0.91408 1E-05 -0.40553
vn 0.89309 1E-05 -0.44987
vn 0.89311 -0 -0.44984
vn 0.87019 -0 -0.49271
vn 0.8702 -1E-05 -0.49269
vn 0.84506 -1E-05 -0.53467
vn 0.84504 0 -0.53471
vn 0.84506 2E-05 -0.53467
vn 0.87019 2E-05 -0.49271
vn 0.87021 0 -0.49267
vn 0.89309 0 -0.44987
vn 0.89311 -0 -0.44984
vn 0.91408 -0 -0.40553
vn 0.91407 0 -0.40556
vn 0.97564 3E-05 -0.21938
vn 0.9637 3E-05 -0.26698
vn 0.96371 1E-05 -0.26695
vn 0.94959 1E-05 -0.31348
vn 0.94961 -0 -0.31344
vn 0.93312 -0 -0.35956
vn 0.93312 0 -0.35957
vn 0.93312 1E-05 -0.35956
vn 0.94959 1E-05 -0.31348
vn 0.9496 -1E-05 -0.31345
vn 0.9637 -1E-05 -0.26698
vn 0.9637 -1E-05 -0.26698
vn 0.97564 -1E-05 -0.21938
vn 0.97563 0 -0.21943
vn 0.99969 -1E-05 -0.02491
vn 0.99727 -1E-05 -0.07385
vn 0.99727 -1E-05 -0.07385
vn 0.99251 -1E-05 -0.12217
vn 0.99251 -1E-05 -0.12218
vn 0.98535 -1E-05 -0.17056
vn 0.98534 0 -0.17063
vn 0.98535 3E-05 -0.17056
vn 0.99251 3E-05 -0.12217
vn 0.99251 1E-05 -0.12213
vn 0.99727 1E-05 -0.07385
vn 0.99727 0 -0.07381
vn 0.99969 0 -0.02491
vn 0.99969 0 -0.02488
vn 0.98535 -3E-05 0.17056
vn 0.99251 -3E-05 0.12217
vn 0.99251 -1E-05 0.12213
vn 0.99727 -1E-05 0.07385
vn 0.99727 -0 0.07381
vn 0.99969 -0 0.02491
vn 0.99969 0 0.02488
vn 0.99969 1E-05 0.02491
vn 0.99727 1E-05 0.07385
vn 0.99727 1E-05 0.07385
vn 0.99251 1E-05 0.12217
vn 0.99251 1E-05 0.12218
vn 0.98535 1E-05 0.17056
vn 0.98534 0 0.17063
vn 0.93312 -1E-05 0.35956
vn 0.94959 -1E-05 0.31348
vn 0.9496 1E-05 0.31345
vn 0.9637 1E-05 0.26698
vn 0.9637 1E-05 0.26698
vn 0.97564 1E-05 0.21938
vn 0.97563 0 0.21943
vn 0.97564 -3E-05 0.21938
vn 0.9637 -3E-05 0.26698
vn 0.96371 -1E-05 0.26695
vn 0.94959 -1E-05 0.31348
vn 0.94961 0 0.31344
vn 0.93312 0 0.35956
vn 0.93312 0 0.35957
vn 0.84506 -2E-05 0.53467
vn 0.87019 -2E-05 0.49271
vn 0.87021 -0 0.49267
vn 0.89309 -0 0.44987
vn 0.89311 0 0.44984
vn 0.91408 0 0.40553
vn 0.91407 0 0.40556
vn 0.91408 -1E-05 0.40553
vn 0.89309 -1E-05 0.44987
vn 0.89311 0 0.44984
vn 0.87019 0 0.49271
vn 0.8702 1E-05 0.49269
vn 0.84506 1E-05 0.53467
vn 0.84504 0 0.53471
vn 0.72446 2E-05 0.68932
vn 0.75736 2E-05 0.653
vn 0.75735 2E-05 0.65301
vn 0.78819 2E-05 0.61543
vn 0.78818 1E-05 0.61545
vn 0.81742 1E-05 0.57604
vn 0.81739 0 0.57609
vn 0.81742 -3E-05 0.57604
vn 0.78819 -3E-05 0.61543
vn 0.78821 -2E-05 0.6154
vn 0.75736 -2E-05 0.653
vn 0.75739 -1E-05 0.65297
vn 0.72446 -1E-05 0.68932
vn 0.72448 0 0.68929
vn 0.57607 1E-05 0.8174
vn 0.61545 1E-05 0.78818
vn 0.61543 0 0.78819
vn 0.653 0 0.75736
vn 0.65298 -0 0.75737
vn 0.68928 -0 0.72449
vn 0.68929 0 0.72448
vn 0.68928 1E-05 0.72449
vn 0.653 1E-05 0.75736
vn 0.65298 -0 0.75737
vn 0.61545 -0 0.78818
vn 0.61544 -0 0.78818
vn 0.57607 -0 0.8174
vn 0.57609 0 0.81739
vn 0.40554 1E-05 0.91408
vn 0.44986 1E-05 0.8931
vn 0.44984 -0 0.89311
vn 0.4927 -0 0.8702
vn 0.49269 -1E-05 0.87021
vn 0.53468 -1E-05 0.84506
vn 0.53471 0 0.84504
vn 0.53468 2E-05 0.84506
vn 0.4927 2E-05 0.8702
vn 0.49267 0 0.87022
vn 0.44986 0 0.8931
vn 0.44984 -0 0.89311
vn 0.40554 -0 0.91408
vn 0.40556 0 0.91407
vn 0.21944 -0 0.97563
vn 0.26696 -0 0.96371
vn 0.26697 -0 0.96371
vn 0.31344 -0 0.94961
vn 0.31344 -0 0.94961
vn 0.35956 -0 0.93312
vn 0.35957 0 0.93312
vn 0.35956 1E-05 0.93312
vn 0.31344 1E-05 0.94961
vn 0.31343 0 0.94961
vn 0.26696 0 0.96371
vn 0.26696 0 0.96371
vn 0.21944 0 0.97563
vn 0.21943 0 0.97563
vn 0.02489 -0 0.99969
vn 0.07382 -0 0.99727
vn 0.07382 -0 0.99727
vn 0.12216 -0 0.99251
vn 0.12216 -0 0.99251
vn 0.17062 -0 0.98534
vn 0.17063 0 0.98534
vn 0.17062 0 0.98534
vn 0.12216 0 0.99251
vn 0.12215 0 0.99251
vn 0.07382 0 0.99727
vn 0.07381 0 0.99727
vn 0.02489 0 0.99969
vn 0.02488 0 0.99969
vn -0.98535 -3E-05 -0.17056
vn -0.99251 -3E-05 -0.12217
vn -0.99251 -1E-05 -0.12213
vn -0.99727 -1E-05 -0.07385
vn -0.99727 -0 -0.07381
vn -0.99969 -0 -0.02491
vn -0.99969 0 -0.02488
vn -0.99969 1E-05 -0.02491
vn -0.99727 1E-05 -0.07385
vn -0.99727 1E-05 -0.07385
vn -0.99251 1E-05 -0.12217
vn -0.99251 1E-05 -0.12218
vn -0.98535 1E-05 -0.17056
vn -0.98534 0 -0.17063
vn -0.93312 -1E-05 -0.35956
vn -0.94959 -1E-05 -0.31348
vn -0.9496 1E-05 -0.31345
vn -0.9637 1E-05 -0.26698
vn -0.9637 1E-05 -0.26698
vn -0.97564 1E-05 -0.21938
vn -0.97563 0 -0.21943
vn -0.97564 -3E-05 -0.21938
vn -0.9637 -3E-05 -0.26698
vn -0.96371 -1E-05 -0.26695
vn -0.94959 -1E-05 -0.31348
vn -0.94961 0 -0.31344
vn -0.93312 0 -0.35956
vn -0.93312 0 -0.35957
vn -0.84506 -2E-05 -0.53467
vn -0.87019 -2E-05 -0.49271
vn -0.87021 -0 -0.49267
vn -0.89309 -0 -0.44987
vn -0.89311 0 -0.44984
vn -0.91408 0 -0.40553
vn -0.91407 0 -0.40556
vn -0.91408 -1E-05 -0.40553
vn -0.89309 -1E-05 -0.44987
vn -0.89311 0 -0.44984
vn -0.87019 0 -0.49271
vn -0.8702 1E-05 -0.49269
vn -0.84506 1E-05 -0.53467
vn -0.84504 0 -0.53471
vn -0.72446 2E-05 -0.68932
vn -0.75736 2E-05 -0.653
vn -0.75735 2E-05 -0.65301
vn -0.78819 2E-05 -0.61543
vn -0.78818 1E-05 -0.61545
vn -0.81742 1E-05 -0.57604
vn -0.81739 0 -0.57609
vn -0.81742 -3E-05 -0.57604
vn -0.78819 -3E-05 -0.61543
vn -0.78821 -2E-05 -0.6154
vn -0.75736 -2E-05 -0.653
vn -0.75739 -1E-05 -0.65297
vn -0.72446 -1E-05 -0.68932
vn -0.72448 0 -0.68929
vn -0.57607 1E-05 -0.8174
vn -0.61545 1E-05 -0.78818
vn -0.61543 0 -0.78819
vn -0.653 0 -0.75736
vn -0.65298 -0 -0.75737
vn -0.68928 -0 -0.72449
vn -0.68929 0 -0.72448
vn -0.68928 1E-05 -0.72449
vn -0.653 1E-05 -0.75736
vn -0.65298 -0 -0.75737
vn -0.61545 -0 -0.78818
vn -0.61544 -0 -0.78818
vn -0.57607 -0 -0.8174
vn -0.57609 0 -0.81739
vn -0.40554 1E-05 -0.91408
vn -0.44986 1E-05 -0.8931
vn -0.44984 -0 -0.89311
vn -0.4927 -0 -0.8702
vn -0.49269 -1E-05 -0.87021
vn -0.53468 -1E-05 -0.84506
vn -0.53471 0 -0.84504
vn -0.53468 2E-05 -0.84506
vn -0.4927 2E-05 -0.8702
vn -0.49267 0 -0.87022
vn -0.44986 0 -0.8931
vn -0.44984 -0 -0.89311
vn -0.40554 -0 -0.91408
vn -0.40556 0 -0.91407
vn -0.21944 -0 -0.97563
vn -0.26696 -0 -0.96371
vn -0.26697 -0 -0.96371
vn -0.31344 -0 -0.94961
vn -0.31344 -0 -0.94961
vn -0.35956 -0 -0.93312
vn -0.35957 0 -0.93312
vn -0.35956 1E-05 -0.93312
vn -0.31344 1E-05 -0.94961
vn -0.31343 0 -0.94961
vn -0.26696 0 -0.96371
vn -0.26696 0 -0.96371
vn -0.21944 0 -0.97563
vn -0.21943 0 -0.97563
vn -0.02489 -0 -0.99969
vn -0.07382 -0 -0.99727
vn -0.07382 -0 -0.99727
vn -0.12216 -0 -0.99251
vn -0.12216 -0 -0.99251
vn -0.17062 -0 -0.98534
vn -0.17063 0 -0.98534
vn -0.17062 0 -0.98534
vn -0.12216 0 -0.99251
vn -0.12215 0 -0.99251
vn -0.07382 0 -0.99727
vn -0.07381 0 -0.99727
vn -0.02489 0 -0.99969
vn -0.02488 0 -0.99969
vn -0.17062 -0 0.98534
vn -0.12216 -0 0.99251
vn -0.12215 -0 0.99251
vn -0.07382 -0 0.99727
vn -0.07381 -0 0.99727
vn -0.02489 -0 0.99969
vn -0.02488 0 0.99969
vn -0.02489 0 0.99969
vn -0.07382 0 0.99727
vn -0.07382 0 0.99727
vn -0.12216 0 0.99251
vn -0.12216 0 0.99251
vn -0.17062 0 0.98534
vn -0.17063 0 0.98534
vn -0.35956 -1E-05 0.93312
vn -0.31344 -1E-05 0.94961
vn -0.31343 -0 0.94961
vn -0.26696 -0 0.96371
vn -0.26696 -0 0.96371
vn -0.21944 -0 0.97563
vn -0.21943 0 0.97563
vn -0.21944 0 0.97563
vn -0.26696 0 0.96371
vn -0.26697 0 0.96371
vn -0.31344 0 0.94961
vn -0.31344 0 0.94961
vn -0.35956 0 0.93312
vn -0.35957 0 0.93312
vn -0.53468 -2E-05 0.84506
vn -0.4927 -2E-05 0.8702
vn -0.49267 -0 0.87022
vn -0.44986 -0 0.8931
vn -0.44984 0 0.89311
vn -0.40554 0 0.91408
vn -0.40556 0 0.91407
vn -0.40554 -1E-05 0.91408
vn -0.44986 -1E-05 0.8931
vn -0.44984 0 0.89311
vn -0.4927 0 0.8702
vn -0.49269 1E-05 0.87021
vn -0.53468 1E-05 0.84506
vn -0.53471 0 0.84504
vn -0.68928 -1E-05 0.72449
vn -0.653 -1E-05 0.75736
vn -0.65298 0 0.75737
vn -0.61545 0 0.78818
vn -0.61544 0 0.78818
vn -0.57607 0 0.8174
vn -0.57609 0 0.81739
vn -0.57607 -1E-05 0.8174
vn -0.61545 -1E-05 0.78818
vn -0.61543 -0 0.78819
vn -0.653 -0 0.75736
vn -0.65298 0 0.75737
vn -0.68928 0 0.72449
vn -0.68929 0 0.72448
vn -0.81742 3E-05 0.57604
vn -0.78819 3E-05 0.61543
vn -0.78821 2E-05 0.6154
vn -0.75736 2E-05 0.653
vn -0.75739 1E-05 0.65297
vn -0.72446 1E-05 0.68932
vn -0.72448 0 0.68929
vn -0.72446 -2E-05 0.68932
vn -0.75736 -2E-05 0.653
vn -0.75735 -2E-05 0.65301
vn -0.78819 -2E-05 0.61543
vn -0.78818 -1E-05 0.61545
vn -0.81742 -1E-05 0.57604
vn -0.81739 0 0.57609
vn -0.91408 1E-05 0.40553
vn -0.89309 1E-05 0.44987
vn -0.89311 -0 0.44984
vn -0.87019 -0 0.49271
vn -0.8702 -1E-05 0.49269
vn -0.84506 -1E-05 0.53467
vn -0.84504 0 0.53471
vn -0.84506 2E-05 0.53467
vn -0.87019 2E-05 0.49271
vn -0.87021 0 0.49267
vn -0.89309 0 0.44987
vn -0.89311 -0 0.44984
vn -0.91408 -0 0.40553
vn -0.91407 0 0.40556
vn -0.97564 3E-05 0.21938
vn -0.9637 3E-05 0.26698
vn -0.96371 1E-05 0.26695
vn -0.94959 1E-05 0.31348
vn -0.94961 -0 0.31344
vn -0.93312 -0 0.35956
vn -0.93312 0 0.35957
vn -0.93312 1E-05 0.35956
vn -0.94959 1E-05 0.31348
vn -0.9496 -1E-05 0.31345
vn -0.9637 -1E-05 0.26698
vn -0.9637 -1E-05 0.26698
vn -0.97564 -1E-05 0.21938
vn -0.97563 0 0.21943
vn -0.99969 -1E-05 0.02491
vn -0.99727 -1E-05 0.07385
vn -0.99727 -1E-05 0.07385
vn -0.99251 -1E-05 0.12217
vn -0.99251 -1E-05 0.12218
vn -0.98535 -1E-05 0.17056
vn -0.98534 0 0.17063
vn -0.98535 3E-05 0.17056
vn -0.99251 3E-05 0.12217
vn -0.99251 1E-05 0.12213
vn -0.99727 1E-05 0.07385
vn -0.99727 0 0.07381
vn -0.99969 0 0.02491
vn -0.99969 0 0.02488
usemtl mat1
f 1//1 2//1 3//1
f 2//2 4//2 3//2
f 3//3 4//3 5//3
f 4//4 6//4 5//4
f 5//5 6//5 7//5
f 6//6 8//6 7//6
f 7//7 8//7 9//7
f 8//8 6//8 10//8
f 6//9 4//9 10//9
f 10//10 4//10 11//10
f 4//11 2//11 11//11
f 11//12 2//12 12//12
f 2//13 1//13 12//13
f 12//14 1//14 13//14
f 14//15 15//15 16//15
f 15//16 17//16 16//16
f 16//17 17//17 18//17
f 17//18 19//18 18//18
f 18//19 19//19 20//19
f 19//20 13//20 20//20
f 20//21 13//21 1//21
f 1//22 21//22 20//22
f 21//23 22//23 20//23
f 20//24 22//24 18//24
f 22//25 23//25 18//25
f 18//26 23//26 16//26
f 23//27 24//27 16//27
f 16//28 24//28 14//28
f 25//29 26//29 27//29
f 26//30 28//30 27//30
f 27//31 28//31 29//31
f 28//32 30//32 29//32
f 29//33 30//33 31//33
f 30//34 14//34 31//34
f 31//35 14//35 24//35
f 24//36 32//36 31//36
f 32//37 33//37 31//37
f 31//38 33//38 29//38
f 33//39 34//39 29//39
f 29//40 34//40 27//40
f 34//41 35//41 27//41
f 27//42 35//42 25//42
f 36//43 37//43 38//43
f 37//44 39//44 38//44
f 38//45 39//45 40//45
f 39//46 41//46 40//46
f 40//47 41//47 42//47
f 41//48 25//48 42//48
f 42//49 25//49 35//49
f 25//50 41//50 43//50
f 41//51 39//51 43//51
f 43//52 39//52 44//52
f 39//53 37//53 44//53
f 44//54 37//54 45//54
f 37//55 36//55 45//55
f 45//56 36//56 46//56
f 47//57 48//57 49//57
f 48//58 50//58 49//58
f 49//59 50//59 51//59
f 50//60 52//60 51//60
f 51//61 52//61 53//61
f 52//62 54//62 53//62
f 53//63 54//63 8//63
f 54//64 52//64 55//64
f 52//65 50//65 55//65
f 55//66 50//66 56//66
f 50//67 48//67 56//67
f 56//68 48//68 57//68
f 48//69 47//69 57//69
f 57//70 47//70 58//70
f 59//71 60//71 61//71
f 60//72 62//72 61//72
f 61//73 62//73 63//73
f 62//74 64//74 63//74
f 63//75 64//75 65//75
f 64//76 58//76 65//76
f 65//77 58//77 47//77
f 47//78 66//78 65//78
f 66//79 67//79 65//79
f 65//80 67//80 63//80
f 67//81 68//81 63//81
f 63//82 68//82 61//82
f 68//83 69//83 61//83
f 61//84 69//84 59//84
f 70//85 71//85 72//85
f 71//86 73//86 72//86
f 72//87 73//87 74//87
f 73//88 75//88 74//88
f 74//89 75//89 76//89
f 75//90 59//90 76//90
f 76//91 59//91 69//91
f 69//92 77//92 76//92
f 77//93 78//93 76//93
f 76//94 78//94 74//94
f 78//95 79//95 74//95
f 74//96 79//96 72//96
f 79//97 80//97 72//97
f 72//98 80//98 70//98
f 81//99 82//99 83//99
f 82//100 84//100 83//100
f 83//101 84//101 85//101
f 84//102 86//102 85//102
f 85//103 86//103 87//103
f 86//104 70//104 87//104
f 87//105 70//105 80//105
f 70//106 86//106 88//106
f 86//107 84//107 88//107
f 88//108 84//108 89//108
f 84//109 82//109 89//109
f 89//110 82//110 90//110
f 82//111 81//111 90//111
f 90//112 81//112 91//112
f 92//113 93//113 94//113
f 95//114 92//114 96//114
f 96//115 92//115 94//115
f 96//116 94//116 97//116
f 98//117 95//117 99//117
f 99//118 95//118 96//118
f 99//119 96//119 100//119
f 100//120 96//120 97//120
f 100//121 97//121 101//121
f 102//122 98//122 103//122
f 103//123 98//123 99//123
f 103//124 99//124 104//124
f 104//125 99//125 100//125
f 104//126 100//126 105//126
f 105//127 100//127 101//127
f 105//128 101//128 106//128
f 94//129 93//129 107//129
f 97//130 94//130 108//130
f 108//131 94//131 107//131
f 108//132 107//132 109//132
f 101//133 97//133 110//133
f 110//134 97//134 108//134
f 110//135 108//135 111//135
f 111//136 108//136 109//136
f 111//137 109//137 112//137
f 106//138 101//138 113//138
f 113//139 101//139 110//139
f 113//140 110//140 114//140
f 114//141 110//141 111//141
f 114//142 111//142 115//142
f 115//143 111//143 112//143
f 115//144 112//144 116//144
f 115//145 116//145 117//145
f 114//146 115//146 118//146
f 118//147 115//147 117//147
f 118//148 117//148 119//148
f 113//149 114//149 120//149
f 120//150 114//150 118//150
f 120//151 118//151 121//151
f 121//152 118//152 119//152
f 121//153 119//153 122//153
f 106//154 113//154 123//154
f 123//155 113//155 120//155
f 123//156 120//156 124//156
f 124//157 120//157 121//157
f 124//158 121//158 125//158
f 125//159 121//159 122//159
f 125//160 122//160 126//160
f 117//161 116//161 127//161
f 119//162 117//162 128//162
f 128//163 117//163 127//163
f 128//164 127//164 129//164
f 122//165 119//165 130//165
f 130//166 119//166 128//166
f 130//167 128//167 131//167
f 131//168 128//168 129//168
f 131//169 129//169 132//169
f 126//170 122//170 133//170
f 133//171 122//171 130//171
f 133//172 130//172 134//172
f 134//173 130//173 131//173
f 134//174 131//174 135//174
f 135//175 131//175 132//175
f 135//176 132//176 136//176
f 135//177 136//177 137//177
f 134//178 135//178 138//178
f 138//179 135//179 137//179
f 138//180 137//180 139//180
f 133//181 134//181 140//181
f 140//182 134//182 138//182
f 140//183 138//183 141//183
f 141//184 138//184 139//184
f 141//185 139//185 142//185
f 126//186 133//186 143//186
f 143//187 133//187 140//187
f 143//188 140//188 144//188
f 144//189 140//189 141//189
f 144//190 141//190 145//190
f 145//191 141//191 142//191
f 145//192 142//192 146//192
f 137//193 136//193 147//193
f 139//194 137//194 148//194
f 148//195 137//195 147//195
f 148//196 147//196 149//196
f 142//197 139//197 150//197
f 150//198 139//198 148//198
f 150//199 148//199 151//199
f 151//200 148//200 149//200
f 151//201 149//201 152//201
f 146//202 142//202 153//202
f 153//203 142//203 150//203
f 153//204 150//204 154//204
f 154//205 150//205 151//205
f 154//206 151//206 155//206
f 155//207 151//207 152//207
f 155//208 152//208 156//208
f 155//209 156//209 157//209
f 154//210 155//210 158//210
f 158//211 155//211 157//211
f 158//212 157//212 159//212
f 153//213 154//213 160//213
f 160//214 154//214 158//214
f 160//215 158//215 161//215
f 161//216 158//216 159//216
f 161//217 159//217 162//217
f 146//218 153//218 163//218
f 163//219 153//219 160//219
f 163//220 160//220 164//220
f 164//221 160//221 161//221
f 164//222 161//222 165//222
f 165//223 161//223 162//223
f 165//224 162//224 166//224
f 157//225 156//225 167//225
f 159//226 157//226 168//226
f 168//227 157//227 167//227
f 168//228 167//228 169//228
f 162//229 159//229 170//229
f 170//230 159//230 168//230
f 170//231 168//231 171//231
f 171//232 168//232 169//232
f 171//233 169//233 172//233
f 166//234 162//234 173//234
f 173//235 162//235 170//235
f 173//236 170//236 174//236
f 174//237 170//237 171//237
f 174//238 171//238 175//238
f 175//239 171//239 172//239
f 175//240 172//240 176//240
f 175//241 176//241 177//241
f 174//242 175//242 178//242
f 178//243 175//243 177//243
f 178//244 177//244 179//244
f 173//245 174//245 180//245
f 180//246 174//246 178//246
f 180//247 178//247 181//247
f 181//248 178//248 179//248
f 181//249 179//249 182//249
f 166//250 173//250 183//250
f 183//251 173//251 180//251
f 183//252 180//252 184//252
f 184//253 180//253 181//253
f 184//254 181//254 185//254
f 185//255 181//255 182//255
f 185//256 182//256 186//256
f 177//257 176//257 187//257
f 179//258 177//258 188//258
f 188//259 177//259 187//259
f 188//260 187//260 189//260
f 182//261 179//261 190//261
f 190//262 179//262 188//262
f 190//263 188//263 191//263
f 191//264 188//264 189//264
f 191//265 189//265 192//265
f 186//266 182//266 193//266
f 193//267 182//267 190//267
f 193//268 190//268 194//268
f 194//269 190//269 191//269
f 194//270 191//270 195//270
f 195//271 191//271 192//271
f 195//272 192//272 196//272
f 195//273 196//273 197//273
f 194//274 195//274 198//274
f 198//275 195//275 197//275
f 198//276 197//276 199//276
f 193//277 194//277 200//277
f 200//278 194//278 198//278
f 200//279 198//279 201//279
f 201//280 198//280 199//280
f 201//281 199//281 202//281
f 186//282 193//282 203//282
f 203//283 193//283 200//283
f 203//284 200//284 204//284
f 204//285 200//285 201//285
f 204//286 201//286 205//286
f 205//287 201//287 202//287
f 205//288 202//288 206//288
f 197//289 196//289 207//289
f 199//290 197//290 208//290
f 208//291 197//291 207//291
f 208//292 207//292 209//292
f 202//293 199//293 210//293
f 210//294 199//294 208//294
f 210//295 208//295 211//295
f 211//296 208//296 209//296
f 211//297 209//297 212//297
f 206//298 202//298 213//298
f 213//299 202//299 210//299
f 213//300 210//300 214//300
f 214//301 210//301 211//301
f 214//302 211//302 215//302
f 215//303 211//303 212//303
f 215//304 212//304 216//304
f 215//305 216//305 217//305
f 214//306 215//306 218//306
f 218//307 215//307 217//307
f 218//308 217//308 219//308
f 213//309 214//309 220//309
f 220//310 214//310 218//310
f 220//311 218//311 221//311
f 221//312 218//312 219//312
f 221//313 219//313 222//313
f 206//314 213//314 223//314
f 223//315 213//315 220//315
f 223//316 220//316 224//316
f 224//317 220//317 221//317
f 224//318 221//318 225//318
f 225//319 221//319 222//319
f 225//320 222//320 226//320
f 217//321 216//321 227//321
f 219//322 217//322 228//322
f 228//323 217//323 227//323
f 228//324 227//324 229//324
f 222//325 219//325 230//325
f 230//326 219//326 228//326
f 230//327 228//327 231//327
f 231//328 228//328 229//328
f 231//329 229//329 232//329
f 226//330 222//330 233//330
f 233//331 222//331 230//331
f 233//332 230//332 234//332
f 234//333 230//333 231//333
f 234//334 231//334 235//334
f 235//335 231//335 232//335
f 235//336 232//336 236//336
f 235//337 236//337 237//337
f 234//338 235//338 238//338
f 238//339 235//339 237//339
f 238//340 237//340 239//340
f 233//341 234//341 240//341
f 240//342 234//342 238//342
f 240//343 238//343 241//343
f 241//344 238//344 239//344
f 241//345 239//345 242//345
f 226//346 233//346 243//346
f 243//347 233//347 240//347
f 243//348 240//348 244//348
f 244//349 240//349 241//349
f 244//350 241//350 245//350
f 245//351 241//351 242//351
f 245//352 242//352 70//352
f 237//353 236//353 246//353
f 239//354 237//354 247//354
f 247//355 237//355 246//355
f 247//356 246//356 248//356
f 242//357 239//357 249//357
f 249//358 239//358 247//358
f 249//359 247//359 250//359
f 250//360 247//360 248//360
f 250//361 248//361 251//361
f 70//362 242//362 71//362
f 71//363 242//363 249//363
f 71//364 249//364 73//364
f 73//365 249//365 250//365
f 73//366 250//366 75//366
f 75//367 250//367 251//367
f 75//368 251//368 59//368
f 246//369 236//369 252//369
f 248//370 246//370 253//370
f 253//371 246//371 252//371
f 253//372 252//372 254//372
f 251//373 248//373 255//373
f 255//374 248//374 253//374
f 255//375 253//375 256//375
f 256//376 253//376 254//376
f 256//377 254//377 257//377
f 59//378 251//378 258//378
f 258//379 251//379 255//379
f 258//380 255//380 259//380
f 259//381 255//381 256//381
f 259//382 256//382 260//382
f 260//383 256//383 257//383
f 260//384 257//384 261//384
f 260//385 261//385 262//385
f 259//386 260//386 263//386
f 263//387 260//387 262//387
f 263//388 262//388 264//388
f 258//389 259//389 265//389
f 265//390 259//390 263//390
f 265//391 263//391 266//391
f 266//392 263//392 264//392
f 266//393 264//393 267//393
f 59//394 258//394 60//394
f 60//395 258//395 265//395
f 60//396 265//396 62//396
f 62//397 265//397 266//397
f 62//398 266//398 64//398
f 64//399 266//399 267//399
f 64//400 267//400 58//400
f 262//401 261//401 268//401
f 264//402 262//402 269//402
f 269//403 262//403 268//403
f 269//404 268//404 270//404
f 267//405 264//405 271//405
f 271//406 264//406 269//406
f 271//407 269//407 272//407
f 272//408 269//408 270//408
f 272//409 270//409 273//409
f 58//410 267//410 274//410
f 274//411 267//411 271//411
f 274//412 271//412 275//412
f 275//413 271//413 272//413
f 275//414 272//414 276//414
f 276//415 272//415 273//415
f 276//416 273//416 277//416
f 276//417 277//417 278//417
f 275//418 276//418 279//418
f 279//419 276//419 278//419
f 279//420 278//420 280//420
f 274//421 275//421 281//421
f 281//422 275//422 279//422
f 281//423 279//423 282//423
f 282//424 279//424 280//424
f 282//425 280//425 283//425
f 58//426 274//426 57//426
f 57//427 274//427 281//427
f 57//428 281//428 56//428
f 56//429 281//429 282//429
f 56//430 282//430 55//430
f 55//431 282//431 283//431
f 55//432 283//432 54//432
f 278//433 277//433 284//433
f 280//434 278//434 285//434
f 285//435 278//435 284//435
f 285//436 284//436 286//436
f 283//437 280//437 287//437
f 287//438 280//438 285//438
f 287//439 285//439 288//439
f 288//440 285//440 286//440
f 288//441 286//441 289//441
f 54//442 283//442 290//442
f 290//443 283//443 287//443
f 290//444 287//444 291//444
f 291//445 287//445 288//445
f 291//446 288//446 292//446
f 292//447 288//447 289//447
f 292//448 289//448 293//448
f 284//449 277//449 294//449
f 286//450 284//450 295//450
f 295//451 284//451 294//451
f 295//452 294//452 296//452
f 289//453 286//453 297//453
f 297//454 286//454 295//454
f 297//455 295//455 298//455
f 298//456 295//456 296//456
f 298//457 296//457 299//457
f 293//458 289//458 300//458
f 300//459 289//459 297//459
f 300//460 297//460 301//460
f 301//461 297//461 298//461
f 301//462 298//462 302//462
f 302//463 298//463 299//463
f 302//464 299//464 303//464
f 302//465 303//465 304//465
f 301//466 302//466 305//466
f 305//467 302//467 304//467
f 305//468 304//468 306//468
f 300//469 301//469 307//469
f 307//470 301//470 305//470
f 307//471 305//471 308//471
f 308//472 305//472 306//472
f 308//473 306//473 309//473
f 293//474 300//474 310//474
f 310//475 300//475 307//475
f 310//476 307//476 311//476
f 311//477 307//477 308//477
f 311//478 308//478 312//478
f 312//479 308//479 309//479
f 312//480 309//480 313//480
f 304//481 303//481 314//481
f 306//482 304//482 315//482
f 315//483 304//483 314//483
f 315//484 314//484 316//484
f 309//485 306//485 317//485
f 317//486 306//486 315//486
f 317//487 315//487 318//487
f 318//488 315//488 316//488
f 318//489 316//489 319//489
f 313//490 309//490 320//490
f 320//491 309//491 317//491
f 320//492 317//492 321//492
f 321//493 317//493 318//493
f 321//494 318//494 322//494
f 322//495 318//495 319//495
f 322//496 319//496 323//496
f 322//497 323//497 324//497
f 321//498 322//498 325//498
f 325//499 322//499 324//499
f 325//500 324//500 326//500
f 320//501 321//501 327//501
f 327//502 321//502 325//502
f 327//503 325//503 328//503
f 328//504 325//504 326//504
f 328//505 326//505 329//505
f 313//506 320//506 330//506
f 330//507 320//507 327//507
f 330//508 327//508 331//508
f 331//509 327//509 328//509
f 331//510 328//510 332//510
f 332//511 328//511 329//511
f 332//512 329//512 333//512
f 324//513 323//513 334//513
f 326//514 324//514 335//514
f 335//515 324//515 334//515
f 335//516 334//516 336//516
f 329//517 326//517 337//517
f 337//518 326//518 335//518
f 337//519 335//519 338//519
f 338//520 335//520 336//520
f 338//521 336//521 339//521
f 333//522 329//522 340//522
f 340//523 329//523 337//523
f 340//524 337//524 341//524
f 341//525 337//525 338//525
f 341//526 338//526 342//526
f 342//527 338//527 339//527
f 342//528 339//528 343//528
f 342//529 343//529 344//529
f 341//530 342//530 345//530
f 345//531 342//531 344//531
f 345//532 344//532 346//532
f 340//533 341//533 347//533
f 347//534 341//534 345//534
f 347//535 345//535 348//535
f 348//536 345//536 346//536
f 348//537 346//537 349//537
f 333//538 340//538 350//538
f 350//539 340//539 347//539
f 350//540 347//540 351//540
f 351//541 347//541 348//541
f 351//542 348//542 352//542
f 352//543 348//543 349//543
f 352//544 349//544 353//544
f 344//545 343//545 354//545
f 346//546 344//546 355//546
f 355//547 344//547 354//547
f 355//548 354//548 356//548
f 349//549 346//549 357//549
f 357//550 346//550 355//550
f 357//551 355//551 358//551
f 358//552 355//552 356//552
f 358//553 356//553 359//553
f 353//554 349//554 360//554
f 360//555 349//555 357//555
f 360//556 357//556 361//556
f 361//557 357//557 358//557
f 361//558 358//558 362//558
f 362//559 358//559 359//559
f 362//560 359//560 363//560
f 362//561 363//561 364//561
f 361//562 362//562 365//562
f 365//563 362//563 364//563
f 365//564 364//564 366//564
f 360//565 361//565 367//565
f 367//566 361//566 365//566
f 367//567 365//567 368//567
f 368//568 365//568 366//568
f 368//569 366//569 369//569
f 353//570 360//570 370//570
f 370//571 360//571 367//571
f 370//572 367//572 371//572
f 371//573 367//573 368//573
f 371//574 368//574 372//574
f 372//575 368//575 369//575
f 372//576 369//576 373//576
f 364//577 363//577 374//577
f 366//578 364//578 375//578
f 375//579 364//579 374//579
f 375//580 374//580 376//580
f 369//581 366//581 377//581
f 377//582 366//582 375//582
f 377//583 375//583 378//583
f 378//584 375//584 376//584
f 378//585 376//585 379//585
f 373//586 369//586 380//586
f 380//587 369//587 377//587
f 380//588 377//588 381//588
f 381//589 377//589 378//589
f 381//590 378//590 382//590
f 382//591 378//591 379//591
f 382//592 379//592 383//592
f 382//593 383//593 384//593
f 381//594 382//594 385//594
f 385//595 382//595 384//595
f 385//596 384//596 386//596
f 380//597 381//597 387//597
f 387//598 381//598 385//598
f 387//599 385//599 388//599
f 388//600 385//600 386//600
f 388//601 386//601 389//601
f 373//602 380//602 390//602
f 390//603 380//603 387//603
f 390//604 387//604 391//604
f 391//605 387//605 388//605
f 391//606 388//606 392//606
f 392//607 388//607 389//607
f 392//608 389//608 393//608
f 384//609 383//609 394//609
f 386//610 384//610 395//610
f 395//611 384//611 394//611
f 395//612 394//612 396//612
f 389//613 386//613 397//613
f 397//614 386//614 395//614
f 397//615 395//615 398//615
f 398//616 395//616 396//616
f 398//617 396//617 399//617
f 393//618 389//618 400//618
f 400//619 389//619 397//619
f 400//620 397//620 401//620
f 401//621 397//621 398//621
f 401//622 398//622 402//622
f 402//623 398//623 399//623
f 402//624 399//624 403//624
f 402//625 403//625 404//625
f 401//626 402//626 405//626
f 405//627 402//627 404//627
f 405//628 404//628 406//628
f 400//629 401//629 407//629
f 407//630 401//630 405//630
f 407//631 405//631 408//631
f 408//632 405//632 406//632
f 408//633 406//633 409//633
f 393//634 400//634 410//634
f 410//635 400//635 407//635
f 410//636 407//636 411//636
f 411//637 407//637 408//637
f 411//638 408//638 412//638
f 412//639 408//639 409//639
f 412//640 409//640 413//640
f 404//641 403//641 414//641
f 406//642 404//642 415//642
f 415//643 404//643 414//643
f 415//644 414//644 416//644
f 409//645 406//645 417//645
f 417//646 406//646 415//646
f 417//647 415//647 418//647
f 418//648 415//648 416//648
f 418//649 416//649 419//649
f 413//650 409//650 420//650
f 420//651 409//651 417//651
f 420//652 417//652 421//652
f 421//653 417//653 418//653
f 421//654 418//654 422//654
f 422//655 418//655 419//655
f 422//656 419//656 423//656
f 414//657 403//657 424//657
f 416//658 414//658 425//658
f 425//659 414//659 424//659
f 425//660 424//660 426//660
f 419//661 416//661 427//661
f 427//662 416//662 425//662
f 427//663 425//663 428//663
f 428//664 425//664 426//664
f 428//665 426//665 429//665
f 423//666 419//666 430//666
f 430//667 419//667 427//667
f 430//668 427//668 431//668
f 431//669 427//669 428//669
f 431//670 428//670 432//670
f 432//671 428//671 429//671
f 432//672 429//672 433//672
f 432//673 433//673 434//673
f 431//674 432//674 435//674
f 435//675 432//675 434//675
f 435//676 434//676 436//676
f 430//677 431//677 437//677
f 437//678 431//678 435//678
f 437//679 435//679 438//679
f 438//680 435//680 436//680
f 438//681 436//681 439//681
f 423//682 430//682 440//682
f 440//683 430//683 437//683
f 440//684 437//684 441//684
f 441//685 437//685 438//685
f 441//686 438//686 442//686
f 442//687 438//687 439//687
f 442//688 439//688 443//688
f 434//689 433//689 444//689
f 436//690 434//690 445//690
f 445//691 434//691 444//691
f 445//692 444//692 446//692
f 439//693 436//693 447//693
f 447//694 436//694 445//694
f 447//695 445//695 448//695
f 448//696 445//696 446//696
f 448//697 446//697 449//697
f 443//698 439//698 450//698
f 450//699 439//699 447//699
f 450//700 447//700 451//700
f 451//701 447//701 448//701
f 451//702 448//702 452//702
f 452//703 448//703 449//703
f 452//704 449//704 116//704
f 452//705 116//705 112//705
f 451//706 452//706 453//706
f 453//707 452//707 112//707
f 453//708 112//708 109//708
f 450//709 451//709 454//709
f 454//710 451//710 453//710
f 454//711 453//711 455//711
f 455//712 453//712 109//712
f 455//713 109//713 107//713
f 443//714 450//714 456//714
f 456//715 450//715 454//715
f 456//716 454//716 457//716
f 457//717 454//717 455//717
f 457//718 455//718 458//718
f 458//719 455//719 107//719
f 458//720 107//720 93//720
f 90//721 91//721 459//721
f 89//722 90//722 460//722
f 460//723 90//723 459//723
f 460//724 459//724 461//724
f 88//725 89//725 462//725
f 462//726 89//726 460//726
f 462//727 460//727 463//727
f 463//728 460//728 461//728
f 463//729 461//729 464//729
f 70//730 88//730 245//730
f 245//731 88//731 462//731
f 245//732 462//732 244//732
f 244//733 462//733 463//733
f 244//734 463//734 243//734
f 243//735 463//735 464//735
f 243//736 464//736 226//736
f 127//737 116//737 449//737
f 129//738 127//738 465//738
f 465//739 127//739 449//739
f 465//740 449//740 446//740
f 132//741 129//741 466//741
f 466//742 129//742 465//742
f 466//743 465//743 467//743
f 467//744 465//744 446//744
f 467//745 446//745 444//745
f 136//746 132//746 468//746
f 468//747 132//747 466//747
f 468//748 466//748 469//748
f 469//749 466//749 467//749
f 469//750 467//750 470//750
f 470//751 467//751 444//751
f 470//752 444//752 433//752
f 424//753 403//753 471//753
f 426//754 424//754 472//754
f 472//755 424//755 471//755
f 472//756 471//756 473//756
f 429//757 426//757 474//757
f 474//758 426//758 472//758
f 474//759 472//759 475//759
f 475//760 472//760 473//760
f 475//761 473//761 476//761
f 433//762 429//762 477//762
f 477//763 429//763 474//763
f 477//764 474//764 478//764
f 478//765 474//765 475//765
f 478//766 475//766 479//766
f 479//767 475//767 476//767
f 479//768 476//768 480//768
f 471//769 403//769 399//769
f 473//770 471//770 481//770
f 481//771 471//771 399//771
f 481//772 399//772 396//772
f 476//773 473//773 482//773
f 482//774 473//774 481//774
f 482//775 481//775 483//775
f 483//776 481//776 396//776
f 483//777 396//777 394//777
f 480//778 476//778 484//778
f 484//779 476//779 482//779
f 484//780 482//780 485//780
f 485//781 482//781 483//781
f 485//782 483//782 486//782
f 486//783 483//783 394//783
f 486//784 394//784 383//784
f 486//785 383//785 487//785
f 485//786 486//786 488//786
f 488//787 486//787 487//787
f 488//788 487//788 489//788
f 484//789 485//789 490//789
f 490//790 485//790 488//790
f 490//791 488//791 491//791
f 491//792 488//792 489//792
f 491//793 489//793 492//793
f 480//794 484//794 493//794
f 493//795 484//795 490//795
f 493//796 490//796 494//796
f 494//797 490//797 491//797
f 494//798 491//798 495//798
f 495//799 491//799 492//799
f 495//800 492//800 496//800
f 487//801 383//801 379//801
f 489//802 487//802 497//802
f 497//803 487//803 379//803
f 497//804 379//804 376//804
f 492//805 489//805 498//805
f 498//806 489//806 497//806
f 498//807 497//807 499//807
f 499//808 497//808 376//808
f 499//809 376//809 374//809
f 496//810 492//810 500//810
f 500//811 492//811 498//811
f 500//812 498//812 501//812
f 501//813 498//813 499//813
f 501//814 499//814 502//814
f 502//815 499//815 374//815
f 502//816 374//816 363//816
f 502//817 363//817 503//817
f 501//818 502//818 504//818
f 504//819 502//819 503//819
f 504//820 503//820 505//820
f 500//821 501//821 506//821
f 506//822 501//822 504//822
f 506//823 504//823 507//823
f 507//824 504//824 505//824
f 507//825 505//825 508//825
f 496//826 500//826 509//826
f 509//827 500//827 506//827
f 509//828 506//828 510//828
f 510//829 506//829 507//829
f 510//830 507//830 511//830
f 511//831 507//831 508//831
f 511//832 508//832 512//832
f 503//833 363//833 359//833
f 505//834 503//834 513//834
f 513//835 503//835 359//835
f 513//836 359//836 356//836
f 508//837 505//837 514//837
f 514//838 505//838 513//838
f 514//839 513//839 515//839
f 515//840 513//840 356//840
f 515//841 356//841 354//841
f 512//842 508//842 516//842
f 516//843 508//843 514//843
f 516//844 514//844 517//844
f 517//845 514//845 515//845
f 517//846 515//846 518//846
f 518//847 515//847 354//847
f 518//848 354//848 343//848
f 518//849 343//849 519//849
f 517//850 518//850 520//850
f 520//851 518//851 519//851
f 520//852 519//852 521//852
f 516//853 517//853 522//853
f 522//854 517//854 520//854
f 522//855 520//855 523//855
f 523//856 520//856 521//856
f 523//857 521//857 524//857
f 512//858 516//858 525//858
f 525//859 516//859 522//859
f 525//860 522//860 526//860
f 526//861 522//861 523//861
f 526//862 523//862 527//862
f 527//863 523//863 524//863
f 527//864 524//864 528//864
f 519//865 343//865 339//865
f 521//866 519//866 529//866
f 529//867 519//867 339//867
f 529//868 339//868 336//868
f 524//869 521//869 530//869
f 530//870 521//870 529//870
f 530//871 529//871 531//871
f 531//872 529//872 336//872
f 531//873 336//873 334//873
f 528//874 524//874 532//874
f 532//875 524//875 530//875
f 532//876 530//876 533//876
f 533//877 530//877 531//877
f 533//878 531//878 534//878
f 534//879 531//879 334//879
f 534//880 334//880 323//880
f 534//881 323//881 535//881
f 533//882 534//882 536//882
f 536//883 534//883 535//883
f 536//884 535//884 537//884
f 532//885 533//885 538//885
f 538//886 533//886 536//886
f 538//887 536//887 539//887
f 539//888 536//888 537//888
f 539//889 537//889 540//889
f 528//890 532//890 541//890
f 541//891 532//891 538//891
f 541//892 538//892 542//892
f 542//893 538//893 539//893
f 542//894 539//894 543//894
f 543//895 539//895 540//895
f 543//896 540//896 544//896
f 535//897 323//897 319//897
f 537//898 535//898 545//898
f 545//899 535//899 319//899
f 545//900 319//900 316//900
f 540//901 537//901 546//901
f 546//902 537//902 545//902
f 546//903 545//903 547//903
f 547//904 545//904 316//904
f 547//905 316//905 314//905
f 544//906 540//906 548//906
f 548//907 540//907 546//907
f 548//908 546//908 549//908
f 549//909 546//909 547//909
f 549//910 547//910 550//910
f 550//911 547//911 314//911
f 550//912 314//912 303//912
f 550//913 303//913 551//913
f 549//914 550//914 552//914
f 552//915 550//915 551//915
f 552//916 551//916 553//916
f 548//917 549//917 554//917
f 554//918 549//918 552//918
f 554//919 552//919 555//919
f 555//920 552//920 553//920
f 555//921 553//921 556//921
f 544//922 548//922 557//922
f 557//923 548//923 554//923
f 557//924 554//924 558//924
f 558//925 554//925 555//925
f 558//926 555//926 559//926
f 559//927 555//927 556//927
f 559//928 556//928 261//928
f 551//929 303//929 299//929
f 553//930 551//930 560//930
f 560//931 551//931 299//931
f 560//932 299//932 296//932
f 556//933 553//933 561//933
f 561//934 553//934 560//934
f 561//935 560//935 562//935
f 562//936 560//936 296//936
f 562//937 296//937 294//937
f 261//938 556//938 268//938
f 268//939 556//939 561//939
f 268//940 561//940 270//940
f 270//941 561//941 562//941
f 270//942 562//942 273//942
f 273//943 562//943 294//943
f 273//944 294//944 277//944
f 147//945 136//945 563//945
f 149//946 147//946 564//946
f 564//947 147//947 563//947
f 564//948 563//948 565//948
f 152//949 149//949 566//949
f 566//950 149//950 564//950
f 566//951 564//951 567//951
f 567//952 564//952 565//952
f 567//953 565//953 568//953
f 156//954 152//954 569//954
f 569//955 152//955 566//955
f 569//956 566//956 570//956
f 570//957 566//957 567//957
f 570//958 567//958 571//958
f 571//959 567//959 568//959
f 571//960 568//960 480//960
f 563//961 136//961 468//961
f 565//962 563//962 572//962
f 572//963 563//963 468//963
f 572//964 468//964 469//964
f 568//965 565//965 573//965
f 573//966 565//966 572//966
f 573//967 572//967 574//967
f 574//968 572//968 469//968
f 574//969 469//969 470//969
f 480//970 568//970 479//970
f 479//971 568//971 573//971
f 479//972 573//972 478//972
f 478//973 573//973 574//973
f 478//974 574//974 477//974
f 477//975 574//975 470//975
f 477//976 470//976 433//976
f 571//977 480//977 493//977
f 570//978 571//978 575//978
f 575//979 571//979 493//979
f 575//980 493//980 494//980
f 569//981 570//981 576//981
f 576//982 570//982 575//982
f 576//983 575//983 577//983
f 577//984 575//984 494//984
f 577//985 494//985 495//985
f 156//986 569//986 578//986
f 578//987 569//987 576//987
f 578//988 576//988 579//988
f 579//989 576//989 577//989
f 579//990 577//990 580//990
f 580//991 577//991 495//991
f 580//992 495//992 496//992
f 167//993 156//993 578//993
f 169//994 167//994 581//994
f 581//995 167//995 578//995
f 581//996 578//996 579//996
f 172//997 169//997 582//997
f 582//998 169//998 581//998
f 582//999 581//999 583//999
f 583//1000 581//1000 579//1000
f 583//1001 579//1001 580//1001
f 176//1002 172//1002 584//1002
f 584//1003 172//1003 582//1003
f 584//1004 582//1004 585//1004
f 585//1005 582//1005 583//1005
f 585//1006 583//1006 586//1006
f 586//1007 583//1007 580//1007
f 586//1008 580//1008 496//1008
f 586//1009 496//1009 509//1009
f 585//1010 586//1010 587//1010
f 587//1011 586//1011 509//1011
f 587//1012 509//1012 510//1012
f 584//1013 585//1013 588//1013
f 588//1014 585//1014 587//1014
f 588//1015 587//1015 589//1015
f 589//1016 587//1016 510//1016
f 589//1017 510//1017 511//1017
f 176//1018 584//1018 590//1018
f 590//1019 584//1019 588//1019
f 590//1020 588//1020 591//1020
f 591//1021 588//1021 589//1021
f 591//1022 589//1022 592//1022
f 592//1023 589//1023 511//1023
f 592//1024 511//1024 512//1024
f 187//1025 176//1025 590//1025
f 189//1026 187//1026 593//1026
f 593//1027 187//1027 590//1027
f 593//1028 590//1028 591//1028
f 192//1029 189//1029 594//1029
f 594//1030 189//1030 593//1030
f 594//1031 593//1031 595//1031
f 595//1032 593//1032 591//1032
f 595//1033 591//1033 592//1033
f 196//1034 192//1034 596//1034
f 596//1035 192//1035 594//1035
f 596//1036 594//1036 597//1036
f 597//1037 594//1037 595//1037
f 597//1038 595//1038 598//1038
f 598//1039 595//1039 592//1039
f 598//1040 592//1040 512//1040
f 598//1041 512//1041 525//1041
f 597//1042 598//1042 599//1042
f 599//1043 598//1043 525//1043
f 599//1044 525//1044 526//1044
f 596//1045 597//1045 600//1045
f 600//1046 597//1046 599//1046
f 600//1047 599//1047 601//1047
f 601//1048 599//1048 526//1048
f 601//1049 526//1049 527//1049
f 196//1050 596//1050 602//1050
f 602//1051 596//1051 600//1051
f 602//1052 600//1052 603//1052
f 603//1053 600//1053 601//1053
f 603//1054 601//1054 604//1054
f 604//1055 601//1055 527//1055
f 604//1056 527//1056 528//1056
f 207//1057 196//1057 602//1057
f 209//1058 207//1058 605//1058
f 605//1059 207//1059 602//1059
f 605//1060 602//1060 603//1060
f 212//1061 209//1061 606//1061
f 606//1062 209//1062 605//1062
f 606//1063 605//1063 607//1063
f 607//1064 605//1064 603//1064
f 607//1065 603//1065 604//1065
f 216//1066 212//1066 608//1066
f 608//1067 212//1067 606//1067
f 608//1068 606//1068 609//1068
f 609//1069 606//1069 607//1069
f 609//1070 607//1070 610//1070
f 610//1071 607//1071 604//1071
f 610//1072 604//1072 528//1072
f 610//1073 528//1073 541//1073
f 609//1074 610//1074 611//1074
f 611//1075 610//1075 541//1075
f 611//1076 541//1076 542//1076
f 608//1077 609//1077 612//1077
f 612//1078 609//1078 611//1078
f 612//1079 611//1079 613//1079
f 613//1080 611//1080 542//1080
f 613//1081 542//1081 543//1081
f 216//1082 608//1082 614//1082
f 614//1083 608//1083 612//1083
f 614//1084 612//1084 615//1084
f 615//1085 612//1085 613//1085
f 615//1086 613//1086 616//1086
f 616//1087 613//1087 543//1087
f 616//1088 543//1088 544//1088
f 227//1089 216//1089 614//1089
f 229//1090 227//1090 617//1090
f 617//1091 227//1091 614//1091
f 617//1092 614//1092 615//1092
f 232//1093 229//1093 618//1093
f 618//1094 229//1094 617//1094
f 618//1095 617//1095 619//1095
f 619//1096 617//1096 615//1096
f 619//1097 615//1097 616//1097
f 236//1098 232//1098 620//1098
f 620//1099 232//1099 618//1099
f 620//1100 618//1100 621//1100
f 621//1101 618//1101 619//1101
f 621//1102 619//1102 622//1102
f 622//1103 619//1103 616//1103
f 622//1104 616//1104 544//1104
f 622//1105 544//1105 557//1105
f 621//1106 622//1106 623//1106
f 623//1107 622//1107 557//1107
f 623//1108 557//1108 558//1108
f 620//1109 621//1109 624//1109
f 624//1110 621//1110 623//1110
f 624//1111 623//1111 625//1111
f 625//1112 623//1112 558//1112
f 625//1113 558//1113 559//1113
f 236//1114 620//1114 252//1114
f 252//1115 620//1115 624//1115
f 252//1116 624//1116 254//1116
f 254//1117 624//1117 625//1117
f 254//1118 625//1118 257//1118
f 257//1119 625//1119 559//1119
f 257//1120 559//1120 261//1120
f 626//1121 627//1121 628//1121
f 627//1122 629//1122 628//1122
f 628//1123 629//1123 630//1123
f 629//1124 631//1124 630//1124
f 630//1125 631//1125 632//1125
f 631//1126 102//1126 632//1126
f 632//1126 102//1126 633//1126
f 102//1126 631//1126 98//1126
f 631//1127 629//1127 98//1127
f 98//1128 629//1128 95//1128
f 629//1129 627//1129 95//1129
f 95//1130 627//1130 92//1130
f 627//1131 626//1131 92//1131
f 92//1132 626//1132 93//1132
f 443//1133 456//1133 634//1133
f 456//1134 457//1134 634//1134
f 634//1135 457//1135 635//1135
f 457//1136 458//1136 635//1136
f 635//1137 458//1137 636//1137
f 458//1138 93//1138 636//1138
f 636//1139 93//1139 626//1139
f 626//1140 637//1140 636//1140
f 637//1141 638//1141 636//1141
f 636//1142 638//1142 635//1142
f 638//1143 639//1143 635//1143
f 635//1144 639//1144 634//1144
f 639//1145 640//1145 634//1145
f 634//1146 640//1146 443//1146
f 423//1147 440//1147 641//1147
f 440//1148 441//1148 641//1148
f 641//1149 441//1149 642//1149
f 441//1150 442//1150 642//1150
f 642//1151 442//1151 643//1151
f 442//1152 443//1152 643//1152
f 643//1153 443//1153 640//1153
f 640//1154 644//1154 643//1154
f 644//1155 645//1155 643//1155
f 643//1156 645//1156 642//1156
f 645//1157 646//1157 642//1157
f 642//1158 646//1158 641//1158
f 646//1159 647//1159 641//1159
f 641//1160 647//1160 423//1160
f 648//1161 649//1161 650//1161
f 649//1162 651//1162 650//1162
f 650//1163 651//1163 652//1163
f 651//1164 653//1164 652//1164
f 652//1165 653//1165 654//1165
f 653//1166 423//1166 654//1166
f 654//1167 423//1167 647//1167
f 423//1168 653//1168 422//1168
f 653//1169 651//1169 422//1169
f 422//1170 651//1170 421//1170
f 651//1171 649//1171 421//1171
f 421//1172 649//1172 420//1172
f 649//1161 648//1161 420//1161
f 420//1161 648//1161 413//1161
f 655//1173 656//1173 657//1173
f 658//1174 655//1174 659//1174
f 659//1175 655//1175 657//1175
f 659//1176 657//1176 660//1176
f 661//1177 658//1177 662//1177
f 662//1178 658//1178 659//1178
f 662//1179 659//1179 663//1179
f 663//1180 659//1180 660//1180
f 663//1181 660//1181 664//1181
f 665//1182 661//1182 666//1182
f 666//1183 661//1183 662//1183
f 666//1184 662//1184 667//1184
f 667//1185 662//1185 663//1185
f 667//1186 663//1186 668//1186
f 668//1187 663//1187 664//1187
f 668//1188 664//1188 669//1188
f 657//1189 656//1189 670//1189
f 660//1190 657//1190 671//1190
f 671//1191 657//1191 670//1191
f 671//1192 670//1192 672//1192
f 664//1193 660//1193 673//1193
f 673//1194 660//1194 671//1194
f 673//1195 671//1195 674//1195
f 674//1196 671//1196 672//1196
f 674//1197 672//1197 675//1197
f 669//1198 664//1198 676//1198
f 676//1199 664//1199 673//1199
f 676//1200 673//1200 677//1200
f 677//1201 673//1201 674//1201
f 677//1202 674//1202 678//1202
f 678//1203 674//1203 675//1203
f 678//1204 675//1204 679//1204
f 678//1205 679//1205 680//1205
f 677//1206 678//1206 681//1206
f 681//1207 678//1207 680//1207
f 681//1208 680//1208 682//1208
f 676//1209 677//1209 683//1209
f 683//1210 677//1210 681//1210
f 683//1211 681//1211 684//1211
f 684//1212 681//1212 682//1212
f 684//1213 682//1213 685//1213
f 669//1214 676//1214 686//1214
f 686//1215 676//1215 683//1215
f 686//1216 683//1216 687//1216
f 687//1217 683//1217 684//1217
f 687//1218 684//1218 688//1218
f 688//1219 684//1219 685//1219
f 688//1220 685//1220 689//1220
f 680//1221 679//1221 690//1221
f 682//1222 680//1222 691//1222
f 691//1223 680//1223 690//1223
f 691//1224 690//1224 692//1224
f 685//1225 682//1225 693//1225
f 693//1226 682//1226 691//1226
f 693//1227 691//1227 694//1227
f 694//1228 691//1228 692//1228
f 694//1229 692//1229 695//1229
f 689//1230 685//1230 696//1230
f 696//1231 685//1231 693//1231
f 696//1232 693//1232 697//1232
f 697//1233 693//1233 694//1233
f 697//1234 694//1234 698//1234
f 698//1235 694//1235 695//1235
f 698//1236 695//1236 699//1236
f 698//1237 699//1237 700//1237
f 697//1238 698//1238 701//1238
f 701//1239 698//1239 700//1239
f 701//1240 700//1240 702//1240
f 696//1241 697//1241 703//1241
f 703//1242 697//1242 701//1242
f 703//1243 701//1243 704//1243
f 704//1244 701//1244 702//1244
f 704//1245 702//1245 705//1245
f 689//1246 696//1246 706//1246
f 706//1247 696//1247 703//1247
f 706//1248 703//1248 707//1248
f 707//1249 703//1249 704//1249
f 707//1250 704//1250 708//1250
f 708//1251 704//1251 705//1251
f 708//1252 705//1252 709//1252
f 700//1253 699//1253 710//1253
f 702//1254 700//1254 711//1254
f 711//1255 700//1255 710//1255
f 711//1256 710//1256 712//1256
f 705//1257 702//1257 713//1257
f 713//1258 702//1258 711//1258
f 713//1259 711//1259 714//1259
f 714//1260 711//1260 712//1260
f 714//1261 712//1261 715//1261
f 709//1262 705//1262 716//1262
f 716//1263 705//1263 713//1263
f 716//1264 713//1264 717//1264
f 717//1265 713//1265 714//1265
f 717//1266 714//1266 718//1266
f 718//1267 714//1267 715//1267
f 718//1268 715//1268 719//1268
f 718//1269 719//1269 720//1269
f 717//1270 718//1270 721//1270
f 721//1271 718//1271 720//1271
f 721//1272 720//1272 722//1272
f 716//1273 717//1273 723//1273
f 723//1274 717//1274 721//1274
f 723//1275 721//1275 724//1275
f 724//1276 721//1276 722//1276
f 724//1277 722//1277 725//1277
f 709//1278 716//1278 726//1278
f 726//1279 716//1279 723//1279
f 726//1280 723//1280 727//1280
f 727//1281 723//1281 724//1281
f 727//1282 724//1282 728//1282
f 728//1283 724//1283 725//1283
f 728//1284 725//1284 729//1284
f 720//1285 719//1285 730//1285
f 722//1286 720//1286 731//1286
f 731//1287 720//1287 730//1287
f 731//1288 730//1288 732//1288
f 725//1289 722//1289 733//1289
f 733//1290 722//1290 731//1290
f 733//1291 731//1291 734//1291
f 734//1292 731//1292 732//1292
f 734//1293 732//1293 735//1293
f 729//1294 725//1294 736//1294
f 736//1295 725//1295 733//1295
f 736//1296 733//1296 737//1296
f 737//1297 733//1297 734//1297
f 737//1298 734//1298 738//1298
f 738//1299 734//1299 735//1299
f 738//1300 735//1300 739//1300
f 738//1301 739//1301 740//1301
f 737//1302 738//1302 741//1302
f 741//1303 738//1303 740//1303
f 741//1304 740//1304 742//1304
f 736//1305 737//1305 743//1305
f 743//1306 737//1306 741//1306
f 743//1307 741//1307 744//1307
f 744//1308 741//1308 742//1308
f 744//1309 742//1309 745//1309
f 729//1310 736//1310 746//1310
f 746//1311 736//1311 743//1311
f 746//1312 743//1312 747//1312
f 747//1313 743//1313 744//1313
f 747//1314 744//1314 748//1314
f 748//1315 744//1315 745//1315
f 748//1316 745//1316 749//1316
f 740//1317 739//1317 750//1317
f 742//1318 740//1318 751//1318
f 751//1319 740//1319 750//1319
f 751//1320 750//1320 752//1320
f 745//1321 742//1321 753//1321
f 753//1322 742//1322 751//1322
f 753//1323 751//1323 754//1323
f 754//1324 751//1324 752//1324
f 754//1325 752//1325 755//1325
f 749//1326 745//1326 756//1326
f 756//1327 745//1327 753//1327
f 756//1328 753//1328 757//1328
f 757//1329 753//1329 754//1329
f 757//1330 754//1330 758//1330
f 758//1331 754//1331 755//1331
f 758//1332 755//1332 759//1332
f 758//1333 759//1333 760//1333
f 757//1334 758//1334 761//1334
f 761//1335 758//1335 760//1335
f 761//1336 760//1336 762//1336
f 756//1337 757//1337 763//1337
f 763//1338 757//1338 761//1338
f 763//1339 761//1339 764//1339
f 764//1340 761//1340 762//1340
f 764//1341 762//1341 765//1341
f 749//1342 756//1342 766//1342
f 766//1343 756//1343 763//1343
f 766//1344 763//1344 767//1344
f 767//1345 763//1345 764//1345
f 767//1346 764//1346 768//1346
f 768//1347 764//1347 765//1347
f 768//1348 765//1348 769//1348
f 760//1349 759//1349 770//1349
f 762//1350 760//1350 771//1350
f 771//1351 760//1351 770//1351
f 771//1352 770//1352 772//1352
f 765//1353 762//1353 773//1353
f 773//1354 762//1354 771//1354
f 773//1355 771//1355 774//1355
f 774//1356 771//1356 772//1356
f 774//1357 772//1357 775//1357
f 769//1358 765//1358 776//1358
f 776//1359 765//1359 773//1359
f 776//1360 773//1360 777//1360
f 777//1361 773//1361 774//1361
f 777//1362 774//1362 778//1362
f 778//1363 774//1363 775//1363
f 778//1364 775//1364 779//1364
f 778//1365 779//1365 780//1365
f 777//1366 778//1366 781//1366
f 781//1367 778//1367 780//1367
f 781//1368 780//1368 782//1368
f 776//1369 777//1369 783//1369
f 783//1370 777//1370 781//1370
f 783//1371 781//1371 784//1371
f 784//1372 781//1372 782//1372
f 784//1373 782//1373 785//1373
f 769//1374 776//1374 786//1374
f 786//1375 776//1375 783//1375
f 786//1376 783//1376 787//1376
f 787//1377 783//1377 784//1377
f 787//1378 784//1378 788//1378
f 788//1379 784//1379 785//1379
f 788//1380 785//1380 789//1380
f 780//1381 779//1381 790//1381
f 782//1382 780//1382 791//1382
f 791//1383 780//1383 790//1383
f 791//1384 790//1384 792//1384
f 785//1385 782//1385 793//1385
f 793//1386 782//1386 791//1386
f 793//1387 791//1387 794//1387
f 794//1388 791//1388 792//1388
f 794//1389 792//1389 795//1389
f 789//1390 785//1390 796//1390
f 796//1391 785//1391 793//1391
f 796//1392 793//1392 797//1392
f 797//1393 793//1393 794//1393
f 797//1394 794//1394 798//1394
f 798//1395 794//1395 795//1395
f 798//1396 795//1396 799//1396
f 798//1397 799//1397 800//1397
f 797//1398 798//1398 801//1398
f 801//1399 798//1399 800//1399
f 801//1400 800//1400 802//1400
f 796//1401 797//1401 803//1401
f 803//1402 797//1402 801//1402
f 803//1403 801//1403 804//1403
f 804//1404 801//1404 802//1404
f 804//1405 802//1405 805//1405
f 789//1406 796//1406 806//1406
f 806//1407 796//1407 803//1407
f 806//1408 803//1408 807//1408
f 807//1409 803//1409 804//1409
f 807//1410 804//1410 808//1410
f 808//1411 804//1411 805//1411
f 808//1412 805//1412 626//1412
f 800//1413 799//1413 809//1413
f 802//1414 800//1414 810//1414
f 810//1415 800//1415 809//1415
f 810//1416 809//1416 811//1416
f 805//1417 802//1417 812//1417
f 812//1418 802//1418 810//1418
f 812//1419 810//1419 813//1419
f 813//1420 810//1420 811//1420
f 813//1421 811//1421 814//1421
f 626//1422 805//1422 637//1422
f 637//1423 805//1423 812//1423
f 637//1424 812//1424 638//1424
f 638//1425 812//1425 813//1425
f 638//1426 813//1426 639//1426
f 639//1427 813//1427 814//1427
f 639//1428 814//1428 640//1428
f 809//1429 799//1429 815//1429
f 811//1430 809//1430 816//1430
f 816//1431 809//1431 815//1431
f 816//1432 815//1432 817//1432
f 814//1433 811//1433 818//1433
f 818//1434 811//1434 816//1434
f 818//1435 816//1435 819//1435
f 819//1436 816//1436 817//1436
f 819//1437 817//1437 820//1437
f 640//1438 814//1438 821//1438
f 821//1439 814//1439 818//1439
f 821//1440 818//1440 822//1440
f 822//1441 818//1441 819//1441
f 822//1442 819//1442 823//1442
f 823//1443 819//1443 820//1443
f 823//1444 820//1444 824//1444
f 823//1445 824//1445 825//1445
f 822//1446 823//1446 826//1446
f 826//1447 823//1447 825//1447
f 826//1448 825//1448 827//1448
f 821//1449 822//1449 828//1449
f 828//1450 822//1450 826//1450
f 828//1451 826//1451 829//1451
f 829//1452 826//1452 827//1452
f 829//1453 827//1453 830//1453
f 640//1454 821//1454 644//1454
f 644//1455 821//1455 828//1455
f 644//1456 828//1456 645//1456
f 645//1457 828//1457 829//1457
f 645//1458 829//1458 646//1458
f 646//1459 829//1459 830//1459
f 646//1460 830//1460 647//1460
f 825//1461 824//1461 831//1461
f 827//1462 825//1462 832//1462
f 832//1463 825//1463 831//1463
f 832//1464 831//1464 833//1464
f 830//1465 827//1465 834//1465
f 834//1466 827//1466 832//1466
f 834//1467 832//1467 835//1467
f 835//1468 832//1468 833//1468
f 835//1469 833//1469 836//1469
f 647//1470 830//1470 837//1470
f 837//1471 830//1471 834//1471
f 837//1472 834//1472 838//1472
f 838//1473 834//1473 835//1473
f 838//1474 835//1474 839//1474
f 839//1475 835//1475 836//1475
f 839//1476 836//1476 840//1476
f 839//1477 840//1477 841//1477
f 838//1478 839//1478 842//1478
f 842//1479 839//1479 841//1479
f 842//1480 841//1480 843//1480
f 837//1481 838//1481 844//1481
f 844//1482 838//1482 842//1482
f 844//1483 842//1483 845//1483
f 845//1484 842//1484 843//1484
f 845//1485 843//1485 846//1485
f 647//1486 837//1486 654//1486
f 654//1487 837//1487 844//1487
f 654//1488 844//1488 652//1488
f 652//1489 844//1489 845//1489
f 652//1490 845//1490 650//1490
f 650//1491 845//1491 846//1491
f 650//1492 846//1492 648//1492
f 841//1493 840//1493 847//1493
f 843//1494 841//1494 848//1494
f 848//1495 841//1495 847//1495
f 848//1496 847//1496 849//1496
f 846//1497 843//1497 850//1497
f 850//1498 843//1498 848//1498
f 850//1499 848//1499 851//1499
f 851//1500 848//1500 849//1500
f 851//1501 849//1501 852//1501
f 648//1502 846//1502 853//1502
f 853//1503 846//1503 850//1503
f 853//1504 850//1504 854//1504
f 854//1505 850//1505 851//1505
f 854//1506 851//1506 855//1506
f 855//1507 851//1507 852//1507
f 855//1508 852//1508 856//1508
f 847//1509 840//1509 857//1509
f 849//1510 847//1510 858//1510
f 858//1511 847//1511 857//1511
f 858//1512 857//1512 859//1512
f 852//1513 849//1513 860//1513
f 860//1514 849//1514 858//1514
f 860//1515 858//1515 861//1515
f 861//1516 858//1516 859//1516
f 861//1517 859//1517 862//1517
f 856//1518 852//1518 863//1518
f 863//1519 852//1519 860//1519
f 863//1520 860//1520 864//1520
f 864//1521 860//1521 861//1521
f 864//1522 861//1522 865//1522
f 865//1523 861//1523 862//1523
f 865//1524 862//1524 866//1524
f 865//1525 866//1525 867//1525
f 864//1526 865//1526 868//1526
f 868//1527 865//1527 867//1527
f 868//1528 867//1528 869//1528
f 863//1529 864//1529 870//1529
f 870//1530 864//1530 868//1530
f 870//1531 868//1531 871//1531
f 871//1532 868//1532 869//1532
f 871//1533 869//1533 872//1533
f 856//1534 863//1534 873//1534
f 873//1535 863//1535 870//1535
f 873//1536 870//1536 874//1536
f 874//1537 870//1537 871//1537
f 874//1538 871//1538 875//1538
f 875//1539 871//1539 872//1539
f 875//1540 872//1540 876//1540
f 867//1541 866//1541 877//1541
f 869//1542 867//1542 878//1542
f 878//1543 867//1543 877//1543
f 878//1544 877//1544 879//1544
f 872//1545 869//1545 880//1545
f 880//1546 869//1546 878//1546
f 880//1547 878//1547 881//1547
f 881//1548 878//1548 879//1548
f 881//1549 879//1549 882//1549
f 876//1550 872//1550 883//1550
f 883//1551 872//1551 880//1551
f 883//1552 880//1552 884//1552
f 884//1553 880//1553 881//1553
f 884//1554 881//1554 885//1554
f 885//1555 881//1555 882//1555
f 885//1556 882//1556 886//1556
f 885//1557 886//1557 887//1557
f 884//1558 885//1558 888//1558
f 888//1559 885//1559 887//1559
f 888//1560 887//1560 889//1560
f 883//1561 884//1561 890//1561
f 890//1562 884//1562 888//1562
f 890//1563 888//1563 891//1563
f 891//1564 888//1564 889//1564
f 891//1565 889//1565 892//1565
f 876//1566 883//1566 893//1566
f 893//1567 883//1567 890//1567
f 893//1568 890//1568 894//1568
f 894//1569 890//1569 891//1569
f 894//1570 891//1570 895//1570
f 895//1571 891//1571 892//1571
f 895//1572 892//1572 896//1572
f 887//1573 886//1573 897//1573
f 889//1574 887//1574 898//1574
f 898//1575 887//1575 897//1575
f 898//1576 897//1576 899//1576
f 892//1577 889//1577 900//1577
f 900//1578 889//1578 898//1578
f 900//1579 898//1579 901//1579
f 901//1580 898//1580 899//1580
f 901//1581 899//1581 902//1581
f 896//1582 892//1582 903//1582
f 903//1583 892//1583 900//1583
f 903//1584 900//1584 904//1584
f 904//1585 900//1585 901//1585
f 904//1586 901//1586 905//1586
f 905//1587 901//1587 902//1587
f 905//1588 902//1588 906//1588
f 905//1589 906//1589 907//1589
f 904//1590 905//1590 908//1590
f 908//1591 905//1591 907//1591
f 908//1592 907//1592 909//1592
f 903//1593 904//1593 910//1593
f 910//1594 904//1594 908//1594
f 910//1595 908//1595 911//1595
f 911//1596 908//1596 909//1596
f 911//1597 909//1597 912//1597
f 896//1598 903//1598 913//1598
f 913//1599 903//1599 910//1599
f 913//1600 910//1600 914//1600
f 914//1601 910//1601 911//1601
f 914//1602 911//1602 915//1602
f 915//1603 911//1603 912//1603
f 915//1604 912//1604 916//1604
f 907//1605 906//1605 917//1605
f 909//1606 907//1606 918//1606
f 918//1607 907//1607 917//1607
f 918//1608 917//1608 919//1608
f 912//1609 909//1609 920//1609
f 920//1610 909//1610 918//1610
f 920//1611 918//1611 921//1611
f 921//1612 918//1612 919//1612
f 921//1613 919//1613 922//1613
f 916//1614 912//1614 923//1614
f 923//1615 912//1615 920//1615
f 923//1616 920//1616 924//1616
f 924//1617 920//1617 921//1617
f 924//1618 921//1618 925//1618
f 925//1619 921//1619 922//1619
f 925//1620 922//1620 926//1620
f 925//1621 926//1621 927//1621
f 924//1622 925//1622 928//1622
f 928//1623 925//1623 927//1623
f 928//1624 927//1624 929//1624
f 923//1625 924//1625 930//1625
f 930//1626 924//1626 928//1626
f 930//1627 928//1627 931//1627
f 931//1628 928//1628 929//1628
f 931//1629 929//1629 932//1629
f 916//1630 923//1630 933//1630
f 933//1631 923//1631 930//1631
f 933//1632 930//1632 934//1632
f 934//1633 930//1633 931//1633
f 934//1634 931//1634 935//1634
f 935//1635 931//1635 932//1635
f 935//1636 932//1636 936//1636
f 927//1637 926//1637 937//1637
f 929//1638 927//1638 938//1638
f 938//1639 927//1639 937//1639
f 938//1640 937//1640 939//1640
f 932//1641 929//1641 940//1641
f 940//1642 929//1642 938//1642
f 940//1643 938//1643 941//1643
f 941//1644 938//1644 939//1644
f 941//1645 939//1645 942//1645
f 936//1646 932//1646 943//1646
f 943//1647 932//1647 940//1647
f 943//1648 940//1648 944//1648
f 944//1649 940//1649 941//1649
f 944//1650 941//1650 945//1650
f 945//1651 941//1651 942//1651
f 945//1652 942//1652 946//1652
f 945//1653 946//1653 947//1653
f 944//1654 945//1654 948//1654
f 948//1655 945//1655 947//1655
f 948//1656 947//1656 949//1656
f 943//1657 944//1657 950//1657
f 950//1658 944//1658 948//1658
f 950//1659 948//1659 951//1659
f 951//1660 948//1660 949//1660
f 951//1661 949//1661 952//1661
f 936//1662 943//1662 953//1662
f 953//1663 943//1663 950//1663
f 953//1664 950//1664 954//1664
f 954//1665 950//1665 951//1665
f 954//1666 951//1666 955//1666
f 955//1667 951//1667 952//1667
f 955//1668 952//1668 956//1668
f 947//1669 946//1669 957//1669
f 949//1670 947//1670 958//1670
f 958//1671 947//1671 957//1671
f 958//1672 957//1672 959//1672
f 952//1673 949//1673 960//1673
f 960//1674 949//1674 958//1674
f 960//1675 958//1675 961//1675
f 961//1676 958//1676 959//1676
f 961//1677 959//1677 962//1677
f 956//1678 952//1678 963//1678
f 963//1679 952//1679 960//1679
f 963//1680 960//1680 964//1680
f 964//1681 960//1681 961//1681
f 964//1682 961//1682 965//1682
f 965//1683 961//1683 962//1683
f 965//1684 962//1684 966//1684
f 965//1685 966//1685 967//1685
f 964//1686 965//1686 968//1686
f 968//1687 965//1687 967//1687
f 968//1688 967//1688 969//1688
f 963//1689 964//1689 970//1689
f 970//1690 964//1690 968//1690
f 970//1691 968//1691 971//1691
f 971//1692 968//1692 969//1692
f 971//1693 969//1693 972//1693
f 956//1694 963//1694 973//1694
f 973//1695 963//1695 970//1695
f 973//1696 970//1696 974//1696
f 974//1697 970//1697 971//1697
f 974//1698 971//1698 975//1698
f 975//1699 971//1699 972//1699
f 975//1700 972//1700 976//1700
f 967//1701 966//1701 977//1701
f 969//1702 967//1702 978//1702
f 978//1703 967//1703 977//1703
f 978//1704 977//1704 979//1704
f 972//1705 969//1705 980//1705
f 980//1706 969//1706 978//1706
f 980//1707 978//1707 981//1707
f 981//1708 978//1708 979//1708
f 981//1709 979//1709 982//1709
f 976//1710 972//1710 983//1710
f 983//1711 972//1711 980//1711
f 983//1712 980//1712 984//1712
f 984//1713 980//1713 981//1713
f 984//1714 981//1714 985//1714
f 985//1715 981//1715 982//1715
f 985//1716 982//1716 986//1716
f 977//1717 966//1717 987//1717
f 979//1718 977//1718 988//1718
f 988//1719 977//1719 987//1719
f 988//1720 987//1720 989//1720
f 982//1721 979//1721 990//1721
f 990//1722 979//1722 988//1722
f 990//1723 988//1723 991//1723
f 991//1724 988//1724 989//1724
f 991//1725 989//1725 992//1725
f 986//1726 982//1726 993//1726
f 993//1727 982//1727 990//1727
f 993//1728 990//1728 994//1728
f 994//1729 990//1729 991//1729
f 994//1730 991//1730 995//1730
f 995//1731 991//1731 992//1731
f 995//1732 992//1732 996//1732
f 995//1733 996//1733 997//1733
f 994//1734 995//1734 998//1734
f 998//1735 995//1735 997//1735
f 998//1736 997//1736 999//1736
f 993//1737 994//1737 1000//1737
f 1000//1738 994//1738 998//1738
f 1000//1739 998//1739 1001//1739
f 1001//1740 998//1740 999//1740
f 1001//1741 999//1741 1002//1741
f 986//1742 993//1742 1003//1742
f 1003//1743 993//1743 1000//1743
f 1003//1744 1000//1744 1004//1744
f 1004//1745 1000//1745 1001//1745
f 1004//1746 1001//1746 1005//1746
f 1005//1747 1001//1747 1002//1747
f 1005//1748 1002//1748 1006//1748
f 997//1749 996//1749 1007//1749
f 999//1750 997//1750 1008//1750
f 1008//1751 997//1751 1007//1751
f 1008//1752 1007//1752 1009//1752
f 1002//1753 999//1753 1010//1753
f 1010//1754 999//1754 1008//1754
f 1010//1755 1008//1755 1011//1755
f 1011//1756 1008//1756 1009//1756
f 1011//1757 1009//1757 1012//1757
f 1006//1758 1002//1758 1013//1758
f 1013//1759 1002//1759 1010//1759
f 1013//1760 1010//1760 1014//1760
f 1014//1761 1010//1761 1011//1761
f 1014//1762 1011//1762 1015//1762
f 1015//1763 1011//1763 1012//1763
f 1015//1764 1012//1764 679//1764
f 1015//1765 679//1765 675//1765
f 1014//1766 1015//1766 1016//1766
f 1016//1767 1015//1767 675//1767
f 1016//1768 675//1768 672//1768
f 1013//1769 1014//1769 1017//1769
f 1017//1770 1014//1770 1016//1770
f 1017//1771 1016//1771 1018//1771
f 1018//1772 1016//1772 672//1772
f 1018//1773 672//1773 670//1773
f 1006//1774 1013//1774 1019//1774
f 1019//1775 1013//1775 1017//1775
f 1019//1776 1017//1776 1020//1776
f 1020//1777 1017//1777 1018//1777
f 1020//1778 1018//1778 1021//1778
f 1021//1779 1018//1779 670//1779
f 1021//1780 670//1780 656//1780
f 632//1781 633//1781 1022//1781
f 630//1782 632//1782 1023//1782
f 1023//1783 632//1783 1022//1783
f 1023//1784 1022//1784 1024//1784
f 628//1785 630//1785 1025//1785
f 1025//1786 630//1786 1023//1786
f 1025//1787 1023//1787 1026//1787
f 1026//1788 1023//1788 1024//1788
f 1026//1789 1024//1789 1027//1789
f 626//1790 628//1790 808//1790
f 808//1791 628//1791 1025//1791
f 808//1792 1025//1792 807//1792
f 807//1793 1025//1793 1026//1793
f 807//1794 1026//1794 806//1794
f 806//1795 1026//1795 1027//1795
f 806//1796 1027//1796 789//1796
f 690//1797 679//1797 1012//1797
f 692//1798 690//1798 1028//1798
f 1028//1799 690//1799 1012//1799
f 1028//1800 1012//1800 1009//1800
f 695//1801 692//1801 1029//1801
f 1029//1802 692//1802 1028//1802
f 1029//1803 1028//1803 1030//1803
f 1030//1804 1028//1804 1009//1804
f 1030//1805 1009//1805 1007//1805
f 699//1806 695//1806 1031//1806
f 1031//1807 695//1807 1029//1807
f 1031//1808 1029//1808 1032//1808
f 1032//1809 1029//1809 1030//1809
f 1032//1810 1030//1810 1033//1810
f 1033//1811 1030//1811 1007//1811
f 1033//1812 1007//1812 996//1812
f 987//1813 966//1813 1034//1813
f 989//1814 987//1814 1035//1814
f 1035//1815 987//1815 1034//1815
f 1035//1816 1034//1816 1036//1816
f 992//1817 989//1817 1037//1817
f 1037//1818 989//1818 1035//1818
f 1037//1819 1035//1819 1038//1819
f 1038//1820 1035//1820 1036//1820
f 1038//1821 1036//1821 1039//1821
f 996//1822 992//1822 1040//1822
f 1040//1823 992//1823 1037//1823
f 1040//1824 1037//1824 1041//1824
f 1041//1825 1037//1825 1038//1825
f 1041//1826 1038//1826 1042//1826
f 1042//1827 1038//1827 1039//1827
f 1042//1828 1039//1828 1043//1828
f 1034//1829 966//1829 962//1829
f 1036//1830 1034//1830 1044//1830
f 1044//1831 1034//1831 962//1831
f 1044//1832 962//1832 959//1832
f 1039//1833 1036//1833 1045//1833
f 1045//1834 1036//1834 1044//1834
f 1045//1835 1044//1835 1046//1835
f 1046//1836 1044//1836 959//1836
f 1046//1837 959//1837 957//1837
f 1043//1838 1039//1838 1047//1838
f 1047//1839 1039//1839 1045//1839
f 1047//1840 1045//1840 1048//1840
f 1048//1841 1045//1841 1046//1841
f 1048//1842 1046//1842 1049//1842
f 1049//1843 1046//1843 957//1843
f 1049//1844 957//1844 946//1844
f 1049//1845 946//1845 1050//1845
f 1048//1846 1049//1846 1051//1846
f 1051//1847 1049//1847 1050//1847
f 1051//1848 1050//1848 1052//1848
f 1047//1849 1048//1849 1053//1849
f 1053//1850 1048//1850 1051//1850
f 1053//1851 1051//1851 1054//1851
f 1054//1852 1051//1852 1052//1852
f 1054//1853 1052//1853 1055//1853
f 1043//1854 1047//1854 1056//1854
f 1056//1855 1047//1855 1053//1855
f 1056//1856 1053//1856 1057//1856
f 1057//1857 1053//1857 1054//1857
f 1057//1858 1054//1858 1058//1858
f 1058//1859 1054//1859 1055//1859
f 1058//1860 1055//1860 1059//1860
f 1050//1861 946//1861 942//1861
f 1052//1862 1050//1862 1060//1862
f 1060//1863 1050//1863 942//1863
f 1060//1864 942//1864 939//1864
f 1055//1865 1052//1865 1061//1865
f 1061//1866 1052//1866 1060//1866
f 1061//1867 1060//1867 1062//1867
f 1062//1868 1060//1868 939//1868
f 1062//1869 939//1869 937//1869
f 1059//1870 1055//1870 1063//1870
f 1063//1871 1055//1871 1061//1871
f 1063//1872 1061//1872 1064//1872
f 1064//1873 1061//1873 1062//1873
f 1064//1874 1062//1874 1065//1874
f 1065//1875 1062//1875 937//1875
f 1065//1876 937//1876 926//1876
f 1065//1877 926//1877 1066//1877
f 1064//1878 1065//1878 1067//1878
f 1067//1879 1065//1879 1066//1879
f 1067//1880 1066//1880 1068//1880
f 1063//1881 1064//1881 1069//1881
f 1069//1882 1064//1882 1067//1882
f 1069//1883 1067//1883 1070//1883
f 1070//1884 1067//1884 1068//1884
f 1070//1885 1068//1885 1071//1885
f 1059//1886 1063//1886 1072//1886
f 1072//1887 1063//1887 1069//1887
f 1072//1888 1069//1888 1073//1888
f 1073//1889 1069//1889 1070//1889
f 1073//1890 1070//1890 1074//1890
f 1074//1891 1070//1891 1071//1891
f 1074//1892 1071//1892 1075//1892
f 1066//1893 926//1893 922//1893
f 1068//1894 1066//1894 1076//1894
f 1076//1895 1066//1895 922//1895
f 1076//1896 922//1896 919//1896
f 1071//1897 1068//1897 1077//1897
f 1077//1898 1068//1898 1076//1898
f 1077//1899 1076//1899 1078//1899
f 1078//1900 1076//1900 919//1900
f 1078//1901 919//1901 917//1901
f 1075//1902 1071//1902 1079//1902
f 1079//1903 1071//1903 1077//1903
f 1079//1904 1077//1904 1080//1904
f 1080//1905 1077//1905 1078//1905
f 1080//1906 1078//1906 1081//1906
f 1081//1907 1078//1907 917//1907
f 1081//1908 917//1908 906//1908
f 1081//1909 906//1909 1082//1909
f 1080//1910 1081//1910 1083//1910
f 1083//1911 1081//1911 1082//1911
f 1083//1912 1082//1912 1084//1912
f 1079//1913 1080//1913 1085//1913
f 1085//1914 1080//1914 1083//1914
f 1085//1915 1083//1915 1086//1915
f 1086//1916 1083//1916 1084//1916
f 1086//1917 1084//1917 1087//1917
f 1075//1918 1079//1918 1088//1918
f 1088//1919 1079//1919 1085//1919
f 1088//1920 1085//1920 1089//1920
f 1089//1921 1085//1921 1086//1921
f 1089//1922 1086//1922 1090//1922
f 1090//1923 1086//1923 1087//1923
f 1090//1924 1087//1924 1091//1924
f 1082//1925 906//1925 902//1925
f 1084//1926 1082//1926 1092//1926
f 1092//1927 1082//1927 902//1927
f 1092//1928 902//1928 899//1928
f 1087//1929 1084//1929 1093//1929
f 1093//1930 1084//1930 1092//1930
f 1093//1931 1092//1931 1094//1931
f 1094//1932 1092//1932 899//1932
f 1094//1933 899//1933 897//1933
f 1091//1934 1087//1934 1095//1934
f 1095//1935 1087//1935 1093//1935
f 1095//1936 1093//1936 1096//1936
f 1096//1937 1093//1937 1094//1937
f 1096//1938 1094//1938 1097//1938
f 1097//1939 1094//1939 897//1939
f 1097//1940 897//1940 886//1940
f 1097//1941 886//1941 1098//1941
f 1096//1942 1097//1942 1099//1942
f 1099//1943 1097//1943 1098//1943
f 1099//1944 1098//1944 1100//1944
f 1095//1945 1096//1945 1101//1945
f 1101//1946 1096//1946 1099//1946
f 1101//1947 1099//1947 1102//1947
f 1102//1948 1099//1948 1100//1948
f 1102//1949 1100//1949 1103//1949
f 1091//1950 1095//1950 1104//1950
f 1104//1951 1095//1951 1101//1951
f 1104//1952 1101//1952 1105//1952
f 1105//1953 1101//1953 1102//1953
f 1105//1954 1102//1954 1106//1954
f 1106//1955 1102//1955 1103//1955
f 1106//1956 1103//1956 1107//1956
f 1098//1957 886//1957 882//1957
f 1100//1958 1098//1958 1108//1958
f 1108//1959 1098//1959 882//1959
f 1108//1960 882//1960 879//1960
f 1103//1961 1100//1961 1109//1961
f 1109//1962 1100//1962 1108//1962
f 1109//1963 1108//1963 1110//1963
f 1110//1964 1108//1964 879//1964
f 1110//1965 879//1965 877//1965
f 1107//1966 1103//1966 1111//1966
f 1111//1967 1103//1967 1109//1967
f 1111//1968 1109//1968 1112//1968
f 1112//1969 1109//1969 1110//1969
f 1112//1970 1110//1970 1113//1970
f 1113//1971 1110//1971 877//1971
f 1113//1972 877//1972 866//1972
f 1113//1973 866//1973 1114//1973
f 1112//1974 1113//1974 1115//1974
f 1115//1975 1113//1975 1114//1975
f 1115//1976 1114//1976 1116//1976
f 1111//1977 1112//1977 1117//1977
f 1117//1978 1112//1978 1115//1978
f 1117//1979 1115//1979 1118//1979
f 1118//1980 1115//1980 1116//1980
f 1118//1981 1116//1981 1119//1981
f 1107//1982 1111//1982 1120//1982
f 1120//1983 1111//1983 1117//1983
f 1120//1984 1117//1984 1121//1984
f 1121//1985 1117//1985 1118//1985
f 1121//1986 1118//1986 1122//1986
f 1122//1987 1118//1987 1119//1987
f 1122//1988 1119//1988 824//1988
f 1114//1989 866//1989 862//1989
f 1116//1990 1114//1990 1123//1990
f 1123//1991 1114//1991 862//1991
f 1123//1992 862//1992 859//1992
f 1119//1993 1116//1993 1124//1993
f 1124//1994 1116//1994 1123//1994
f 1124//1995 1123//1995 1125//1995
f 1125//1996 1123//1996 859//1996
f 1125//1997 859//1997 857//1997
f 824//1998 1119//1998 831//1998
f 831//1999 1119//1999 1124//1999
f 831//2000 1124//2000 833//2000
f 833//2001 1124//2001 1125//2001
f 833//2002 1125//2002 836//2002
f 836//2003 1125//2003 857//2003
f 836//2004 857//2004 840//2004
f 710//2005 699//2005 1126//2005
f 712//2006 710//2006 1127//2006
f 1127//2007 710//2007 1126//2007
f 1127//2008 1126//2008 1128//2008
f 715//2009 712//2009 1129//2009
f 1129//2010 712//2010 1127//2010
f 1129//2011 1127//2011 1130//2011
f 1130//2012 1127//2012 1128//2012
f 1130//2013 1128//2013 1131//2013
f 719//2014 715//2014 1132//2014
f 1132//2015 715//2015 1129//2015
f 1132//2016 1129//2016 1133//2016
f 1133//2017 1129//2017 1130//2017
f 1133//2018 1130//2018 1134//2018
f 1134//2019 1130//2019 1131//2019
f 1134//2020 1131//2020 1043//2020
f 1126//2021 699//2021 1031//2021
f 1128//2022 1126//2022 1135//2022
f 1135//2023 1126//2023 1031//2023
f 1135//2024 1031//2024 1032//2024
f 1131//2025 1128//2025 1136//2025
f 1136//2026 1128//2026 1135//2026
f 1136//2027 1135//2027 1137//2027
f 1137//2028 1135//2028 1032//2028
f 1137//2029 1032//2029 1033//2029
f 1043//2030 1131//2030 1042//2030
f 1042//2031 1131//2031 1136//2031
f 1042//2032 1136//2032 1041//2032
f 1041//2033 1136//2033 1137//2033
f 1041//2034 1137//2034 1040//2034
f 1040//2035 1137//2035 1033//2035
f 1040//2036 1033//2036 996//2036
f 1134//2037 1043//2037 1056//2037
f 1133//2038 1134//2038 1138//2038
f 1138//2039 1134//2039 1056//2039
f 1138//2040 1056//2040 1057//2040
f 1132//2041 1133//2041 1139//2041
f 1139//2042 1133//2042 1138//2042
f 1139//2043 1138//2043 1140//2043
f 1140//2044 1138//2044 1057//2044
f 1140//2045 1057//2045 1058//2045
f 719//2046 1132//2046 1141//2046
f 1141//2047 1132//2047 1139//2047
f 1141//2048 1139//2048 1142//2048
f 1142//2049 1139//2049 1140//2049
f 1142//2050 1140//2050 1143//2050
f 1143//2051 1140//2051 1058//2051
f 1143//2052 1058//2052 1059//2052
f 730//2053 719//2053 1141//2053
f 732//2054 730//2054 1144//2054
f 1144//2055 730//2055 1141//2055
f 1144//2056 1141//2056 1142//2056
f 735//2057 732//2057 1145//2057
f 1145//2058 732//2058 1144//2058
f 1145//2059 1144//2059 1146//2059
f 1146//2060 1144//2060 1142//2060
f 1146//2061 1142//2061 1143//2061
f 739//2062 735//2062 1147//2062
f 1147//2063 735//2063 1145//2063
f 1147//2064 1145//2064 1148//2064
f 1148//2065 1145//2065 1146//2065
f 1148//2066 1146//2066 1149//2066
f 1149//2067 1146//2067 1143//2067
f 1149//2068 1143//2068 1059//2068
f 1149//2069 1059//2069 1072//2069
f 1148//2070 1149//2070 1150//2070
f 1150//2071 1149//2071 1072//2071
f 1150//2072 1072//2072 1073//2072
f 1147//2073 1148//2073 1151//2073
f 1151//2074 1148//2074 1150//2074
f 1151//2075 1150//2075 1152//2075
f 1152//2076 1150//2076 1073//2076
f 1152//2077 1073//2077 1074//2077
f 739//2078 1147//2078 1153//2078
f 1153//2079 1147//2079 1151//2079
f 1153//2080 1151//2080 1154//2080
f 1154//2081 1151//2081 1152//2081
f 1154//2082 1152//2082 1155//2082
f 1155//2083 1152//2083 1074//2083
f 1155//2084 1074//2084 1075//2084
f 750//2085 739//2085 1153//2085
f 752//2086 750//2086 1156//2086
f 1156//2087 750//2087 1153//2087
f 1156//2088 1153//2088 1154//2088
f 755//2089 752//2089 1157//2089
f 1157//2090 752//2090 1156//2090
f 1157//2091 1156//2091 1158//2091
f 1158//2092 1156//2092 1154//2092
f 1158//2093 1154//2093 1155//2093
f 759//2094 755//2094 1159//2094
f 1159//2095 755//2095 1157//2095
f 1159//2096 1157//2096 1160//2096
f 1160//2097 1157//2097 1158//2097
f 1160//2098 1158//2098 1161//2098
f 1161//2099 1158//2099 1155//2099
f 1161//2100 1155//2100 1075//2100
f 1161//2101 1075//2101 1088//2101
f 1160//2102 1161//2102 1162//2102
f 1162//2103 1161//2103 1088//2103
f 1162//2104 1088//2104 1089//2104
f 1159//2105 1160//2105 1163//2105
f 1163//2106 1160//2106 1162//2106
f 1163//2107 1162//2107 1164//2107
f 1164//2108 1162//2108 1089//2108
f 1164//2109 1089//2109 1090//2109
f 759//2110 1159//2110 1165//2110
f 1165//2111 1159//2111 1163//2111
f 1165//2112 1163//2112 1166//2112
f 1166//2113 1163//2113 1164//2113
f 1166//2114 1164//2114 1167//2114
f 1167//2115 1164//2115 1090//2115
f 1167//2116 1090//2116 1091//2116
f 770//2117 759//2117 1165//2117
f 772//2118 770//2118 1168//2118
f 1168//2119 770//2119 1165//2119
f 1168//2120 1165//2120 1166//2120
f 775//2121 772//2121 1169//2121
f 1169//2122 772//2122 1168//2122
f 1169//2123 1168//2123 1170//2123
f 1170//2124 1168//2124 1166//2124
f 1170//2125 1166//2125 1167//2125
f 779//2126 775//2126 1171//2126
f 1171//2127 775//2127 1169//2127
f 1171//2128 1169//2128 1172//2128
f 1172//2129 1169//2129 1170//2129
f 1172//2130 1170//2130 1173//2130
f 1173//2131 1170//2131 1167//2131
f 1173//2132 1167//2132 1091//2132
f 1173//2133 1091//2133 1104//2133
f 1172//2134 1173//2134 1174//2134
f 1174//2135 1173//2135 1104//2135
f 1174//2136 1104//2136 1105//2136
f 1171//2137 1172//2137 1175//2137
f 1175//2138 1172//2138 1174//2138
f 1175//2139 1174//2139 1176//2139
f 1176//2140 1174//2140 1105//2140
f 1176//2141 1105//2141 1106//2141
f 779//2142 1171//2142 1177//2142
f 1177//2143 1171//2143 1175//2143
f 1177//2144 1175//2144 1178//2144
f 1178//2145 1175//2145 1176//2145
f 1178//2146 1176//2146 1179//2146
f 1179//2147 1176//2147 1106//2147
f 1179//2148 1106//2148 1107//2148
f 790//2149 779//2149 1177//2149
f 792//2150 790//2150 1180//2150
f 1180//2151 790//2151 1177//2151
f 1180//2152 1177//2152 1178//2152
f 795//2153 792//2153 1181//2153
f 1181//2154 792//2154 1180//2154
f 1181//2155 1180//2155 1182//2155
f 1182//2156 1180//2156 1178//2156
f 1182//2157 1178//2157 1179//2157
f 799//2158 795//2158 1183//2158
f 1183//2159 795//2159 1181//2159
f 1183//2160 1181//2160 1184//2160
f 1184//2161 1181//2161 1182//2161
f 1184//2162 1182//2162 1185//2162
f 1185//2163 1182//2163 1179//2163
f 1185//2164 1179//2164 1107//2164
f 1185//2165 1107//2165 1120//2165
f 1184//2166 1185//2166 1186//2166
f 1186//2167 1185//2167 1120//2167
f 1186//2168 1120//2168 1121//2168
f 1183//2169 1184//2169 1187//2169
f 1187//2170 1184//2170 1186//2170
f 1187//2171 1186//2171 1188//2171
f 1188//2172 1186//2172 1121//2172
f 1188//2173 1121//2173 1122//2173
f 799//2174 1183//2174 815//2174
f 815//2175 1183//2175 1187//2175
f 815//2176 1187//2176 817//2176
f 817//2177 1187//2177 1188//2177
f 817//2178 1188//2178 820//2178
f 820//2179 1188//2179 1122//2179
f 820//2180 1122//2180 824//2180
f 1189//2181 1190//2181 1191//2181
f 1190//2182 1192//2182 1191//2182
f 1191//2183 1192//2183 1193//2183
f 1192//2184 1194//2184 1193//2184
f 1193//2185 1194//2185 1195//2185
f 1194//2186 665//2186 1195//2186
f 1195//2187 665//2187 1196//2187
f 665//2188 1194//2188 661//2188
f 1194//2189 1192//2189 661//2189
f 661//2190 1192//2190 658//2190
f 1192//2191 1190//2191 658//2191
f 658//2192 1190//2192 655//2192
f 1190//2193 1189//2193 655//2193
f 655//2194 1189//2194 656//2194
f 1006//2195 1019//2195 1197//2195
f 1019//2196 1020//2196 1197//2196
f 1197//2197 1020//2197 1198//2197
f 1020//2198 1021//2198 1198//2198
f 1198//2199 1021//2199 1199//2199
f 1021//2200 656//2200 1199//2200
f 1199//2201 656//2201 1189//2201
f 1189//2202 1200//2202 1199//2202
f 1200//2203 1201//2203 1199//2203
f 1199//2204 1201//2204 1198//2204
f 1201//2205 1202//2205 1198//2205
f 1198//2206 1202//2206 1197//2206
f 1202//2207 1203//2207 1197//2207
f 1197//2208 1203//2208 1006//2208
f 986//2209 1003//2209 1204//2209
f 1003//2210 1004//2210 1204//2210
f 1204//2211 1004//2211 1205//2211
f 1004//2212 1005//2212 1205//2212
f 1205//2213 1005//2213 1206//2213
f 1005//2214 1006//2214 1206//2214
f 1206//2215 1006//2215 1203//2215
f 1203//2216 1207//2216 1206//2216
f 1207//2217 1208//2217 1206//2217
f 1206//2218 1208//2218 1205//2218
f 1208//2219 1209//2219 1205//2219
f 1205//2220 1209//2220 1204//2220
f 1209//2221 1210//2221 1204//2221
f 1204//2222 1210//2222 986//2222
f 9//2223 1211//2223 1212//2223
f 1211//2224 1213//2224 1212//2224
f 1212//2225 1213//2225 1214//2225
f 1213//2226 1215//2226 1214//2226
f 1214//2227 1215//2227 1216//2227
f 1215//2228 986//2228 1216//2228
f 1216//2229 986//2229 1210//2229
f 986//2230 1215//2230 985//2230
f 1215//2231 1213//2231 985//2231
f 985//2232 1213//2232 984//2232
f 1213//2233 1211//2233 984//2233
f 984//2234 1211//2234 983//2234
f 1211//2235 9//2235 983//2235
f 983//2236 9//2236 976//2236
f 7//2237 9//2237 1217//2237
f 5//2238 7//2238 1218//2238
f 1218//2239 7//2239 1217//2239
f 1218//2240 1217//2240 1219//2240
f 3//2241 5//2241 1220//2241
f 1220//2242 5//2242 1218//2242
f 1220//2243 1218//2243 1221//2243
f 1221//2244 1218//2244 1219//2244
f 1221//2245 1219//2245 1222//2245
f 1//2246 3//2246 1223//2246
f 1223//2247 3//2247 1220//2247
f 1223//2248 1220//2248 1224//2248
f 1224//2249 1220//2249 1221//2249
f 1224//2250 1221//2250 1225//2250
f 1225//2251 1221//2251 1222//2251
f 1225//2252 1222//2252 1226//2252
f 1217//2253 9//2253 1212//2253
f 1219//2254 1217//2254 1227//2254
f 1227//2255 1217//2255 1212//2255
f 1227//2256 1212//2256 1214//2256
f 1222//2257 1219//2257 1228//2257
f 1228//2258 1219//2258 1227//2258
f 1228//2259 1227//2259 1229//2259
f 1229//2260 1227//2260 1214//2260
f 1229//2261 1214//2261 1216//2261
f 1226//2262 1222//2262 1230//2262
f 1230//2263 1222//2263 1228//2263
f 1230//2264 1228//2264 1231//2264
f 1231//2265 1228//2265 1229//2265
f 1231//2266 1229//2266 1232//2266
f 1232//2267 1229//2267 1216//2267
f 1232//2268 1216//2268 1210//2268
f 1232//2269 1210//2269 1233//2269
f 1231//2270 1232//2270 1234//2270
f 1234//2271 1232//2271 1233//2271
f 1234//2272 1233//2272 1235//2272
f 1230//2273 1231//2273 1236//2273
f 1236//2274 1231//2274 1234//2274
f 1236//2275 1234//2275 1237//2275
f 1237//2276 1234//2276 1235//2276
f 1237//2277 1235//2277 1238//2277
f 1226//2278 1230//2278 1239//2278
f 1239//2279 1230//2279 1236//2279
f 1239//2280 1236//2280 1240//2280
f 1240//2281 1236//2281 1237//2281
f 1240//2282 1237//2282 1241//2282
f 1241//2283 1237//2283 1238//2283
f 1241//2284 1238//2284 1242//2284
f 1233//2285 1210//2285 1209//2285
f 1235//2286 1233//2286 1243//2286
f 1243//2287 1233//2287 1209//2287
f 1243//2288 1209//2288 1208//2288
f 1238//2289 1235//2289 1244//2289
f 1244//2290 1235//2290 1243//2290
f 1244//2291 1243//2291 1245//2291
f 1245//2292 1243//2292 1208//2292
f 1245//2293 1208//2293 1207//2293
f 1242//2294 1238//2294 1246//2294
f 1246//2295 1238//2295 1244//2295
f 1246//2296 1244//2296 1247//2296
f 1247//2297 1244//2297 1245//2297
f 1247//2298 1245//2298 1248//2298
f 1248//2299 1245//2299 1207//2299
f 1248//2300 1207//2300 1203//2300
f 1248//2301 1203//2301 1202//2301
f 1247//2302 1248//2302 1249//2302
f 1249//2303 1248//2303 1202//2303
f 1249//2304 1202//2304 1201//2304
f 1246//2305 1247//2305 1250//2305
f 1250//2306 1247//2306 1249//2306
f 1250//2307 1249//2307 1251//2307
f 1251//2308 1249//2308 1201//2308
f 1251//2309 1201//2309 1200//2309
f 1242//2310 1246//2310 1252//2310
f 1252//2311 1246//2311 1250//2311
f 1252//2312 1250//2312 1253//2312
f 1253//2313 1250//2313 1251//2313
f 1253//2314 1251//2314 1254//2314
f 1254//2315 1251//2315 1200//2315
f 1254//2316 1200//2316 1189//2316
f 1254//2317 1189//2317 1255//2317
f 1253//2318 1254//2318 1256//2318
f 1256//2319 1254//2319 1255//2319
f 1256//2320 1255//2320 1257//2320
f 1252//2321 1253//2321 1258//2321
f 1258//2322 1253//2322 1256//2322
f 1258//2323 1256//2323 1259//2323
f 1259//2324 1256//2324 1257//2324
f 1259//2325 1257//2325 1260//2325
f 1242//2326 1252//2326 1261//2326
f 1261//2327 1252//2327 1258//2327
f 1261//2328 1258//2328 1262//2328
f 1262//2329 1258//2329 1259//2329
f 1262//2330 1259//2330 1263//2330
f 1263//2331 1259//2331 1260//2331
f 1263//2332 1260//2332 1264//2332
f 1255//2333 1189//2333 1191//2333
f 1257//2334 1255//2334 1265//2334
f 1265//2335 1255//2335 1191//2335
f 1265//2336 1191//2336 1193//2336
f 1260//2337 1257//2337 1266//2337
f 1266//2338 1257//2338 1265//2338
f 1266//2339 1265//2339 1267//2339
f 1267//2340 1265//2340 1193//2340
f 1267//2341 1193//2341 1195//2341
f 1264//2342 1260//2342 1268//2342
f 1268//2343 1260//2343 1266//2343
f 1268//2344 1266//2344 1269//2344
f 1269//2345 1266//2345 1267//2345
f 1269//2346 1267//2346 1270//2346
f 1270//2347 1267//2347 1195//2347
f 1270//2348 1195//2348 1196//2348
f 1270//2349 1196//2349 1271//2349
f 1269//2350 1270//2350 1272//2350
f 1272//2351 1270//2351 1271//2351
f 1272//2352 1271//2352 1273//2352
f 1268//2353 1269//2353 1274//2353
f 1274//2354 1269//2354 1272//2354
f 1274//2355 1272//2355 1275//2355
f 1275//2356 1272//2356 1273//2356
f 1275//2357 1273//2357 1276//2357
f 1264//2358 1268//2358 1277//2358
f 1277//2359 1268//2359 1274//2359
f 1277//2360 1274//2360 1278//2360
f 1278//2361 1274//2361 1275//2361
f 1278//2362 1275//2362 1279//2362
f 1279//2363 1275//2363 1276//2363
f 1279//2364 1276//2364 1280//2364
f 1279//2365 1280//2365 1281//2365
f 1278//2366 1279//2366 1282//2366
f 1282//2367 1279//2367 1281//2367
f 1282//2368 1281//2368 1283//2368
f 1277//2369 1278//2369 1284//2369
f 1284//2370 1278//2370 1282//2370
f 1284//2371 1282//2371 1285//2371
f 1285//2372 1282//2372 1283//2372
f 1285//2373 1283//2373 1286//2373
f 1264//2374 1277//2374 1287//2374
f 1287//2375 1277//2375 1284//2375
f 1287//2376 1284//2376 1288//2376
f 1288//2377 1284//2377 1285//2377
f 1288//2378 1285//2378 1289//2378
f 1289//2379 1285//2379 1286//2379
f 1289//2380 1286//2380 1290//2380
f 1281//2381 1280//2381 1291//2381
f 1283//2382 1281//2382 1292//2382
f 1292//2383 1281//2383 1291//2383
f 1292//2384 1291//2384 1293//2384
f 1286//2385 1283//2385 1294//2385
f 1294//2386 1283//2386 1292//2386
f 1294//2387 1292//2387 1295//2387
f 1295//2388 1292//2388 1293//2388
f 1295//2389 1293//2389 1296//2389
f 1290//2390 1286//2390 1297//2390
f 1297//2391 1286//2391 1294//2391
f 1297//2392 1294//2392 1298//2392
f 1298//2393 1294//2393 1295//2393
f 1298//2394 1295//2394 1299//2394
f 1299//2395 1295//2395 1296//2395
f 1299//2396 1296//2396 1300//2396
f 1299//2397 1300//2397 1301//2397
f 1298//2398 1299//2398 1302//2398
f 1302//2399 1299//2399 1301//2399
f 1302//2400 1301//2400 1303//2400
f 1297//2401 1298//2401 1304//2401
f 1304//2402 1298//2402 1302//2402
f 1304//2403 1302//2403 1305//2403
f 1305//2404 1302//2404 1303//2404
f 1305//2405 1303//2405 1306//2405
f 1290//2406 1297//2406 1307//2406
f 1307//2407 1297//2407 1304//2407
f 1307//2408 1304//2408 1308//2408
f 1308//2409 1304//2409 1305//2409
f 1308//2410 1305//2410 1309//2410
f 1309//2411 1305//2411 1306//2411
f 1309//2412 1306//2412 1310//2412
f 1311//2413 1312//2413 1313//2413
f 1314//2414 1311//2414 1315//2414
f 1315//2415 1311//2415 1313//2415
f 1315//2416 1313//2416 1316//2416
f 1317//2417 1314//2417 1318//2417
f 1318//2418 1314//2418 1315//2418
f 1318//2419 1315//2419 1319//2419
f 1319//2420 1315//2420 1316//2420
f 1319//2421 1316//2421 1320//2421
f 36//2422 1317//2422 1321//2422
f 1321//2423 1317//2423 1318//2423
f 1321//2424 1318//2424 1322//2424
f 1322//2425 1318//2425 1319//2425
f 1322//2426 1319//2426 1323//2426
f 1323//2427 1319//2427 1320//2427
f 1323//2428 1320//2428 1310//2428
f 1313//2429 1312//2429 1324//2429
f 1316//2430 1313//2430 1325//2430
f 1325//2431 1313//2431 1324//2431
f 1325//2432 1324//2432 1326//2432
f 1320//2433 1316//2433 1327//2433
f 1327//2434 1316//2434 1325//2434
f 1327//2435 1325//2435 1328//2435
f 1328//2436 1325//2436 1326//2436
f 1328//2437 1326//2437 1329//2437
f 1310//2438 1320//2438 1330//2438
f 1330//2439 1320//2439 1327//2439
f 1330//2440 1327//2440 1331//2440
f 1331//2441 1327//2441 1328//2441
f 1331//2442 1328//2442 1332//2442
f 1332//2443 1328//2443 1329//2443
f 1332//2444 1329//2444 1333//2444
f 1332//2445 1333//2445 1334//2445
f 1331//2446 1332//2446 1335//2446
f 1335//2447 1332//2447 1334//2447
f 1335//2448 1334//2448 1336//2448
f 1330//2449 1331//2449 1337//2449
f 1337//2450 1331//2450 1335//2450
f 1337//2451 1335//2451 1338//2451
f 1338//2452 1335//2452 1336//2452
f 1338//2453 1336//2453 1339//2453
f 1310//2454 1330//2454 1309//2454
f 1309//2455 1330//2455 1337//2455
f 1309//2456 1337//2456 1308//2456
f 1308//2457 1337//2457 1338//2457
f 1308//2458 1338//2458 1307//2458
f 1307//2459 1338//2459 1339//2459
f 1307//2460 1339//2460 1290//2460
f 1334//2461 1333//2461 1340//2461
f 1336//2462 1334//2462 1341//2462
f 1341//2463 1334//2463 1340//2463
f 1341//2464 1340//2464 1342//2464
f 1339//2465 1336//2465 1343//2465
f 1343//2466 1336//2466 1341//2466
f 1343//2467 1341//2467 1344//2467
f 1344//2468 1341//2468 1342//2468
f 1344//2469 1342//2469 1345//2469
f 1290//2470 1339//2470 1346//2470
f 1346//2471 1339//2471 1343//2471
f 1346//2472 1343//2472 1347//2472
f 1347//2473 1343//2473 1344//2473
f 1347//2474 1344//2474 1348//2474
f 1348//2475 1344//2475 1345//2475
f 1348//2476 1345//2476 1242//2476
f 1348//2477 1242//2477 1261//2477
f 1347//2478 1348//2478 1349//2478
f 1349//2479 1348//2479 1261//2479
f 1349//2480 1261//2480 1262//2480
f 1346//2481 1347//2481 1350//2481
f 1350//2482 1347//2482 1349//2482
f 1350//2483 1349//2483 1351//2483
f 1351//2484 1349//2484 1262//2484
f 1351//2485 1262//2485 1263//2485
f 1290//2486 1346//2486 1289//2486
f 1289//2487 1346//2487 1350//2487
f 1289//2488 1350//2488 1288//2488
f 1288//2489 1350//2489 1351//2489
f 1288//2490 1351//2490 1287//2490
f 1287//2491 1351//2491 1263//2491
f 1287//2492 1263//2492 1264//2492
f 42//2493 35//2493 1352//2493
f 40//2494 42//2494 1353//2494
f 1353//2495 42//2495 1352//2495
f 1353//2496 1352//2496 1354//2496
f 38//2497 40//2497 1355//2497
f 1355//2498 40//2498 1353//2498
f 1355//2499 1353//2499 1356//2499
f 1356//2500 1353//2500 1354//2500
f 1356//2501 1354//2501 1357//2501
f 36//2502 38//2502 1317//2502
f 1317//2503 38//2503 1355//2503
f 1317//2504 1355//2504 1314//2504
f 1314//2505 1355//2505 1356//2505
f 1314//2506 1356//2506 1311//2506
f 1311//2507 1356//2507 1357//2507
f 1311//2508 1357//2508 1312//2508
f 1352//2509 35//2509 1358//2509
f 1354//2510 1352//2510 1359//2510
f 1359//2511 1352//2511 1358//2511
f 1359//2512 1358//2512 1360//2512
f 1357//2513 1354//2513 1361//2513
f 1361//2514 1354//2514 1359//2514
f 1361//2515 1359//2515 1362//2515
f 1362//2516 1359//2516 1360//2516
f 1362//2517 1360//2517 1363//2517
f 1312//2518 1357//2518 1324//2518
f 1324//2519 1357//2519 1361//2519
f 1324//2520 1361//2520 1326//2520
f 1326//2521 1361//2521 1362//2521
f 1326//2522 1362//2522 1329//2522
f 1329//2523 1362//2523 1363//2523
f 1329//2524 1363//2524 1333//2524
f 1358//2525 35//2525 1364//2525
f 1360//2526 1358//2526 1365//2526
f 1365//2527 1358//2527 1364//2527
f 1365//2528 1364//2528 1366//2528
f 1363//2529 1360//2529 1367//2529
f 1367//2530 1360//2530 1365//2530
f 1367//2531 1365//2531 1368//2531
f 1368//2532 1365//2532 1366//2532
f 1368//2533 1366//2533 1369//2533
f 1333//2534 1363//2534 1370//2534
f 1370//2535 1363//2535 1367//2535
f 1370//2536 1367//2536 1371//2536
f 1371//2537 1367//2537 1368//2537
f 1371//2538 1368//2538 1372//2538
f 1372//2539 1368//2539 1369//2539
f 1372//2540 1369//2540 1373//2540
f 1364//2541 35//2541 34//2541
f 1366//2542 1364//2542 1374//2542
f 1374//2543 1364//2543 34//2543
f 1374//2544 34//2544 33//2544
f 1369//2545 1366//2545 1375//2545
f 1375//2546 1366//2546 1374//2546
f 1375//2547 1374//2547 1376//2547
f 1376//2548 1374//2548 33//2548
f 1376//2549 33//2549 32//2549
f 1373//2550 1369//2550 1377//2550
f 1377//2551 1369//2551 1375//2551
f 1377//2552 1375//2552 1378//2552
f 1378//2553 1375//2553 1376//2553
f 1378//2554 1376//2554 1379//2554
f 1379//2555 1376//2555 32//2555
f 1379//2556 32//2556 24//2556
f 1379//2557 24//2557 23//2557
f 1378//2558 1379//2558 1380//2558
f 1380//2559 1379//2559 23//2559
f 1380//2560 23//2560 22//2560
f 1377//2561 1378//2561 1381//2561
f 1381//2562 1378//2562 1380//2562
f 1381//2563 1380//2563 1382//2563
f 1382//2564 1380//2564 22//2564
f 1382//2565 22//2565 21//2565
f 1373//2566 1377//2566 1383//2566
f 1383//2567 1377//2567 1381//2567
f 1383//2568 1381//2568 1384//2568
f 1384//2569 1381//2569 1382//2569
f 1384//2570 1382//2570 1385//2570
f 1385//2571 1382//2571 21//2571
f 1385//2572 21//2572 1//2572
f 1385//2573 1//2573 1223//2573
f 1384//2574 1385//2574 1386//2574
f 1386//2575 1385//2575 1223//2575
f 1386//2576 1223//2576 1224//2576
f 1383//2577 1384//2577 1387//2577
f 1387//2578 1384//2578 1386//2578
f 1387//2579 1386//2579 1388//2579
f 1388//2580 1386//2580 1224//2580
f 1388//2581 1224//2581 1225//2581
f 1373//2582 1383//2582 1389//2582
f 1389//2583 1383//2583 1387//2583
f 1389//2584 1387//2584 1390//2584
f 1390//2585 1387//2585 1388//2585
f 1390//2586 1388//2586 1391//2586
f 1391//2587 1388//2587 1225//2587
f 1391//2588 1225//2588 1226//2588
f 1372//2589 1373//2589 1389//2589
f 1371//2590 1372//2590 1392//2590
f 1392//2591 1372//2591 1389//2591
f 1392//2592 1389//2592 1390//2592
f 1370//2593 1371//2593 1393//2593
f 1393//2594 1371//2594 1392//2594
f 1393//2595 1392//2595 1394//2595
f 1394//2596 1392//2596 1390//2596
f 1394//2597 1390//2597 1391//2597
f 1333//2598 1370//2598 1395//2598
f 1395//2599 1370//2599 1393//2599
f 1395//2600 1393//2600 1396//2600
f 1396//2601 1393//2601 1394//2601
f 1396//2602 1394//2602 1397//2602
f 1397//2603 1394//2603 1391//2603
f 1397//2604 1391//2604 1226//2604
f 1340//2605 1333//2605 1395//2605
f 1342//2606 1340//2606 1398//2606
f 1398//2607 1340//2607 1395//2607
f 1398//2608 1395//2608 1396//2608
f 1345//2609 1342//2609 1399//2609
f 1399//2610 1342//2610 1398//2610
f 1399//2611 1398//2611 1400//2611
f 1400//2612 1398//2612 1396//2612
f 1400//2613 1396//2613 1397//2613
f 1242//2614 1345//2614 1241//2614
f 1241//2615 1345//2615 1399//2615
f 1241//2616 1399//2616 1240//2616
f 1240//2617 1399//2617 1400//2617
f 1240//2618 1400//2618 1239//2618
f 1239//2619 1400//2619 1397//2619
f 1239//2620 1397//2620 1226//2620
f 53//2621 8//2621 1401//2621
f 51//2622 53//2622 1402//2622
f 1402//2623 53//2623 1401//2623
f 1402//2624 1401//2624 1403//2624
f 49//2625 51//2625 1404//2625
f 1404//2626 51//2626 1402//2626
f 1404//2627 1402//2627 1405//2627
f 1405//2628 1402//2628 1403//2628
f 1405//2629 1403//2629 1406//2629
f 47//2630 49//2630 1407//2630
f 1407//2631 49//2631 1404//2631
f 1407//2632 1404//2632 1408//2632
f 1408//2633 1404//2633 1405//2633
f 1408//2634 1405//2634 1409//2634
f 1409//2635 1405//2635 1406//2635
f 1409//2636 1406//2636 1410//2636
f 1401//2637 8//2637 10//2637
f 1403//2638 1401//2638 1411//2638
f 1411//2639 1401//2639 10//2639
f 1411//2640 10//2640 11//2640
f 1406//2641 1403//2641 1412//2641
f 1412//2642 1403//2642 1411//2642
f 1412//2643 1411//2643 1413//2643
f 1413//2644 1411//2644 11//2644
f 1413//2645 11//2645 12//2645
f 1410//2646 1406//2646 1414//2646
f 1414//2647 1406//2647 1412//2647
f 1414//2648 1412//2648 1415//2648
f 1415//2649 1412//2649 1413//2649
f 1415//2650 1413//2650 1416//2650
f 1416//2651 1413//2651 12//2651
f 1416//2652 12//2652 13//2652
f 1416//2653 13//2653 1417//2653
f 1415//2654 1416//2654 1418//2654
f 1418//2655 1416//2655 1417//2655
f 1418//2656 1417//2656 1419//2656
f 1414//2657 1415//2657 1420//2657
f 1420//2658 1415//2658 1418//2658
f 1420//2659 1418//2659 1421//2659
f 1421//2660 1418//2660 1419//2660
f 1421//2661 1419//2661 1422//2661
f 1410//2662 1414//2662 1423//2662
f 1423//2663 1414//2663 1420//2663
f 1423//2664 1420//2664 1424//2664
f 1424//2665 1420//2665 1421//2665
f 1424//2666 1421//2666 1425//2666
f 1425//2667 1421//2667 1422//2667
f 1425//2668 1422//2668 1426//2668
f 1417//2669 13//2669 1427//2669
f 1419//2670 1417//2670 1428//2670
f 1428//2671 1417//2671 1427//2671
f 1428//2672 1427//2672 1429//2672
f 1422//2673 1419//2673 1430//2673
f 1430//2674 1419//2674 1428//2674
f 1430//2675 1428//2675 1431//2675
f 1431//2676 1428//2676 1429//2676
f 1431//2677 1429//2677 1432//2677
f 1426//2678 1422//2678 1433//2678
f 1433//2679 1422//2679 1430//2679
f 1433//2680 1430//2680 1434//2680
f 1434//2681 1430//2681 1431//2681
f 1434//2682 1431//2682 1435//2682
f 1435//2683 1431//2683 1432//2683
f 1435//2684 1432//2684 1436//2684
f 1435//2685 1436//2685 1437//2685
f 1434//2686 1435//2686 1438//2686
f 1438//2687 1435//2687 1437//2687
f 1438//2688 1437//2688 1439//2688
f 1433//2689 1434//2689 1440//2689
f 1440//2690 1434//2690 1438//2690
f 1440//2691 1438//2691 1441//2691
f 1441//2692 1438//2692 1439//2692
f 1441//2693 1439//2693 1442//2693
f 1426//2694 1433//2694 1443//2694
f 1443//2695 1433//2695 1440//2695
f 1443//2696 1440//2696 1444//2696
f 1444//2697 1440//2697 1441//2697
f 1444//2698 1441//2698 1445//2698
f 1445//2699 1441//2699 1442//2699
f 1445//2700 1442//2700 1446//2700
f 1437//2701 1436//2701 1447//2701
f 1439//2702 1437//2702 1448//2702
f 1448//2703 1437//2703 1447//2703
f 1448//2704 1447//2704 1449//2704
f 1442//2705 1439//2705 1450//2705
f 1450//2706 1439//2706 1448//2706
f 1450//2707 1448//2707 1451//2707
f 1451//2708 1448//2708 1449//2708
f 1451//2709 1449//2709 1452//2709
f 1446//2710 1442//2710 1453//2710
f 1453//2711 1442//2711 1450//2711
f 1453//2712 1450//2712 1454//2712
f 1454//2713 1450//2713 1451//2713
f 1454//2714 1451//2714 1455//2714
f 1455//2715 1451//2715 1452//2715
f 1455//2716 1452//2716 25//2716
f 1455//2717 25//2717 43//2717
f 1454//2718 1455//2718 1456//2718
f 1456//2719 1455//2719 43//2719
f 1456//2720 43//2720 44//2720
f 1453//2721 1454//2721 1457//2721
f 1457//2722 1454//2722 1456//2722
f 1457//2723 1456//2723 1458//2723
f 1458//2724 1456//2724 44//2724
f 1458//2725 44//2725 45//2725
f 1446//2726 1453//2726 1459//2726
f 1459//2727 1453//2727 1457//2727
f 1459//2728 1457//2728 1460//2728
f 1460//2729 1457//2729 1458//2729
f 1460//2730 1458//2730 1461//2730
f 1461//2731 1458//2731 45//2731
f 1461//2732 45//2732 46//2732
f 15//2733 14//2733 1462//2733
f 17//2734 15//2734 1463//2734
f 1463//2735 15//2735 1462//2735
f 1463//2736 1462//2736 1464//2736
f 19//2737 17//2737 1465//2737
f 1465//2738 17//2738 1463//2738
f 1465//2739 1463//2739 1466//2739
f 1466//2740 1463//2740 1464//2740
f 1466//2741 1464//2741 1467//2741
f 13//2742 19//2742 1427//2742
f 1427//2743 19//2743 1465//2743
f 1427//2744 1465//2744 1429//2744
f 1429//2745 1465//2745 1466//2745
f 1429//2746 1466//2746 1432//2746
f 1432//2747 1466//2747 1467//2747
f 1432//2748 1467//2748 1436//2748
f 1462//2749 14//2749 30//2749
f 1464//2750 1462//2750 1468//2750
f 1468//2751 1462//2751 30//2751
f 1468//2752 30//2752 28//2752
f 1467//2753 1464//2753 1469//2753
f 1469//2754 1464//2754 1468//2754
f 1469//2755 1468//2755 1470//2755
f 1470//2756 1468//2756 28//2756
f 1470//2757 28//2757 26//2757
f 1436//2758 1467//2758 1447//2758
f 1447//2759 1467//2759 1469//2759
f 1447//2760 1469//2760 1449//2760
f 1449//2761 1469//2761 1470//2761
f 1449//2762 1470//2762 1452//2762
f 1452//2763 1470//2763 26//2763
f 1452//2764 26//2764 25//2764
f 1471//2765 1472//2765 1473//2765
f 1474//2766 1471//2766 1475//2766
f 1475//2767 1471//2767 1473//2767
f 1475//2768 1473//2768 1476//2768
f 1477//2769 1474//2769 1478//2769
f 1478//2770 1474//2770 1475//2770
f 1478//2771 1475//2771 1479//2771
f 1479//2772 1475//2772 1476//2772
f 1479//2773 1476//2773 1480//2773
f 46//2774 1477//2774 1461//2774
f 1461//2775 1477//2775 1478//2775
f 1461//2776 1478//2776 1460//2776
f 1460//2777 1478//2777 1479//2777
f 1460//2778 1479//2778 1459//2778
f 1459//2779 1479//2779 1480//2779
f 1459//2780 1480//2780 1446//2780
f 1473//2781 1472//2781 1481//2781
f 1476//2782 1473//2782 1482//2782
f 1482//2783 1473//2783 1481//2783
f 1482//2784 1481//2784 1483//2784
f 1480//2785 1476//2785 1484//2785
f 1484//2786 1476//2786 1482//2786
f 1484//2787 1482//2787 1485//2787
f 1485//2788 1482//2788 1483//2788
f 1485//2789 1483//2789 1486//2789
f 1446//2790 1480//2790 1487//2790
f 1487//2791 1480//2791 1484//2791
f 1487//2792 1484//2792 1488//2792
f 1488//2793 1484//2793 1485//2793
f 1488//2794 1485//2794 1489//2794
f 1489//2795 1485//2795 1486//2795
f 1489//2796 1486//2796 1490//2796
f 1489//2797 1490//2797 1491//2797
f 1488//2798 1489//2798 1492//2798
f 1492//2799 1489//2799 1491//2799
f 1492//2800 1491//2800 1493//2800
f 1487//2801 1488//2801 1494//2801
f 1494//2802 1488//2802 1492//2802
f 1494//2803 1492//2803 1495//2803
f 1495//2804 1492//2804 1493//2804
f 1495//2805 1493//2805 1496//2805
f 1446//2806 1487//2806 1445//2806
f 1445//2807 1487//2807 1494//2807
f 1445//2808 1494//2808 1444//2808
f 1444//2809 1494//2809 1495//2809
f 1444//2810 1495//2810 1443//2810
f 1443//2811 1495//2811 1496//2811
f 1443//2812 1496//2812 1426//2812
f 1491//2813 1490//2813 1497//2813
f 1493//2814 1491//2814 1498//2814
f 1498//2815 1491//2815 1497//2815
f 1498//2816 1497//2816 1499//2816
f 1496//2817 1493//2817 1500//2817
f 1500//2818 1493//2818 1498//2818
f 1500//2819 1498//2819 1501//2819
f 1501//2820 1498//2820 1499//2820
f 1501//2821 1499//2821 1502//2821
f 1426//2822 1496//2822 1503//2822
f 1503//2823 1496//2823 1500//2823
f 1503//2824 1500//2824 1504//2824
f 1504//2825 1500//2825 1501//2825
f 1504//2826 1501//2826 1505//2826
f 1505//2827 1501//2827 1502//2827
f 1505//2828 1502//2828 1506//2828
f 1505//2829 1506//2829 1507//2829
f 1504//2830 1505//2830 1508//2830
f 1508//2831 1505//2831 1507//2831
f 1508//2832 1507//2832 1509//2832
f 1503//2833 1504//2833 1510//2833
f 1510//2834 1504//2834 1508//2834
f 1510//2835 1508//2835 1511//2835
f 1511//2836 1508//2836 1509//2836
f 1511//2837 1509//2837 1512//2837
f 1426//2838 1503//2838 1513//2838
f 1513//2839 1503//2839 1510//2839
f 1513//2840 1510//2840 1514//2840
f 1514//2841 1510//2841 1511//2841
f 1514//2842 1511//2842 1515//2842
f 1515//2843 1511//2843 1512//2843
f 1515//2844 1512//2844 47//2844
f 1507//2845 1506//2845 1516//2845
f 1509//2846 1507//2846 1517//2846
f 1517//2847 1507//2847 1516//2847
f 1517//2848 1516//2848 1518//2848
f 1512//2849 1509//2849 1519//2849
f 1519//2850 1509//2850 1517//2850
f 1519//2851 1517//2851 1520//2851
f 1520//2852 1517//2852 1518//2852
f 1520//2853 1518//2853 1521//2853
f 47//2854 1512//2854 66//2854
f 66//2855 1512//2855 1519//2855
f 66//2856 1519//2856 67//2856
f 67//2857 1519//2857 1520//2857
f 67//2858 1520//2858 68//2858
f 68//2859 1520//2859 1521//2859
f 68//2860 1521//2860 69//2860
f 1516//2861 1506//2861 1522//2861
f 1518//2862 1516//2862 1523//2862
f 1523//2863 1516//2863 1522//2863
f 1523//2864 1522//2864 1524//2864
f 1521//2865 1518//2865 1525//2865
f 1525//2866 1518//2866 1523//2866
f 1525//2867 1523//2867 1526//2867
f 1526//2868 1523//2868 1524//2868
f 1526//2869 1524//2869 1527//2869
f 69//2870 1521//2870 77//2870
f 77//2871 1521//2871 1525//2871
f 77//2872 1525//2872 78//2872
f 78//2873 1525//2873 1526//2873
f 78//2874 1526//2874 79//2874
f 79//2875 1526//2875 1527//2875
f 79//2876 1527//2876 80//2876
f 1522//2877 1506//2877 1528//2877
f 1524//2878 1522//2878 1529//2878
f 1529//2879 1522//2879 1528//2879
f 1529//2880 1528//2880 1530//2880
f 1527//2881 1524//2881 1531//2881
f 1531//2882 1524//2882 1529//2882
f 1531//2883 1529//2883 1532//2883
f 1532//2884 1529//2884 1530//2884
f 1532//2885 1530//2885 1533//2885
f 80//2886 1527//2886 1534//2886
f 1534//2887 1527//2887 1531//2887
f 1534//2888 1531//2888 1535//2888
f 1535//2889 1531//2889 1532//2889
f 1535//2890 1532//2890 1536//2890
f 1536//2891 1532//2891 1533//2891
f 1536//2892 1533//2892 1537//2892
f 1536//2893 1537//2893 1538//2893
f 1535//2894 1536//2894 1539//2894
f 1539//2895 1536//2895 1538//2895
f 1539//2896 1538//2896 1540//2896
f 1534//2897 1535//2897 1541//2897
f 1541//2898 1535//2898 1539//2898
f 1541//2899 1539//2899 1542//2899
f 1542//2900 1539//2900 1540//2900
f 1542//2901 1540//2901 1543//2901
f 80//2902 1534//2902 87//2902
f 87//2903 1534//2903 1541//2903
f 87//2904 1541//2904 85//2904
f 85//2905 1541//2905 1542//2905
f 85//2906 1542//2906 83//2906
f 83//2907 1542//2907 1543//2907
f 83//2908 1543//2908 81//2908
f 1538//2909 1537//2909 1544//2909
f 1540//2910 1538//2910 1545//2910
f 1545//2911 1538//2911 1544//2911
f 1545//2912 1544//2912 1546//2912
f 1543//2913 1540//2913 1547//2913
f 1547//2914 1540//2914 1545//2914
f 1547//2915 1545//2915 1548//2915
f 1548//2916 1545//2916 1546//2916
f 1548//2917 1546//2917 1549//2917
f 81//2918 1543//2918 1550//2918
f 1550//2919 1543//2919 1547//2919
f 1550//2920 1547//2920 1551//2920
f 1551//2921 1547//2921 1548//2921
f 1551//2922 1548//2922 1552//2922
f 1552//2923 1548//2923 1549//2923
f 1552//2924 1549//2924 1553//2924
f 1544//2925 1537//2925 1554//2925
f 1546//2926 1544//2926 1555//2926
f 1555//2927 1544//2927 1554//2927
f 1555//2928 1554//2928 1556//2928
f 1549//2929 1546//2929 1557//2929
f 1557//2930 1546//2930 1555//2930
f 1557//2931 1555//2931 1558//2931
f 1558//2932 1555//2932 1556//2932
f 1558//2933 1556//2933 1559//2933
f 1553//2934 1549//2934 1560//2934
f 1560//2935 1549//2935 1557//2935
f 1560//2936 1557//2936 1561//2936
f 1561//2937 1557//2937 1558//2937
f 1561//2938 1558//2938 1562//2938
f 1562//2939 1558//2939 1559//2939
f 1562//2940 1559//2940 1490//2940
f 1562//2941 1490//2941 1563//2941
f 1561//2942 1562//2942 1564//2942
f 1564//2943 1562//2943 1563//2943
f 1564//2944 1563//2944 1565//2944
f 1560//2945 1561//2945 1566//2945
f 1566//2946 1561//2946 1564//2946
f 1566//2947 1564//2947 1567//2947
f 1567//2948 1564//2948 1565//2948
f 1567//2949 1565//2949 1568//2949
f 1553//2950 1560//2950 1569//2950
f 1569//2951 1560//2951 1566//2951
f 1569//2952 1566//2952 1570//2952
f 1570//2953 1566//2953 1567//2953
f 1570//2954 1567//2954 1571//2954
f 1571//2955 1567//2955 1568//2955
f 1571//2956 1568//2956 1572//2956
f 1563//2957 1490//2957 1486//2957
f 1565//2958 1563//2958 1573//2958
f 1573//2959 1563//2959 1486//2959
f 1573//2960 1486//2960 1483//2960
f 1568//2961 1565//2961 1574//2961
f 1574//2962 1565//2962 1573//2962
f 1574//2963 1573//2963 1575//2963
f 1575//2964 1573//2964 1483//2964
f 1575//2965 1483//2965 1481//2965
f 1572//2966 1568//2966 1576//2966
f 1576//2967 1568//2967 1574//2967
f 1576//2968 1574//2968 1577//2968
f 1577//2969 1574//2969 1575//2969
f 1577//2970 1575//2970 1578//2970
f 1578//2971 1575//2971 1481//2971
f 1578//2972 1481//2972 1472//2972
f 1515//2973 47//2973 1407//2973
f 1514//2974 1515//2974 1579//2974
f 1579//2975 1515//2975 1407//2975
f 1579//2976 1407//2976 1408//2976
f 1513//2977 1514//2977 1580//2977
f 1580//2978 1514//2978 1579//2978
f 1580//2979 1579//2979 1581//2979
f 1581//2980 1579//2980 1408//2980
f 1581//2981 1408//2981 1409//2981
f 1426//2982 1513//2982 1425//2982
f 1425//2983 1513//2983 1580//2983
f 1425//2984 1580//2984 1424//2984
f 1424//2985 1580//2985 1581//2985
f 1424//2986 1581//2986 1423//2986
f 1423//2987 1581//2987 1409//2987
f 1423//2988 1409//2988 1410//2988
f 1528//2989 1506//2989 1502//2989
f 1530//2990 1528//2990 1582//2990
f 1582//2991 1528//2991 1502//2991
f 1582//2992 1502//2992 1499//2992
f 1533//2993 1530//2993 1583//2993
f 1583//2994 1530//2994 1582//2994
f 1583//2995 1582//2995 1584//2995
f 1584//2996 1582//2996 1499//2996
f 1584//2997 1499//2997 1497//2997
f 1537//2998 1533//2998 1554//2998
f 1554//2999 1533//2999 1583//2999
f 1554//3000 1583//3000 1556//3000
f 1556//3001 1583//3001 1584//3001
f 1556//3002 1584//3002 1559//3002
f 1559//3003 1584//3003 1497//3003
f 1559//3004 1497//3004 1490//3004
f 1585//3005 1586//3005 1587//3005
f 1586//3006 1588//3006 1587//3006
f 1587//3007 1588//3007 1589//3007
f 1588//3008 1590//3008 1589//3008
f 1589//3009 1590//3009 1591//3009
f 1590//3010 1592//3010 1591//3010
f 1591//3011 1592//3011 665//3011
f 665//3012 666//3012 1591//3012
f 666//3013 667//3013 1591//3013
f 1591//3014 667//3014 1589//3014
f 667//3015 668//3015 1589//3015
f 1589//3016 668//3016 1587//3016
f 668//3017 669//3017 1587//3017
f 1587//3018 669//3018 1585//3018
f 1593//3019 1594//3019 1595//3019
f 1594//3020 1596//3020 1595//3020
f 1595//3021 1596//3021 1597//3021
f 1596//3022 1598//3022 1597//3022
f 1597//3023 1598//3023 1599//3023
f 1598//3024 1585//3024 1599//3024
f 1599//3025 1585//3025 669//3025
f 669//3026 686//3026 1599//3026
f 686//3027 687//3027 1599//3027
f 1599//3028 687//3028 1597//3028
f 687//3029 688//3029 1597//3029
f 1597//3030 688//3030 1595//3030
f 688//3031 689//3031 1595//3031
f 1595//3032 689//3032 1593//3032
f 1600//3033 1601//3033 1602//3033
f 1601//3034 1603//3034 1602//3034
f 1602//3035 1603//3035 1604//3035
f 1603//3036 1605//3036 1604//3036
f 1604//3037 1605//3037 1606//3037
f 1605//3038 1593//3038 1606//3038
f 1606//3039 1593//3039 689//3039
f 689//3040 706//3040 1606//3040
f 706//3041 707//3041 1606//3041
f 1606//3042 707//3042 1604//3042
f 707//3043 708//3043 1604//3043
f 1604//3044 708//3044 1602//3044
f 708//3045 709//3045 1602//3045
f 1602//3046 709//3046 1600//3046
f 1607//3047 1608//3047 1609//3047
f 1608//3048 1610//3048 1609//3048
f 1609//3049 1610//3049 1611//3049
f 1610//3050 1612//3050 1611//3050
f 1611//3051 1612//3051 1613//3051
f 1612//3052 1600//3052 1613//3052
f 1613//3053 1600//3053 709//3053
f 709//3054 726//3054 1613//3054
f 726//3055 727//3055 1613//3055
f 1613//3056 727//3056 1611//3056
f 727//3057 728//3057 1611//3057
f 1611//3058 728//3058 1609//3058
f 728//3059 729//3059 1609//3059
f 1609//3060 729//3060 1607//3060
f 1614//3061 1615//3061 1616//3061
f 1615//3062 1617//3062 1616//3062
f 1616//3063 1617//3063 1618//3063
f 1617//3064 1619//3064 1618//3064
f 1618//3065 1619//3065 1620//3065
f 1619//3066 1607//3066 1620//3066
f 1620//3067 1607//3067 729//3067
f 729//3068 746//3068 1620//3068
f 746//3069 747//3069 1620//3069
f 1620//3070 747//3070 1618//3070
f 747//3071 748//3071 1618//3071
f 1618//3072 748//3072 1616//3072
f 748//3073 749//3073 1616//3073
f 1616//3074 749//3074 1614//3074
f 1621//3075 1622//3075 1623//3075
f 1622//3076 1624//3076 1623//3076
f 1623//3077 1624//3077 1625//3077
f 1624//3078 1626//3078 1625//3078
f 1625//3079 1626//3079 1627//3079
f 1626//3080 1614//3080 1627//3080
f 1627//3081 1614//3081 749//3081
f 749//3082 766//3082 1627//3082
f 766//3083 767//3083 1627//3083
f 1627//3084 767//3084 1625//3084
f 767//3085 768//3085 1625//3085
f 1625//3086 768//3086 1623//3086
f 768//3087 769//3087 1623//3087
f 1623//3088 769//3088 1621//3088
f 1628//3089 1629//3089 1630//3089
f 1629//3090 1631//3090 1630//3090
f 1630//3091 1631//3091 1632//3091
f 1631//3092 1633//3092 1632//3092
f 1632//3093 1633//3093 1634//3093
f 1633//3094 1621//3094 1634//3094
f 1634//3095 1621//3095 769//3095
f 769//3096 786//3096 1634//3096
f 786//3097 787//3097 1634//3097
f 1634//3098 787//3098 1632//3098
f 787//3099 788//3099 1632//3099
f 1632//3100 788//3100 1630//3100
f 788//3101 789//3101 1630//3101
f 1630//3102 789//3102 1628//3102
f 1635//3103 1636//3103 1637//3103
f 1636//3104 1638//3104 1637//3104
f 1637//3105 1638//3105 1639//3105
f 1638//3106 1640//3106 1639//3106
f 1639//3107 1640//3107 1641//3107
f 1640//3108 1628//3108 1641//3108
f 1641//3109 1628//3109 789//3109
f 789//3110 1027//3110 1641//3110
f 1027//3111 1024//3111 1641//3111
f 1641//3112 1024//3112 1639//3112
f 1024//3113 1022//3113 1639//3113
f 1639//3114 1022//3114 1637//3114
f 1022//3115 633//3115 1637//3115
f 1637//3116 633//3116 1635//3116
f 633//3117 102//3117 1635//3117
f 1635//3117 102//3117 1642//3117
f 1643//3118 1644//3118 1645//3118
f 1644//3119 1646//3119 1645//3119
f 1645//3120 1646//3120 1647//3120
f 1646//3121 1648//3121 1647//3121
f 1647//3122 1648//3122 1649//3122
f 1648//3123 1642//3123 1649//3123
f 1649//3124 1642//3124 102//3124
f 102//3125 103//3125 1649//3125
f 103//3126 104//3126 1649//3126
f 1649//3127 104//3127 1647//3127
f 104//3128 105//3128 1647//3128
f 1647//3129 105//3129 1645//3129
f 105//3130 106//3130 1645//3130
f 1645//3131 106//3131 1643//3131
f 1650//3132 1651//3132 1652//3132
f 1651//3133 1653//3133 1652//3133
f 1652//3134 1653//3134 1654//3134
f 1653//3135 1655//3135 1654//3135
f 1654//3136 1655//3136 1656//3136
f 1655//3137 1643//3137 1656//3137
f 1656//3138 1643//3138 106//3138
f 106//3139 123//3139 1656//3139
f 123//3140 124//3140 1656//3140
f 1656//3141 124//3141 1654//3141
f 124//3142 125//3142 1654//3142
f 1654//3143 125//3143 1652//3143
f 125//3144 126//3144 1652//3144
f 1652//3145 126//3145 1650//3145
f 1657//3146 1658//3146 1659//3146
f 1658//3147 1660//3147 1659//3147
f 1659//3148 1660//3148 1661//3148
f 1660//3149 1662//3149 1661//3149
f 1661//3150 1662//3150 1663//3150
f 1662//3151 1650//3151 1663//3151
f 1663//3152 1650//3152 126//3152
f 126//3153 143//3153 1663//3153
f 143//3154 144//3154 1663//3154
f 1663//3155 144//3155 1661//3155
f 144//3156 145//3156 1661//3156
f 1661//3157 145//3157 1659//3157
f 145//3158 146//3158 1659//3158
f 1659//3159 146//3159 1657//3159
f 1664//3160 1665//3160 1666//3160
f 1665//3161 1667//3161 1666//3161
f 1666//3162 1667//3162 1668//3162
f 1667//3163 1669//3163 1668//3163
f 1668//3164 1669//3164 1670//3164
f 1669//3165 1657//3165 1670//3165
f 1670//3166 1657//3166 146//3166
f 146//3167 163//3167 1670//3167
f 163//3168 164//3168 1670//3168
f 1670//3169 164//3169 1668//3169
f 164//3170 165//3170 1668//3170
f 1668//3171 165//3171 1666//3171
f 165//3172 166//3172 1666//3172
f 1666//3173 166//3173 1664//3173
f 1671//3174 1672//3174 1673//3174
f 1672//3175 1674//3175 1673//3175
f 1673//3176 1674//3176 1675//3176
f 1674//3177 1676//3177 1675//3177
f 1675//3178 1676//3178 1677//3178
f 1676//3179 1664//3179 1677//3179
f 1677//3180 1664//3180 166//3180
f 166//3181 183//3181 1677//3181
f 183//3182 184//3182 1677//3182
f 1677//3183 184//3183 1675//3183
f 184//3184 185//3184 1675//3184
f 1675//3185 185//3185 1673//3185
f 185//3186 186//3186 1673//3186
f 1673//3187 186//3187 1671//3187
f 1678//3188 1679//3188 1680//3188
f 1679//3189 1681//3189 1680//3189
f 1680//3190 1681//3190 1682//3190
f 1681//3191 1683//3191 1682//3191
f 1682//3192 1683//3192 1684//3192
f 1683//3193 1671//3193 1684//3193
f 1684//3194 1671//3194 186//3194
f 186//3195 203//3195 1684//3195
f 203//3196 204//3196 1684//3196
f 1684//3197 204//3197 1682//3197
f 204//3198 205//3198 1682//3198
f 1682//3199 205//3199 1680//3199
f 205//3200 206//3200 1680//3200
f 1680//3201 206//3201 1678//3201
f 1685//3202 1686//3202 1687//3202
f 1686//3203 1688//3203 1687//3203
f 1687//3204 1688//3204 1689//3204
f 1688//3205 1690//3205 1689//3205
f 1689//3206 1690//3206 1691//3206
f 1690//3207 1678//3207 1691//3207
f 1691//3208 1678//3208 206//3208
f 206//3209 223//3209 1691//3209
f 223//3210 224//3210 1691//3210
f 1691//3211 224//3211 1689//3211
f 224//3212 225//3212 1689//3212
f 1689//3213 225//3213 1687//3213
f 225//3214 226//3214 1687//3214
f 1687//3215 226//3215 1685//3215
f 1692//3216 1693//3216 1694//3216
f 1693//3217 1695//3217 1694//3217
f 1694//3218 1695//3218 1696//3218
f 1695//3219 1697//3219 1696//3219
f 1696//3220 1697//3220 1698//3220
f 1697//3221 1685//3221 1698//3221
f 1698//3222 1685//3222 226//3222
f 226//3223 464//3223 1698//3223
f 464//3224 461//3224 1698//3224
f 1698//3225 461//3225 1696//3225
f 461//3226 459//3226 1696//3226
f 1696//3227 459//3227 1694//3227
f 459//3228 91//3228 1694//3228
f 1694//3229 91//3229 1692//3229
f 91//3230 81//3230 1692//3230
f 1692//3230 81//3230 1699//3230
f 9//3231 8//3231 976//3231
f 976//3231 8//3231 54//3231
f 976//3231 54//3231 648//3231
f 648//3231 54//3231 413//3231
f 413//3231 54//3231 290//3231
f 413//3231 290//3231 291//3231
f 413//3231 291//3231 292//3231
f 413//3231 292//3231 293//3231
f 413//3231 293//3231 310//3231
f 413//3231 310//3231 311//3231
f 413//3231 311//3231 312//3231
f 413//3231 312//3231 313//3231
f 413//3231 313//3231 330//3231
f 413//3231 330//3231 331//3231
f 413//3231 331//3231 332//3231
f 413//3231 332//3231 333//3231
f 413//3231 333//3231 350//3231
f 413//3231 350//3231 351//3231
f 413//3231 351//3231 352//3231
f 413//3231 352//3231 353//3231
f 413//3231 353//3231 370//3231
f 413//3231 370//3231 371//3231
f 413//3231 371//3231 372//3231
f 413//3231 372//3231 373//3231
f 393//3231 410//3231 392//3231
f 410//3231 411//3231 392//3231
f 392//3231 411//3231 391//3231
f 411//3231 412//3231 391//3231
f 391//3231 412//3231 390//3231
f 412//3231 413//3231 390//3231
f 390//3231 413//3231 373//3231
f 856//3231 873//3231 855//3231
f 873//3231 874//3231 855//3231
f 855//3231 874//3231 854//3231
f 874//3231 875//3231 854//3231
f 854//3231 875//3231 853//3231
f 875//3231 876//3231 853//3231
f 853//3231 876//3231 648//3231
f 648//3231 876//3231 893//3231
f 648//3231 893//3231 894//3231
f 648//3231 894//3231 895//3231
f 648//3231 895//3231 896//3231
f 648//3231 896//3231 913//3231
f 648//3231 913//3231 914//3231
f 648//3231 914//3231 915//3231
f 648//3231 915//3231 916//3231
f 648//3231 916//3231 933//3231
f 648//3231 933//3231 934//3231
f 648//3231 934//3231 935//3231
f 648//3231 935//3231 936//3231
f 648//3231 936//3231 953//3231
f 648//3231 953//3231 954//3231
f 648//3231 954//3231 955//3231
f 648//3231 955//3231 956//3231
f 648//3231 956//3231 973//3231
f 648//3231 973//3231 974//3231
f 648//3231 974//3231 975//3231
f 648//3231 975//3231 976//3231
f 1196//3284 665//3284 1803//3284
f 1803//3284 665//3284 1592//3284
f 1553//3286 1819//3286 1552//3286
f 1819//3287 1820//3287 1552//3287
f 1552//3288 1820//3288 1551//3288
f 1820//3289 1821//3289 1551//3289
f 1551//3290 1821//3290 1550//3290
f 1821//3291 1699//3291 1550//3291
f 1550//3292 1699//3292 81//3292
f 1699//3293 1821//3293 1793//3293
f 1821//3294 1820//3294 1793//3294
f 1793//3295 1820//3295 1791//3295
f 1820//3296 1819//3296 1791//3296
f 1791//3297 1819//3297 1789//3297
f 1819//3298 1553//3298 1789//3298
f 1789//3299 1553//3299 1787//3299
f 1794//3300 1792//3300 1822//3300
f 1792//3301 1790//3301 1822//3301
f 1822//3302 1790//3302 1823//3302
f 1790//3303 1788//3303 1823//3303
f 1823//3304 1788//3304 1824//3304
f 1788//3305 1787//3305 1824//3305
f 1824//3306 1787//3306 1553//3306
f 1553//3307 1569//3307 1824//3307
f 1569//3308 1570//3308 1824//3308
f 1824//3309 1570//3309 1823//3309
f 1570//3310 1571//3310 1823//3310
f 1823//3311 1571//3311 1822//3311
f 1571//3312 1572//3312 1822//3312
f 1822//3313 1572//3313 1794//3313
f 1798//3314 1797//3314 1825//3314
f 1797//3315 1796//3315 1825//3315
f 1825//3316 1796//3316 1826//3316
f 1796//3317 1795//3317 1826//3317
f 1826//3318 1795//3318 1827//3318
f 1795//3319 1794//3319 1827//3319
f 1827//3320 1794//3320 1572//3320
f 1572//3321 1576//3321 1827//3321
f 1576//3322 1577//3322 1827//3322
f 1827//3323 1577//3323 1826//3323
f 1577//3324 1578//3324 1826//3324
f 1826//3325 1578//3325 1825//3325
f 1578//3326 1472//3326 1825//3326
f 1825//3327 1472//3327 1798//3327
f 46//3328 1828//3328 1477//3328
f 1828//3329 1829//3329 1477//3329
f 1477//3330 1829//3330 1474//3330
f 1829//3331 1830//3331 1474//3331
f 1474//3332 1830//3332 1471//3332
f 1830//3333 1798//3333 1471//3333
f 1471//3334 1798//3334 1472//3334
f 1798//3335 1830//3335 1799//3335
f 1830//3336 1829//3336 1799//3336
f 1799//3337 1829//3337 1800//3337
f 1829//3338 1828//3338 1800//3338
f 1800//3339 1828//3339 1801//3339
f 1828//3340 46//3340 1801//3340
f 1801//3341 46//3341 1785//3341
f 1310//3342 1831//3342 1323//3342
f 1831//3343 1832//3343 1323//3343
f 1323//3344 1832//3344 1322//3344
f 1832//3345 1833//3345 1322//3345
f 1322//3346 1833//3346 1321//3346
f 1833//3347 1802//3347 1321//3347
f 1321//3348 1802//3348 36//3348
f 1802//3349 1833//3349 1804//3349
f 1833//3350 1832//3350 1804//3350
f 1804//3351 1832//3351 1805//3351
f 1832//3352 1831//3352 1805//3352
f 1805//3353 1831//3353 1806//3353
f 1831//3354 1310//3354 1806//3354
f 1806//3355 1310//3355 1807//3355
f 1811//3356 1810//3356 1834//3356
f 1810//3357 1809//3357 1834//3357
f 1834//3358 1809//3358 1835//3358
f 1809//3359 1808//3359 1835//3359
f 1835//3360 1808//3360 1836//3360
f 1808//3361 1807//3361 1836//3361
f 1836//3362 1807//3362 1310//3362
f 1310//3363 1306//3363 1836//3363
f 1306//3364 1303//3364 1836//3364
f 1836//3365 1303//3365 1835//3365
f 1303//3366 1301//3366 1835//3366
f 1835//3367 1301//3367 1834//3367
f 1301//3368 1300//3368 1834//3368
f 1834//3369 1300//3369 1811//3369
f 1812//3370 1814//3370 1837//3370
f 1814//3371 1816//3371 1837//3371
f 1837//3372 1816//3372 1838//3372
f 1816//3373 1818//3373 1838//3373
f 1838//3374 1818//3374 1839//3374
f 1818//3375 1811//3375 1839//3375
f 1839//3376 1811//3376 1300//3376
f 1300//3377 1296//3377 1839//3377
f 1296//3378 1293//3378 1839//3378
f 1839//3379 1293//3379 1838//3379
f 1293//3380 1291//3380 1838//3380
f 1838//3381 1291//3381 1837//3381
f 1291//3382 1280//3382 1837//3382
f 1837//3383 1280//3383 1812//3383
f 1196//3384 1840//3384 1271//3384
f 1840//3385 1841//3385 1271//3385
f 1271//3386 1841//3386 1273//3386
f 1841//3387 1842//3387 1273//3387
f 1273//3388 1842//3388 1276//3388
f 1842//3389 1812//3389 1276//3389
f 1276//3390 1812//3390 1280//3390
f 1812//3391 1842//3391 1813//3391
f 1842//3392 1841//3392 1813//3392
f 1813//3393 1841//3393 1815//3393
f 1841//3394 1840//3394 1815//3394
f 1815//3395 1840//3395 1817//3395
f 1840//3396 1196//3396 1817//3396
f 1817//3397 1196//3397 1803//3397
f 1785//3398 46//3398 1786//3398
f 1786//3398 46//3398 36//3398
f 1786//3398 36//3398 1746//3398
f 1746//3398 36//3398 1802//3398
f 2441//3987 2442//3987 2443//3987
f 2444//3988 2441//3988 2445//3988
f 2445//3989 2441//3989 2443//3989
f 2445//3990 2443//3990 2446//3990
f 2447//3991 2444//3991 2448//3991
f 2448//3992 2444//3992 2445//3992
f 2448//3993 2445//3993 2449//3993
f 2449//3994 2445//3994 2446//3994
f 2449//3995 2446//3995 2450//3995
f 2451//3996 2447//3996 2452//3996
f 2452//3997 2447//3997 2448//3997
f 2452//3998 2448//3998 2453//3998
f 2453//3999 2448//3999 2449//3999
f 2453//4000 2449//4000 2454//4000
f 2454//4001 2449//4001 2450//4001
f 2454//4002 2450//4002 2455//4002
f 2443//4003 2442//4003 2456//4003
f 2446//4004 2443//4004 2457//4004
f 2457//4005 2443//4005 2456//4005
f 2457//4006 2456//4006 2458//4006
f 2450//4007 2446//4007 2459//4007
f 2459//4008 2446//4008 2457//4008
f 2459//4009 2457//4009 2460//4009
f 2460//4010 2457//4010 2458//4010
f 2460//4011 2458//4011 2461//4011
f 2455//4012 2450//4012 2462//4012
f 2462//4013 2450//4013 2459//4013
f 2462//4014 2459//4014 2463//4014
f 2463//4015 2459//4015 2460//4015
f 2463//4016 2460//4016 2464//4016
f 2464//4017 2460//4017 2461//4017
f 2464//4018 2461//4018 2465//4018
f 2464//4019 2465//4019 2466//4019
f 2463//4020 2464//4020 2467//4020
f 2467//4021 2464//4021 2466//4021
f 2467//4022 2466//4022 2468//4022
f 2462//4023 2463//4023 2469//4023
f 2469//4024 2463//4024 2467//4024
f 2469//4025 2467//4025 2470//4025
f 2470//4026 2467//4026 2468//4026
f 2470//4027 2468//4027 2471//4027
f 2455//4028 2462//4028 2472//4028
f 2472//4029 2462//4029 2469//4029
f 2472//4030 2469//4030 2473//4030
f 2473//4031 2469//4031 2470//4031
f 2473//4032 2470//4032 2474//4032
f 2474//4033 2470//4033 2471//4033
f 2474//4034 2471//4034 2475//4034
f 2466//4035 2465//4035 2476//4035
f 2468//4036 2466//4036 2477//4036
f 2477//4037 2466//4037 2476//4037
f 2477//4038 2476//4038 2478//4038
f 2471//4039 2468//4039 2479//4039
f 2479//4040 2468//4040 2477//4040
f 2479//4041 2477//4041 2480//4041
f 2480//4042 2477//4042 2478//4042
f 2480//4043 2478//4043 2481//4043
f 2475//4044 2471//4044 2482//4044
f 2482//4045 2471//4045 2479//4045
f 2482//4046 2479//4046 2483//4046
f 2483//4047 2479//4047 2480//4047
f 2483//4048 2480//4048 2484//4048
f 2484//4049 2480//4049 2481//4049
f 2484//4050 2481//4050 2485//4050
f 2484//4051 2485//4051 2486//4051
f 2483//4052 2484//4052 2487//4052
f 2487//4053 2484//4053 2486//4053
f 2487//4054 2486//4054 2488//4054
f 2482//4055 2483//4055 2489//4055
f 2489//4056 2483//4056 2487//4056
f 2489//4057 2487//4057 2490//4057
f 2490//4058 2487//4058 2488//4058
f 2490//4059 2488//4059 2491//4059
f 2475//4060 2482//4060 2492//4060
f 2492//4061 2482//4061 2489//4061
f 2492//4062 2489//4062 2493//4062
f 2493//4063 2489//4063 2490//4063
f 2493//4064 2490//4064 2494//4064
f 2494//4065 2490//4065 2491//4065
f 2494//4066 2491//4066 2495//4066
f 2486//4067 2485//4067 2496//4067
f 2488//4068 2486//4068 2497//4068
f 2497//4069 2486//4069 2496//4069
f 2497//4070 2496//4070 2498//4070
f 2491//4071 2488//4071 2499//4071
f 2499//4072 2488//4072 2497//4072
f 2499//4073 2497//4073 2500//4073
f 2500//4074 2497//4074 2498//4074
f 2500//4075 2498//4075 2501//4075
f 2495//4076 2491//4076 2502//4076
f 2502//4077 2491//4077 2499//4077
f 2502//4078 2499//4078 2503//4078
f 2503//4079 2499//4079 2500//4079
f 2503//4080 2500//4080 2504//4080
f 2504//4081 2500//4081 2501//4081
f 2504//4082 2501//4082 2505//4082
f 2504//4083 2505//4083 2506//4083
f 2503//4084 2504//4084 2507//4084
f 2507//4085 2504//4085 2506//4085
f 2507//4086 2506//4086 2508//4086
f 2502//4087 2503//4087 2509//4087
f 2509//4088 2503//4088 2507//4088
f 2509//4089 2507//4089 2510//4089
f 2510//4090 2507//4090 2508//4090
f 2510//4091 2508//4091 2511//4091
f 2495//4092 2502//4092 2512//4092
f 2512//4093 2502//4093 2509//4093
f 2512//4094 2509//4094 2513//4094
f 2513//4095 2509//4095 2510//4095
f 2513//4096 2510//4096 2514//4096
f 2514//4097 2510//4097 2511//4097
f 2514//4098 2511//4098 2515//4098
f 2506//4099 2505//4099 2516//4099
f 2508//4100 2506//4100 2517//4100
f 2517//4101 2506//4101 2516//4101
f 2517//4102 2516//4102 2518//4102
f 2511//4103 2508//4103 2519//4103
f 2519//4104 2508//4104 2517//4104
f 2519//4105 2517//4105 2520//4105
f 2520//4106 2517//4106 2518//4106
f 2520//4107 2518//4107 2521//4107
f 2515//4108 2511//4108 2522//4108
f 2522//4109 2511//4109 2519//4109
f 2522//4110 2519//4110 2523//4110
f 2523//4111 2519//4111 2520//4111
f 2523//4112 2520//4112 2524//4112
f 2524//4113 2520//4113 2521//4113
f 2524//4114 2521//4114 2525//4114
f 2524//4115 2525//4115 2526//4115
f 2523//4116 2524//4116 2527//4116
f 2527//4117 2524//4117 2526//4117
f 2527//4118 2526//4118 2528//4118
f 2522//4119 2523//4119 2529//4119
f 2529//4120 2523//4120 2527//4120
f 2529//4121 2527//4121 2530//4121
f 2530//4122 2527//4122 2528//4122
f 2530//4123 2528//4123 2531//4123
f 2515//4124 2522//4124 2532//4124
f 2532//4125 2522//4125 2529//4125
f 2532//4126 2529//4126 2533//4126
f 2533//4127 2529//4127 2530//4127
f 2533//4128 2530//4128 2534//4128
f 2534//4129 2530//4129 2531//4129
f 2534//4130 2531//4130 2535//4130
f 2526//4131 2525//4131 2536//4131
f 2528//4132 2526//4132 2537//4132
f 2537//4133 2526//4133 2536//4133
f 2537//4134 2536//4134 2538//4134
f 2531//4135 2528//4135 2539//4135
f 2539//4136 2528//4136 2537//4136
f 2539//4137 2537//4137 2540//4137
f 2540//4138 2537//4138 2538//4138
f 2540//4139 2538//4139 2541//4139
f 2535//4140 2531//4140 2542//4140
f 2542//4141 2531//4141 2539//4141
f 2542//4142 2539//4142 2543//4142
f 2543//4143 2539//4143 2540//4143
f 2543//4144 2540//4144 2544//4144
f 2544//4145 2540//4145 2541//4145
f 2544//4146 2541//4146 2545//4146
f 2544//4147 2545//4147 2546//4147
f 2543//4148 2544//4148 2547//4148
f 2547//4149 2544//4149 2546//4149
f 2547//4150 2546//4150 2548//4150
f 2542//4151 2543//4151 2549//4151
f 2549//4152 2543//4152 2547//4152
f 2549//4153 2547//4153 2550//4153
f 2550//4154 2547//4154 2548//4154
f 2550//4155 2548//4155 2551//4155
f 2535//4156 2542//4156 2552//4156
f 2552//4157 2542//4157 2549//4157
f 2552//4158 2549//4158 2553//4158
f 2553//4159 2549//4159 2550//4159
f 2553//4160 2550//4160 2554//4160
f 2554//4161 2550//4161 2551//4161
f 2554//4162 2551//4162 2555//4162
f 2546//4163 2545//4163 2556//4163
f 2548//4164 2546//4164 2557//4164
f 2557//4165 2546//4165 2556//4165
f 2557//4166 2556//4166 2558//4166
f 2551//4167 2548//4167 2559//4167
f 2559//4168 2548//4168 2557//4168
f 2559//4169 2557//4169 2560//4169
f 2560//4170 2557//4170 2558//4170
f 2560//4171 2558//4171 2561//4171
f 2555//4172 2551//4172 2562//4172
f 2562//4173 2551//4173 2559//4173
f 2562//4174 2559//4174 2563//4174
f 2563//4175 2559//4175 2560//4175
f 2563//4176 2560//4176 2564//4176
f 2564//4177 2560//4177 2561//4177
f 2564//4178 2561//4178 2565//4178
f 2564//4179 2565//4179 2566//4179
f 2563//4180 2564//4180 2567//4180
f 2567//4181 2564//4181 2566//4181
f 2567//4182 2566//4182 2568//4182
f 2562//4183 2563//4183 2569//4183
f 2569//4184 2563//4184 2567//4184
f 2569//4185 2567//4185 2570//4185
f 2570//4186 2567//4186 2568//4186
f 2570//4187 2568//4187 2571//4187
f 2555//4188 2562//4188 2572//4188
f 2572//4189 2562//4189 2569//4189
f 2572//4190 2569//4190 2573//4190
f 2573//4191 2569//4191 2570//4191
f 2573//4192 2570//4192 2574//4192
f 2574//4193 2570//4193 2571//4193
f 2574//4194 2571//4194 2575//4194
f 2566//4195 2565//4195 2576//4195
f 2568//4196 2566//4196 2577//4196
f 2577//4197 2566//4197 2576//4197
f 2577//4198 2576//4198 2578//4198
f 2571//4199 2568//4199 2579//4199
f 2579//4200 2568//4200 2577//4200
f 2579//4201 2577//4201 2580//4201
f 2580//4202 2577//4202 2578//4202
f 2580//4203 2578//4203 2581//4203
f 2575//4204 2571//4204 2582//4204
f 2582//4205 2571//4205 2579//4205
f 2582//4206 2579//4206 2583//4206
f 2583//4207 2579//4207 2580//4207
f 2583//4208 2580//4208 2584//4208
f 2584//4209 2580//4209 2581//4209
f 2584//4210 2581//4210 2585//4210
f 2584//4211 2585//4211 2586//4211
f 2583//4212 2584//4212 2587//4212
f 2587//4213 2584//4213 2586//4213
f 2587//4214 2586//4214 2588//4214
f 2582//4215 2583//4215 2589//4215
f 2589//4216 2583//4216 2587//4216
f 2589//4217 2587//4217 2590//4217
f 2590//4218 2587//4218 2588//4218
f 2590//4219 2588//4219 2591//4219
f 2575//4220 2582//4220 2592//4220
f 2592//4221 2582//4221 2589//4221
f 2592//4222 2589//4222 2593//4222
f 2593//4223 2589//4223 2590//4223
f 2593//4224 2590//4224 2594//4224
f 2594//4225 2590//4225 2591//4225
f 2594//4226 2591//4226 2595//4226
f 2586//4227 2585//4227 2596//4227
f 2588//4228 2586//4228 2597//4228
f 2597//4229 2586//4229 2596//4229
f 2597//4230 2596//4230 2598//4230
f 2591//4231 2588//4231 2599//4231
f 2599//4232 2588//4232 2597//4232
f 2599//4233 2597//4233 2600//4233
f 2600//4234 2597//4234 2598//4234
f 2600//4235 2598//4235 2601//4235
f 2595//4236 2591//4236 2602//4236
f 2602//4237 2591//4237 2599//4237
f 2602//4238 2599//4238 2603//4238
f 2603//4239 2599//4239 2600//4239
f 2603//4240 2600//4240 2604//4240
f 2604//4241 2600//4241 2601//4241
f 2604//4242 2601//4242 2605//4242
f 2596//4243 2585//4243 2606//4243
f 2598//4244 2596//4244 2607//4244
f 2607//4245 2596//4245 2606//4245
f 2607//4246 2606//4246 2608//4246
f 2601//4247 2598//4247 2609//4247
f 2609//4248 2598//4248 2607//4248
f 2609//4249 2607//4249 2610//4249
f 2610//4250 2607//4250 2608//4250
f 2610//4251 2608//4251 2611//4251
f 2605//4252 2601//4252 2612//4252
f 2612//4253 2601//4253 2609//4253
f 2612//4254 2609//4254 2613//4254
f 2613//4255 2609//4255 2610//4255
f 2613//4256 2610//4256 2614//4256
f 2614//4257 2610//4257 2611//4257
f 2614//4258 2611//4258 2615//4258
f 2614//4259 2615//4259 2616//4259
f 2613//4260 2614//4260 2617//4260
f 2617//4261 2614//4261 2616//4261
f 2617//4262 2616//4262 2618//4262
f 2612//4263 2613//4263 2619//4263
f 2619//4264 2613//4264 2617//4264
f 2619//4265 2617//4265 2620//4265
f 2620//4266 2617//4266 2618//4266
f 2620//4267 2618//4267 2621//4267
f 2605//4268 2612//4268 2622//4268
f 2622//4269 2612//4269 2619//4269
f 2622//4270 2619//4270 2623//4270
f 2623//4271 2619//4271 2620//4271
f 2623//4272 2620//4272 2624//4272
f 2624//4273 2620//4273 2621//4273
f 2624//4274 2621//4274 2625//4274
f 2616//4275 2615//4275 2626//4275
f 2618//4276 2616//4276 2627//4276
f 2627//4277 2616//4277 2626//4277
f 2627//4278 2626//4278 2628//4278
f 2621//4279 2618//4279 2629//4279
f 2629//4280 2618//4280 2627//4280
f 2629//4281 2627//4281 2630//4281
f 2630//4282 2627//4282 2628//4282
f 2630//4283 2628//4283 2631//4283
f 2625//4284 2621//4284 2632//4284
f 2632//4285 2621//4285 2629//4285
f 2632//4286 2629//4286 2633//4286
f 2633//4287 2629//4287 2630//4287
f 2633//4288 2630//4288 2634//4288
f 2634//4289 2630//4289 2631//4289
f 2634//4290 2631//4290 2635//4290
f 2634//4291 2635//4291 2636//4291
f 2633//4292 2634//4292 2637//4292
f 2637//4293 2634//4293 2636//4293
f 2637//4294 2636//4294 2638//4294
f 2632//4295 2633//4295 2639//4295
f 2639//4296 2633//4296 2637//4296
f 2639//4297 2637//4297 2640//4297
f 2640//4298 2637//4298 2638//4298
f 2640//4299 2638//4299 2641//4299
f 2625//4300 2632//4300 2642//4300
f 2642//4301 2632//4301 2639//4301
f 2642//4302 2639//4302 2643//4302
f 2643//4303 2639//4303 2640//4303
f 2643//4304 2640//4304 2644//4304
f 2644//4305 2640//4305 2641//4305
f 2644//4306 2641//4306 2645//4306
f 2636//4307 2635//4307 2646//4307
f 2638//4308 2636//4308 2647//4308
f 2647//4309 2636//4309 2646//4309
f 2647//4310 2646//4310 2648//4310
f 2641//4311 2638//4311 2649//4311
f 2649//4312 2638//4312 2647//4312
f 2649//4313 2647//4313 2650//4313
f 2650//4314 2647//4314 2648//4314
f 2650//4315 2648//4315 2651//4315
f 2645//4316 2641//4316 2652//4316
f 2652//4317 2641//4317 2649//4317
f 2652//4318 2649//4318 2653//4318
f 2653//4319 2649//4319 2650//4319
f 2653//4320 2650//4320 2654//4320
f 2654//4321 2650//4321 2651//4321
f 2654//4322 2651//4322 2655//4322
f 2646//4323 2635//4323 2656//4323
f 2648//4324 2646//4324 2657//4324
f 2657//4325 2646//4325 2656//4325
f 2657//4326 2656//4326 2658//4326
f 2651//4327 2648//4327 2659//4327
f 2659//4328 2648//4328 2657//4328
f 2659//4329 2657//4329 2660//4329
f 2660//4330 2657//4330 2658//4330
f 2660//4331 2658//4331 2661//4331
f 2655//4332 2651//4332 2662//4332
f 2662//4333 2651//4333 2659//4333
f 2662//4334 2659//4334 2663//4334
f 2663//4335 2659//4335 2660//4335
f 2663//4336 2660//4336 2664//4336
f 2664//4337 2660//4337 2661//4337
f 2664//4338 2661//4338 2665//4338
f 2664//4339 2665//4339 2666//4339
f 2663//4340 2664//4340 2667//4340
f 2667//4341 2664//4341 2666//4341
f 2667//4342 2666//4342 2668//4342
f 2662//4343 2663//4343 2669//4343
f 2669//4344 2663//4344 2667//4344
f 2669//4345 2667//4345 2670//4345
f 2670//4346 2667//4346 2668//4346
f 2670//4347 2668//4347 2671//4347
f 2655//4348 2662//4348 2672//4348
f 2672//4349 2662//4349 2669//4349
f 2672//4350 2669//4350 2673//4350
f 2673//4351 2669//4351 2670//4351
f 2673//4352 2670//4352 2674//4352
f 2674//4353 2670//4353 2671//4353
f 2674//4354 2671//4354 2675//4354
f 2666//4355 2665//4355 2676//4355
f 2668//4356 2666//4356 2677//4356
f 2677//4357 2666//4357 2676//4357
f 2677//4358 2676//4358 2678//4358
f 2671//4359 2668//4359 2679//4359
f 2679//4360 2668//4360 2677//4360
f 2679//4361 2677//4361 2680//4361
f 2680//4362 2677//4362 2678//4362
f 2680//4363 2678//4363 2681//4363
f 2675//4364 2671//4364 2682//4364
f 2682//4365 2671//4365 2679//4365
f 2682//4366 2679//4366 2683//4366
f 2683//4367 2679//4367 2680//4367
f 2683//4368 2680//4368 2684//4368
f 2684//4369 2680//4369 2681//4369
f 2684//4370 2681//4370 2685//4370
f 2684//4371 2685//4371 2686//4371
f 2683//4372 2684//4372 2687//4372
f 2687//4373 2684//4373 2686//4373
f 2687//4374 2686//4374 2688//4374
f 2682//4375 2683//4375 2689//4375
f 2689//4376 2683//4376 2687//4376
f 2689//4377 2687//4377 2690//4377
f 2690//4378 2687//4378 2688//4378
f 2690//4379 2688//4379 2691//4379
f 2675//4380 2682//4380 2692//4380
f 2692//4381 2682//4381 2689//4381
f 2692//4382 2689//4382 2693//4382
f 2693//4383 2689//4383 2690//4383
f 2693//4384 2690//4384 2694//4384
f 2694//4385 2690//4385 2691//4385
f 2694//4386 2691//4386 2695//4386
f 2686//4387 2685//4387 2696//4387
f 2688//4388 2686//4388 2697//4388
f 2697//4389 2686//4389 2696//4389
f 2697//4390 2696//4390 2698//4390
f 2691//4391 2688//4391 2699//4391
f 2699//4392 2688//4392 2697//4392
f 2699//4393 2697//4393 2700//4393
f 2700//4394 2697//4394 2698//4394
f 2700//4395 2698//4395 2701//4395
f 2695//4396 2691//4396 2702//4396
f 2702//4397 2691//4397 2699//4397
f 2702//4398 2699//4398 2703//4398
f 2703//4399 2699//4399 2700//4399
f 2703//4400 2700//4400 2704//4400
f 2704//4401 2700//4401 2701//4401
f 2704//4402 2701//4402 2705//4402
f 2704//4403 2705//4403 2706//4403
f 2703//4404 2704//4404 2707//4404
f 2707//4405 2704//4405 2706//4405
f 2707//4406 2706//4406 2708//4406
f 2702//4407 2703//4407 2709//4407
f 2709//4408 2703//4408 2707//4408
f 2709//4409 2707//4409 2710//4409
f 2710//4410 2707//4410 2708//4410
f 2710//4411 2708//4411 2711//4411
f 2695//4412 2702//4412 2712//4412
f 2712//4413 2702//4413 2709//4413
f 2712//4414 2709//4414 2713//4414
f 2713//4415 2709//4415 2710//4415
f 2713//4416 2710//4416 2714//4416
f 2714//4417 2710//4417 2711//4417
f 2714//4418 2711//4418 2715//4418
f 2706//4419 2705//4419 2716//4419
f 2708//4420 2706//4420 2717//4420
f 2717//4421 2706//4421 2716//4421
f 2717//4422 2716//4422 2718//4422
f 2711//4423 2708//4423 2719//4423
f 2719//4424 2708//4424 2717//4424
f 2719//4425 2717//4425 2720//4425
f 2720//4426 2717//4426 2718//4426
f 2720//4427 2718//4427 2721//4427
f 2715//4428 2711//4428 2722//4428
f 2722//4429 2711//4429 2719//4429
f 2722//4430 2719//4430 2723//4430
f 2723//4431 2719//4431 2720//4431
f 2723//4432 2720//4432 2724//4432
f 2724//4433 2720//4433 2721//4433
f 2724//4434 2721//4434 2725//4434
f 2724//4435 2725//4435 2726//4435
f 2723//4436 2724//4436 2727//4436
f 2727//4437 2724//4437 2726//4437
f 2727//4438 2726//4438 2728//4438
f 2722//4439 2723//4439 2729//4439
f 2729//4440 2723//4440 2727//4440
f 2729//4441 2727//4441 2730//4441
f 2730//4442 2727//4442 2728//4442
f 2730//4443 2728//4443 2731//4443
f 2715//4444 2722//4444 2732//4444
f 2732//4445 2722//4445 2729//4445
f 2732//4446 2729//4446 2733//4446
f 2733//4447 2729//4447 2730//4447
f 2733//4448 2730//4448 2734//4448
f 2734//4449 2730//4449 2731//4449
f 2734//4450 2731//4450 2735//4450
f 2726//4451 2725//4451 2736//4451
f 2728//4452 2726//4452 2737//4452
f 2737//4453 2726//4453 2736//4453
f 2737//4454 2736//4454 2738//4454
f 2731//4455 2728//4455 2739//4455
f 2739//4456 2728//4456 2737//4456
f 2739//4457 2737//4457 2740//4457
f 2740//4458 2737//4458 2738//4458
f 2740//4459 2738//4459 2741//4459
f 2735//4460 2731//4460 2742//4460
f 2742//4461 2731//4461 2739//4461
f 2742//4462 2739//4462 2743//4462
f 2743//4463 2739//4463 2740//4463
f 2743//4464 2740//4464 2744//4464
f 2744//4465 2740//4465 2741//4465
f 2744//4466 2741//4466 2745//4466
f 2744//4467 2745//4467 2746//4467
f 2743//4468 2744//4468 2747//4468
f 2747//4469 2744//4469 2746//4469
f 2747//4470 2746//4470 2748//4470
f 2742//4471 2743//4471 2749//4471
f 2749//4472 2743//4472 2747//4472
f 2749//4473 2747//4473 2750//4473
f 2750//4474 2747//4474 2748//4474
f 2750//4475 2748//4475 2751//4475
f 2735//4476 2742//4476 2752//4476
f 2752//4477 2742//4477 2749//4477
f 2752//4478 2749//4478 2753//4478
f 2753//4479 2749//4479 2750//4479
f 2753//4480 2750//4480 2754//4480
f 2754//4481 2750//4481 2751//4481
f 2754//4482 2751//4482 2755//4482
f 2746//4483 2745//4483 2756//4483
f 2748//4484 2746//4484 2757//4484
f 2757//4485 2746//4485 2756//4485
f 2757//4486 2756//4486 2758//4486
f 2751//4487 2748//4487 2759//4487
f 2759//4488 2748//4488 2757//4488
f 2759//4489 2757//4489 2760//4489
f 2760//4490 2757//4490 2758//4490
f 2760//4491 2758//4491 2761//4491
f 2755//4492 2751//4492 2762//4492
f 2762//4493 2751//4493 2759//4493
f 2762//4494 2759//4494 2763//4494
f 2763//4495 2759//4495 2760//4495
f 2763//4496 2760//4496 2764//4496
f 2764//4497 2760//4497 2761//4497
f 2764//4498 2761//4498 2765//4498
f 2764//4499 2765//4499 2766//4499
f 2763//4500 2764//4500 2767//4500
f 2767//4501 2764//4501 2766//4501
f 2767//4502 2766//4502 2768//4502
f 2762//4503 2763//4503 2769//4503
f 2769//4504 2763//4504 2767//4504
f 2769//4505 2767//4505 2770//4505
f 2770//4506 2767//4506 2768//4506
f 2770//4507 2768//4507 2771//4507
f 2755//4508 2762//4508 2772//4508
f 2772//4509 2762//4509 2769//4509
f 2772//4510 2769//4510 2773//4510
f 2773//4511 2769//4511 2770//4511
f 2773//4512 2770//4512 2774//4512
f 2774//4513 2770//4513 2771//4513
f 2774//4514 2771//4514 2775//4514
f 2766//4515 2765//4515 2776//4515
f 2768//4516 2766//4516 2777//4516
f 2777//4517 2766//4517 2776//4517
f 2777//4518 2776//4518 2778//4518
f 2771//4519 2768//4519 2779//4519
f 2779//4520 2768//4520 2777//4520
f 2779//4521 2777//4521 2780//4521
f 2780//4522 2777//4522 2778//4522
f 2780//4523 2778//4523 2781//4523
f 2775//4524 2771//4524 2782//4524
f 2782//4525 2771//4525 2779//4525
f 2782//4526 2779//4526 2783//4526
f 2783//4527 2779//4527 2780//4527
f 2783//4528 2780//4528 2784//4528
f 2784//4529 2780//4529 2781//4529
f 2784//4530 2781//4530 2785//4530
f 2776//4531 2765//4531 2786//4531
f 2778//4532 2776//4532 2787//4532
f 2787//4533 2776//4533 2786//4533
f 2787//4534 2786//4534 2788//4534
f 2781//4535 2778//4535 2789//4535
f 2789//4536 2778//4536 2787//4536
f 2789//4537 2787//4537 2790//4537
f 2790//4538 2787//4538 2788//4538
f 2790//4539 2788//4539 2791//4539
f 2785//4540 2781//4540 2792//4540
f 2792//4541 2781//4541 2789//4541
f 2792//4542 2789//4542 2793//4542
f 2793//4543 2789//4543 2790//4543
f 2793//4544 2790//4544 2794//4544
f 2794//4545 2790//4545 2791//4545
f 2794//4546 2791//4546 2795//4546
f 2794//4547 2795//4547 2796//4547
f 2793//4548 2794//4548 2797//4548
f 2797//4549 2794//4549 2796//4549
f 2797//4550 2796//4550 2798//4550
f 2792//4551 2793//4551 2799//4551
f 2799//4552 2793//4552 2797//4552
f 2799//4553 2797//4553 2800//4553
f 2800//4554 2797//4554 2798//4554
f 2800//4555 2798//4555 2801//4555
f 2785//4556 2792//4556 2802//4556
f 2802//4557 2792//4557 2799//4557
f 2802//4558 2799//4558 2803//4558
f 2803//4559 2799//4559 2800//4559
f 2803//4560 2800//4560 2804//4560
f 2804//4561 2800//4561 2801//4561
f 2804//4562 2801//4562 2805//4562
f 2796//4563 2795//4563 2806//4563
f 2798//4564 2796//4564 2807//4564
f 2807//4565 2796//4565 2806//4565
f 2807//4566 2806//4566 2808//4566
f 2801//4567 2798//4567 2809//4567
f 2809//4568 2798//4568 2807//4568
f 2809//4569 2807//4569 2810//4569
f 2810//4570 2807//4570 2808//4570
f 2810//4571 2808//4571 2811//4571
f 2805//4572 2801//4572 2812//4572
f 2812//4573 2801//4573 2809//4573
f 2812//4574 2809//4574 2813//4574
f 2813//4575 2809//4575 2810//4575
f 2813//4576 2810//4576 2814//4576
f 2814//4577 2810//4577 2811//4577
f 2814//4578 2811//4578 2465//4578
f 2814//4579 2465//4579 2461//4579
f 2813//4580 2814//4580 2815//4580
f 2815//4581 2814//4581 2461//4581
f 2815//4582 2461//4582 2458//4582
f 2812//4583 2813//4583 2816//4583
f 2816//4584 2813//4584 2815//4584
f 2816//4585 2815//4585 2817//4585
f 2817//4586 2815//4586 2458//4586
f 2817//4587 2458//4587 2456//4587
f 2805//4588 2812//4588 2818//4588
f 2818//4589 2812//4589 2816//4589
f 2818//4590 2816//4590 2819//4590
f 2819//4591 2816//4591 2817//4591
f 2819//4592 2817//4592 2820//4592
f 2820//4593 2817//4593 2456//4593
f 2820//4594 2456//4594 2442//4594
f 2821//4595 2822//4595 2823//4595
f 2824//4596 2821//4596 2825//4596
f 2825//4597 2821//4597 2823//4597
f 2825//4598 2823//4598 2826//4598
f 2827//4599 2824//4599 2828//4599
f 2828//4600 2824//4600 2825//4600
f 2828//4601 2825//4601 2829//4601
f 2829//4602 2825//4602 2826//4602
f 2829//4603 2826//4603 2830//4603
f 2595//4604 2827//4604 2594//4604
f 2594//4605 2827//4605 2828//4605
f 2594//4606 2828//4606 2593//4606
f 2593//4607 2828//4607 2829//4607
f 2593//4608 2829//4608 2592//4608
f 2592//4609 2829//4609 2830//4609
f 2592//4610 2830//4610 2575//4610
f 2476//4611 2465//4611 2811//4611
f 2478//4612 2476//4612 2831//4612
f 2831//4613 2476//4613 2811//4613
f 2831//4614 2811//4614 2808//4614
f 2481//4615 2478//4615 2832//4615
f 2832//4616 2478//4616 2831//4616
f 2832//4617 2831//4617 2833//4617
f 2833//4618 2831//4618 2808//4618
f 2833//4619 2808//4619 2806//4619
f 2485//4620 2481//4620 2834//4620
f 2834//4621 2481//4621 2832//4621
f 2834//4622 2832//4622 2835//4622
f 2835//4623 2832//4623 2833//4623
f 2835//4624 2833//4624 2836//4624
f 2836//4625 2833//4625 2806//4625
f 2836//4626 2806//4626 2795//4626
f 2786//4627 2765//4627 2837//4627
f 2788//4628 2786//4628 2838//4628
f 2838//4629 2786//4629 2837//4629
f 2838//4630 2837//4630 2839//4630
f 2791//4631 2788//4631 2840//4631
f 2840//4632 2788//4632 2838//4632
f 2840//4633 2838//4633 2841//4633
f 2841//4634 2838//4634 2839//4634
f 2841//4635 2839//4635 2842//4635
f 2795//4636 2791//4636 2843//4636
f 2843//4637 2791//4637 2840//4637
f 2843//4638 2840//4638 2844//4638
f 2844//4639 2840//4639 2841//4639
f 2844//4640 2841//4640 2845//4640
f 2845//4641 2841//4641 2842//4641
f 2845//4642 2842//4642 2846//4642
f 2837//4643 2765//4643 2761//4643
f 2839//4644 2837//4644 2847//4644
f 2847//4645 2837//4645 2761//4645
f 2847//4646 2761//4646 2758//4646
f 2842//4647 2839//4647 2848//4647
f 2848//4648 2839//4648 2847//4648
f 2848//4649 2847//4649 2849//4649
f 2849//4650 2847//4650 2758//4650
f 2849//4651 2758//4651 2756//4651
f 2846//4652 2842//4652 2850//4652
f 2850//4653 2842//4653 2848//4653
f 2850//4654 2848//4654 2851//4654
f 2851//4655 2848//4655 2849//4655
f 2851//4656 2849//4656 2852//4656
f 2852//4657 2849//4657 2756//4657
f 2852//4658 2756//4658 2745//4658
f 2852//4659 2745//4659 2853//4659
f 2851//4660 2852//4660 2854//4660
f 2854//4661 2852//4661 2853//4661
f 2854//4662 2853//4662 2855//4662
f 2850//4663 2851//4663 2856//4663
f 2856//4664 2851//4664 2854//4664
f 2856//4665 2854//4665 2857//4665
f 2857//4666 2854//4666 2855//4666
f 2857//4667 2855//4667 2858//4667
f 2846//4668 2850//4668 2859//4668
f 2859//4669 2850//4669 2856//4669
f 2859//4670 2856//4670 2860//4670
f 2860//4671 2856//4671 2857//4671
f 2860//4672 2857//4672 2861//4672
f 2861//4673 2857//4673 2858//4673
f 2861//4674 2858//4674 2862//4674
f 2853//4675 2745//4675 2741//4675
f 2855//4676 2853//4676 2863//4676
f 2863//4677 2853//4677 2741//4677
f 2863//4678 2741//4678 2738//4678
f 2858//4679 2855//4679 2864//4679
f 2864//4680 2855//4680 2863//4680
f 2864//4681 2863//4681 2865//4681
f 2865//4682 2863//4682 2738//4682
f 2865//4683 2738//4683 2736//4683
f 2862//4684 2858//4684 2866//4684
f 2866//4685 2858//4685 2864//4685
f 2866//4686 2864//4686 2867//4686
f 2867//4687 2864//4687 2865//4687
f 2867//4688 2865//4688 2868//4688
f 2868//4689 2865//4689 2736//4689
f 2868//4690 2736//4690 2725//4690
f 2868//4691 2725//4691 2869//4691
f 2867//4692 2868//4692 2870//4692
f 2870//4693 2868//4693 2869//4693
f 2870//4694 2869//4694 2871//4694
f 2866//4695 2867//4695 2872//4695
f 2872//4696 2867//4696 2870//4696
f 2872//4697 2870//4697 2873//4697
f 2873//4698 2870//4698 2871//4698
f 2873//4699 2871//4699 2874//4699
f 2862//4700 2866//4700 2875//4700
f 2875//4701 2866//4701 2872//4701
f 2875//4702 2872//4702 2876//4702
f 2876//4703 2872//4703 2873//4703
f 2876//4704 2873//4704 2877//4704
f 2877//4705 2873//4705 2874//4705
f 2877//4706 2874//4706 2878//4706
f 2869//4707 2725//4707 2721//4707
f 2871//4708 2869//4708 2879//4708
f 2879//4709 2869//4709 2721//4709
f 2879//4710 2721//4710 2718//4710
f 2874//4711 2871//4711 2880//4711
f 2880//4712 2871//4712 2879//4712
f 2880//4713 2879//4713 2881//4713
f 2881//4714 2879//4714 2718//4714
f 2881//4715 2718//4715 2716//4715
f 2878//4716 2874//4716 2882//4716
f 2882//4717 2874//4717 2880//4717
f 2882//4718 2880//4718 2883//4718
f 2883//4719 2880//4719 2881//4719
f 2883//4720 2881//4720 2884//4720
f 2884//4721 2881//4721 2716//4721
f 2884//4722 2716//4722 2705//4722
f 2884//4723 2705//4723 2885//4723
f 2883//4724 2884//4724 2886//4724
f 2886//4725 2884//4725 2885//4725
f 2886//4726 2885//4726 2887//4726
f 2882//4727 2883//4727 2888//4727
f 2888//4728 2883//4728 2886//4728
f 2888//4729 2886//4729 2889//4729
f 2889//4730 2886//4730 2887//4730
f 2889//4731 2887//4731 2890//4731
f 2878//4732 2882//4732 2891//4732
f 2891//4733 2882//4733 2888//4733
f 2891//4734 2888//4734 2892//4734
f 2892//4735 2888//4735 2889//4735
f 2892//4736 2889//4736 2893//4736
f 2893//4737 2889//4737 2890//4737
f 2893//4738 2890//4738 2894//4738
f 2885//4739 2705//4739 2701//4739
f 2887//4740 2885//4740 2895//4740
f 2895//4741 2885//4741 2701//4741
f 2895//4742 2701//4742 2698//4742
f 2890//4743 2887//4743 2896//4743
f 2896//4744 2887//4744 2895//4744
f 2896//4745 2895//4745 2897//4745
f 2897//4746 2895//4746 2698//4746
f 2897//4747 2698//4747 2696//4747
f 2894//4748 2890//4748 2898//4748
f 2898//4749 2890//4749 2896//4749
f 2898//4750 2896//4750 2899//4750
f 2899//4751 2896//4751 2897//4751
f 2899//4752 2897//4752 2900//4752
f 2900//4753 2897//4753 2696//4753
f 2900//4754 2696//4754 2685//4754
f 2900//4755 2685//4755 2901//4755
f 2899//4756 2900//4756 2902//4756
f 2902//4757 2900//4757 2901//4757
f 2902//4758 2901//4758 2903//4758
f 2898//4759 2899//4759 2904//4759
f 2904//4760 2899//4760 2902//4760
f 2904//4761 2902//4761 2905//4761
f 2905//4762 2902//4762 2903//4762
f 2905//4763 2903//4763 2906//4763
f 2894//4764 2898//4764 2907//4764
f 2907//4765 2898//4765 2904//4765
f 2907//4766 2904//4766 2908//4766
f 2908//4767 2904//4767 2905//4767
f 2908//4768 2905//4768 2909//4768
f 2909//4769 2905//4769 2906//4769
f 2909//4770 2906//4770 2910//4770
f 2901//4771 2685//4771 2681//4771
f 2903//4772 2901//4772 2911//4772
f 2911//4773 2901//4773 2681//4773
f 2911//4774 2681//4774 2678//4774
f 2906//4775 2903//4775 2912//4775
f 2912//4776 2903//4776 2911//4776
f 2912//4777 2911//4777 2913//4777
f 2913//4778 2911//4778 2678//4778
f 2913//4779 2678//4779 2676//4779
f 2910//4780 2906//4780 2914//4780
f 2914//4781 2906//4781 2912//4781
f 2914//4782 2912//4782 2915//4782
f 2915//4783 2912//4783 2913//4783
f 2915//4784 2913//4784 2916//4784
f 2916//4785 2913//4785 2676//4785
f 2916//4786 2676//4786 2665//4786
f 2916//4787 2665//4787 2917//4787
f 2915//4788 2916//4788 2918//4788
f 2918//4789 2916//4789 2917//4789
f 2918//4790 2917//4790 2919//4790
f 2914//4791 2915//4791 2920//4791
f 2920//4792 2915//4792 2918//4792
f 2920//4793 2918//4793 2921//4793
f 2921//4794 2918//4794 2919//4794
f 2921//4795 2919//4795 2922//4795
f 2910//4796 2914//4796 2923//4796
f 2923//4797 2914//4797 2920//4797
f 2923//4798 2920//4798 2924//4798
f 2924//4799 2920//4799 2921//4799
f 2924//4800 2921//4800 2925//4800
f 2925//4801 2921//4801 2922//4801
f 2925//4802 2922//4802 2615//4802
f 2917//4803 2665//4803 2661//4803
f 2919//4804 2917//4804 2926//4804
f 2926//4805 2917//4805 2661//4805
f 2926//4806 2661//4806 2658//4806
f 2922//4807 2919//4807 2927//4807
f 2927//4808 2919//4808 2926//4808
f 2927//4809 2926//4809 2928//4809
f 2928//4810 2926//4810 2658//4810
f 2928//4811 2658//4811 2656//4811
f 2615//4812 2922//4812 2626//4812
f 2626//4813 2922//4813 2927//4813
f 2626//4814 2927//4814 2628//4814
f 2628//4815 2927//4815 2928//4815
f 2628//4816 2928//4816 2631//4816
f 2631//4817 2928//4817 2656//4817
f 2631//4818 2656//4818 2635//4818
f 2496//4819 2485//4819 2929//4819
f 2498//4820 2496//4820 2930//4820
f 2930//4821 2496//4821 2929//4821
f 2930//4822 2929//4822 2931//4822
f 2501//4823 2498//4823 2932//4823
f 2932//4824 2498//4824 2930//4824
f 2932//4825 2930//4825 2933//4825
f 2933//4826 2930//4826 2931//4826
f 2933//4827 2931//4827 2934//4827
f 2505//4828 2501//4828 2935//4828
f 2935//4829 2501//4829 2932//4829
f 2935//4830 2932//4830 2936//4830
f 2936//4831 2932//4831 2933//4831
f 2936//4832 2933//4832 2937//4832
f 2937//4833 2933//4833 2934//4833
f 2937//4834 2934//4834 2846//4834
f 2929//4835 2485//4835 2834//4835
f 2931//4836 2929//4836 2938//4836
f 2938//4837 2929//4837 2834//4837
f 2938//4838 2834//4838 2835//4838
f 2934//4839 2931//4839 2939//4839
f 2939//4840 2931//4840 2938//4840
f 2939//4841 2938//4841 2940//4841
f 2940//4842 2938//4842 2835//4842
f 2940//4843 2835//4843 2836//4843
f 2846//4844 2934//4844 2845//4844
f 2845//4845 2934//4845 2939//4845
f 2845//4846 2939//4846 2844//4846
f 2844//4847 2939//4847 2940//4847
f 2844//4848 2940//4848 2843//4848
f 2843//4849 2940//4849 2836//4849
f 2843//4850 2836//4850 2795//4850
f 2937//4851 2846//4851 2859//4851
f 2936//4852 2937//4852 2941//4852
f 2941//4853 2937//4853 2859//4853
f 2941//4854 2859//4854 2860//4854
f 2935//4855 2936//4855 2942//4855
f 2942//4856 2936//4856 2941//4856
f 2942//4857 2941//4857 2943//4857
f 2943//4858 2941//4858 2860//4858
f 2943//4859 2860//4859 2861//4859
f 2505//4860 2935//4860 2944//4860
f 2944//4861 2935//4861 2942//4861
f 2944//4862 2942//4862 2945//4862
f 2945//4863 2942//4863 2943//4863
f 2945//4864 2943//4864 2946//4864
f 2946//4865 2943//4865 2861//4865
f 2946//4866 2861//4866 2862//4866
f 2516//4867 2505//4867 2944//4867
f 2518//4868 2516//4868 2947//4868
f 2947//4869 2516//4869 2944//4869
f 2947//4870 2944//4870 2945//4870
f 2521//4871 2518//4871 2948//4871
f 2948//4872 2518//4872 2947//4872
f 2948//4873 2947//4873 2949//4873
f 2949//4874 2947//4874 2945//4874
f 2949//4875 2945//4875 2946//4875
f 2525//4876 2521//4876 2950//4876
f 2950//4877 2521//4877 2948//4877
f 2950//4878 2948//4878 2951//4878
f 2951//4879 2948//4879 2949//4879
f 2951//4880 2949//4880 2952//4880
f 2952//4881 2949//4881 2946//4881
f 2952//4882 2946//4882 2862//4882
f 2952//4883 2862//4883 2875//4883
f 2951//4884 2952//4884 2953//4884
f 2953//4885 2952//4885 2875//4885
f 2953//4886 2875//4886 2876//4886
f 2950//4887 2951//4887 2954//4887
f 2954//4888 2951//4888 2953//4888
f 2954//4889 2953//4889 2955//4889
f 2955//4890 2953//4890 2876//4890
f 2955//4891 2876//4891 2877//4891
f 2525//4892 2950//4892 2956//4892
f 2956//4893 2950//4893 2954//4893
f 2956//4894 2954//4894 2957//4894
f 2957//4895 2954//4895 2955//4895
f 2957//4896 2955//4896 2958//4896
f 2958//4897 2955//4897 2877//4897
f 2958//4898 2877//4898 2878//4898
f 2536//4899 2525//4899 2956//4899
f 2538//4900 2536//4900 2959//4900
f 2959//4901 2536//4901 2956//4901
f 2959//4902 2956//4902 2957//4902
f 2541//4903 2538//4903 2960//4903
f 2960//4904 2538//4904 2959//4904
f 2960//4905 2959//4905 2961//4905
f 2961//4906 2959//4906 2957//4906
f 2961//4907 2957//4907 2958//4907
f 2545//4908 2541//4908 2962//4908
f 2962//4909 2541//4909 2960//4909
f 2962//4910 2960//4910 2963//4910
f 2963//4911 2960//4911 2961//4911
f 2963//4912 2961//4912 2964//4912
f 2964//4913 2961//4913 2958//4913
f 2964//4914 2958//4914 2878//4914
f 2964//4915 2878//4915 2891//4915
f 2963//4916 2964//4916 2965//4916
f 2965//4917 2964//4917 2891//4917
f 2965//4918 2891//4918 2892//4918
f 2962//4919 2963//4919 2966//4919
f 2966//4920 2963//4920 2965//4920
f 2966//4921 2965//4921 2967//4921
f 2967//4922 2965//4922 2892//4922
f 2967//4923 2892//4923 2893//4923
f 2545//4924 2962//4924 2968//4924
f 2968//4925 2962//4925 2966//4925
f 2968//4926 2966//4926 2969//4926
f 2969//4927 2966//4927 2967//4927
f 2969//4928 2967//4928 2970//4928
f 2970//4929 2967//4929 2893//4929
f 2970//4930 2893//4930 2894//4930
f 2556//4931 2545//4931 2968//4931
f 2558//4932 2556//4932 2971//4932
f 2971//4933 2556//4933 2968//4933
f 2971//4934 2968//4934 2969//4934
f 2561//4935 2558//4935 2972//4935
f 2972//4936 2558//4936 2971//4936
f 2972//4937 2971//4937 2973//4937
f 2973//4938 2971//4938 2969//4938
f 2973//4939 2969//4939 2970//4939
f 2565//4940 2561//4940 2974//4940
f 2974//4941 2561//4941 2972//4941
f 2974//4942 2972//4942 2975//4942
f 2975//4943 2972//4943 2973//4943
f 2975//4944 2973//4944 2976//4944
f 2976//4945 2973//4945 2970//4945
f 2976//4946 2970//4946 2894//4946
f 2976//4947 2894//4947 2907//4947
f 2975//4948 2976//4948 2977//4948
f 2977//4949 2976//4949 2907//4949
f 2977//4950 2907//4950 2908//4950
f 2974//4951 2975//4951 2978//4951
f 2978//4952 2975//4952 2977//4952
f 2978//4953 2977//4953 2979//4953
f 2979//4954 2977//4954 2908//4954
f 2979//4955 2908//4955 2909//4955
f 2565//4956 2974//4956 2980//4956
f 2980//4957 2974//4957 2978//4957
f 2980//4958 2978//4958 2981//4958
f 2981//4959 2978//4959 2979//4959
f 2981//4960 2979//4960 2982//4960
f 2982//4961 2979//4961 2909//4961
f 2982//4962 2909//4962 2910//4962
f 2576//4963 2565//4963 2980//4963
f 2578//4964 2576//4964 2983//4964
f 2983//4965 2576//4965 2980//4965
f 2983//4966 2980//4966 2981//4966
f 2581//4967 2578//4967 2984//4967
f 2984//4968 2578//4968 2983//4968
f 2984//4969 2983//4969 2985//4969
f 2985//4970 2983//4970 2981//4970
f 2985//4971 2981//4971 2982//4971
f 2585//4972 2581//4972 2986//4972
f 2986//4973 2581//4973 2984//4973
f 2986//4974 2984//4974 2987//4974
f 2987//4975 2984//4975 2985//4975
f 2987//4976 2985//4976 2988//4976
f 2988//4977 2985//4977 2982//4977
f 2988//4978 2982//4978 2910//4978
f 2988//4979 2910//4979 2923//4979
f 2987//4980 2988//4980 2989//4980
f 2989//4981 2988//4981 2923//4981
f 2989//4982 2923//4982 2924//4982
f 2986//4983 2987//4983 2990//4983
f 2990//4984 2987//4984 2989//4984
f 2990//4985 2989//4985 2991//4985
f 2991//4986 2989//4986 2924//4986
f 2991//4987 2924//4987 2925//4987
f 2585//4988 2986//4988 2606//4988
f 2606//4989 2986//4989 2990//4989
f 2606//4990 2990//4990 2608//4990
f 2608//4991 2990//4991 2991//4991
f 2608//4992 2991//4992 2611//4992
f 2611//4993 2991//4993 2925//4993
f 2611//4994 2925//4994 2615//4994
f 2992//4995 2993//4995 2994//4995
f 2993//4996 2995//4996 2994//4996
f 2994//4997 2995//4997 2996//4997
f 2995//4998 2997//4998 2996//4998
f 2996//4999 2997//4999 2998//4999
f 2997//5000 2645//5000 2998//5000
f 2998//5001 2645//5001 2999//5001
f 2645//5002 2997//5002 2644//5002
f 2997//5003 2995//5003 2644//5003
f 2644//5004 2995//5004 2643//5004
f 2995//5005 2993//5005 2643//5005
f 2643//5006 2993//5006 2642//5006
f 2993//5007 2992//5007 2642//5007
f 2642//5008 2992//5008 2625//5008
f 2605//5009 2622//5009 3000//5009
f 2622//5010 2623//5010 3000//5010
f 3000//5011 2623//5011 3001//5011
f 2623//5012 2624//5012 3001//5012
f 3001//5013 2624//5013 3002//5013
f 2624//5014 2625//5014 3002//5014
f 3002//5015 2625//5015 2992//5015
f 2992//5016 3003//5016 3002//5016
f 3003//5017 3004//5017 3002//5017
f 3002//5018 3004//5018 3001//5018
f 3004//5019 3005//5019 3001//5019
f 3001//5020 3005//5020 3000//5020
f 3005//5021 3006//5021 3000//5021
f 3000//3678 3006//3678 2605//3678
f 2595//5022 2602//5022 3007//5022
f 2602//5023 2603//5023 3007//5023
f 3007//5024 2603//5024 3008//5024
f 2603//5025 2604//5025 3008//5025
f 3008//5026 2604//5026 3009//5026
f 2604//5027 2605//5027 3009//5027
f 3009//5028 2605//5028 3006//5028
f 3006//5029 3010//5029 3009//5029
f 3010//5030 3011//5030 3009//5030
f 3009//5031 3011//5031 3008//5031
f 3011//5032 3012//5032 3008//5032
f 3008//5033 3012//5033 3007//5033
f 3012//5034 3013//5034 3007//5034
f 3007//5035 3013//5035 2595//5035
f 3014//5036 3015//5036 3016//5036
f 3015//5037 3017//5037 3016//5037
f 3016//5038 3017//5038 3018//5038
f 3017//5039 3019//5039 3018//5039
f 3018//5040 3019//5040 3020//5040
f 3019//5041 2595//5041 3020//5041
f 3020//5042 2595//5042 3013//5042
f 2595//5043 3019//5043 2827//5043
f 3019//5044 3017//5044 2827//5044
f 2827//5045 3017//5045 2824//5045
f 3017//5046 3015//5046 2824//5046
f 2824//5047 3015//5047 2821//5047
f 3015//5048 3014//5048 2821//5048
f 2821//5049 3014//5049 2822//5049
f 3021//5050 3022//5050 3023//5050
f 3024//5051 3021//5051 3025//5051
f 3025//5052 3021//5052 3023//5052
f 3025//5053 3023//5053 3026//5053
f 3027//5054 3024//5054 3028//5054
f 3028//5055 3024//5055 3025//5055
f 3028//5056 3025//5056 3029//5056
f 3029//5057 3025//5057 3026//5057
f 3029//5058 3026//5058 3030//5058
f 3031//5059 3027//5059 3032//5059
f 3032//5060 3027//5060 3028//5060
f 3032//5061 3028//5061 3033//5061
f 3033//5062 3028//5062 3029//5062
f 3033//5063 3029//5063 3034//5063
f 3034//5064 3029//5064 3030//5064
f 3034//5065 3030//5065 3035//5065
f 3023//5066 3022//5066 3036//5066
f 3026//5067 3023//5067 3037//5067
f 3037//5068 3023//5068 3036//5068
f 3037//5069 3036//5069 3038//5069
f 3030//5070 3026//5070 3039//5070
f 3039//5071 3026//5071 3037//5071
f 3039//5072 3037//5072 3040//5072
f 3040//5073 3037//5073 3038//5073
f 3040//5074 3038//5074 3041//5074
f 3035//5075 3030//5075 3042//5075
f 3042//5076 3030//5076 3039//5076
f 3042//5077 3039//5077 3043//5077
f 3043//5078 3039//5078 3040//5078
f 3043//5079 3040//5079 3044//5079
f 3044//5080 3040//5080 3041//5080
f 3044//5081 3041//5081 3045//5081
f 3044//5082 3045//5082 3046//5082
f 3043//5083 3044//5083 3047//5083
f 3047//5084 3044//5084 3046//5084
f 3047//5085 3046//5085 3048//5085
f 3042//5086 3043//5086 3049//5086
f 3049//5087 3043//5087 3047//5087
f 3049//5088 3047//5088 3050//5088
f 3050//5089 3047//5089 3048//5089
f 3050//5090 3048//5090 3051//5090
f 3035//5091 3042//5091 3052//5091
f 3052//5092 3042//5092 3049//5092
f 3052//5093 3049//5093 3053//5093
f 3053//5094 3049//5094 3050//5094
f 3053//5095 3050//5095 3054//5095
f 3054//5096 3050//5096 3051//5096
f 3054//5097 3051//5097 3055//5097
f 3046//5098 3045//5098 3056//5098
f 3048//5099 3046//5099 3057//5099
f 3057//5100 3046//5100 3056//5100
f 3057//5101 3056//5101 3058//5101
f 3051//5102 3048//5102 3059//5102
f 3059//5103 3048//5103 3057//5103
f 3059//5104 3057//5104 3060//5104
f 3060//5105 3057//5105 3058//5105
f 3060//5106 3058//5106 3061//5106
f 3055//5107 3051//5107 3062//5107
f 3062//5108 3051//5108 3059//5108
f 3062//5109 3059//5109 3063//5109
f 3063//5110 3059//5110 3060//5110
f 3063//5111 3060//5111 3064//5111
f 3064//5112 3060//5112 3061//5112
f 3064//5113 3061//5113 3065//5113
f 3064//5114 3065//5114 3066//5114
f 3063//5115 3064//5115 3067//5115
f 3067//5116 3064//5116 3066//5116
f 3067//5117 3066//5117 3068//5117
f 3062//5118 3063//5118 3069//5118
f 3069//5119 3063//5119 3067//5119
f 3069//5120 3067//5120 3070//5120
f 3070//5121 3067//5121 3068//5121
f 3070//5122 3068//5122 3071//5122
f 3055//5123 3062//5123 3072//5123
f 3072//5124 3062//5124 3069//5124
f 3072//5125 3069//5125 3073//5125
f 3073//5126 3069//5126 3070//5126
f 3073//5127 3070//5127 3074//5127
f 3074//5128 3070//5128 3071//5128
f 3074//5129 3071//5129 3075//5129
f 3066//5130 3065//5130 3076//5130
f 3068//5131 3066//5131 3077//5131
f 3077//5132 3066//5132 3076//5132
f 3077//5133 3076//5133 3078//5133
f 3071//5134 3068//5134 3079//5134
f 3079//5135 3068//5135 3077//5135
f 3079//5136 3077//5136 3080//5136
f 3080//5137 3077//5137 3078//5137
f 3080//5138 3078//5138 3081//5138
f 3075//5139 3071//5139 3082//5139
f 3082//5140 3071//5140 3079//5140
f 3082//5141 3079//5141 3083//5141
f 3083//5142 3079//5142 3080//5142
f 3083//5143 3080//5143 3084//5143
f 3084//5144 3080//5144 3081//5144
f 3084//5145 3081//5145 3085//5145
f 3084//5146 3085//5146 3086//5146
f 3083//5147 3084//5147 3087//5147
f 3087//5148 3084//5148 3086//5148
f 3087//5149 3086//5149 3088//5149
f 3082//5150 3083//5150 3089//5150
f 3089//5151 3083//5151 3087//5151
f 3089//5152 3087//5152 3090//5152
f 3090//5153 3087//5153 3088//5153
f 3090//5154 3088//5154 3091//5154
f 3075//5155 3082//5155 3092//5155
f 3092//5156 3082//5156 3089//5156
f 3092//5157 3089//5157 3093//5157
f 3093//5158 3089//5158 3090//5158
f 3093//5159 3090//5159 3094//5159
f 3094//5160 3090//5160 3091//5160
f 3094//5161 3091//5161 3095//5161
f 3086//5162 3085//5162 3096//5162
f 3088//5163 3086//5163 3097//5163
f 3097//5164 3086//5164 3096//5164
f 3097//5165 3096//5165 3098//5165
f 3091//5166 3088//5166 3099//5166
f 3099//5167 3088//5167 3097//5167
f 3099//5168 3097//5168 3100//5168
f 3100//5169 3097//5169 3098//5169
f 3100//5170 3098//5170 3101//5170
f 3095//5171 3091//5171 3102//5171
f 3102//5172 3091//5172 3099//5172
f 3102//5173 3099//5173 3103//5173
f 3103//5174 3099//5174 3100//5174
f 3103//5175 3100//5175 3104//5175
f 3104//5176 3100//5176 3101//5176
f 3104//5177 3101//5177 3105//5177
f 3094//5178 3095//5178 3106//5178
f 3093//5179 3094//5179 3107//5179
f 3107//5180 3094//5180 3106//5180
f 3107//5181 3106//5181 3108//5181
f 3092//5182 3093//5182 3109//5182
f 3109//5183 3093//5183 3107//5183
f 3109//5184 3107//5184 3110//5184
f 3110//5185 3107//5185 3108//5185
f 3110//5186 3108//5186 3111//5186
f 3075//5187 3092//5187 3112//5187
f 3112//5188 3092//5188 3109//5188
f 3112//5189 3109//5189 3113//5189
f 3113//5190 3109//5190 3110//5190
f 3113//5191 3110//5191 3114//5191
f 3114//5192 3110//5192 3111//5192
f 3114//5193 3111//5193 3115//5193
f 3106//5194 3095//5194 3116//5194
f 3108//5195 3106//5195 3117//5195
f 3117//5196 3106//5196 3116//5196
f 3117//5197 3116//5197 3118//5197
f 3111//5198 3108//5198 3119//5198
f 3119//5199 3108//5199 3117//5199
f 3119//5200 3117//5200 3120//5200
f 3120//5201 3117//5201 3118//5201
f 3120//5202 3118//5202 3121//5202
f 3115//5203 3111//5203 3122//5203
f 3122//5204 3111//5204 3119//5204
f 3122//5205 3119//5205 3123//5205
f 3123//5206 3119//5206 3120//5206
f 3123//5207 3120//5207 3124//5207
f 3124//5208 3120//5208 3121//5208
f 3124//5209 3121//5209 3125//5209
f 3124//5210 3125//5210 3126//5210
f 3123//5211 3124//5211 3127//5211
f 3127//5212 3124//5212 3126//5212
f 3127//5213 3126//5213 3128//5213
f 3122//5214 3123//5214 3129//5214
f 3129//5215 3123//5215 3127//5215
f 3129//5216 3127//5216 3130//5216
f 3130//5217 3127//5217 3128//5217
f 3130//5218 3128//5218 3131//5218
f 3115//5219 3122//5219 3132//5219
f 3132//5220 3122//5220 3129//5220
f 3132//5221 3129//5221 3133//5221
f 3133//5222 3129//5222 3130//5222
f 3133//5223 3130//5223 3134//5223
f 3134//5224 3130//5224 3131//5224
f 3134//5225 3131//5225 3135//5225
f 3126//5226 3125//5226 3136//5226
f 3128//5227 3126//5227 3137//5227
f 3137//5228 3126//5228 3136//5228
f 3137//5229 3136//5229 3138//5229
f 3131//5230 3128//5230 3139//5230
f 3139//5231 3128//5231 3137//5231
f 3139//5232 3137//5232 3140//5232
f 3140//5233 3137//5233 3138//5233
f 3140//5234 3138//5234 3141//5234
f 3135//5235 3131//5235 3142//5235
f 3142//5236 3131//5236 3139//5236
f 3142//5237 3139//5237 3143//5237
f 3143//5238 3139//5238 3140//5238
f 3143//5239 3140//5239 3144//5239
f 3144//5240 3140//5240 3141//5240
f 3144//5241 3141//5241 3145//5241
f 3144//5242 3145//5242 3146//5242
f 3143//5243 3144//5243 3147//5243
f 3147//5244 3144//5244 3146//5244
f 3147//5245 3146//5245 3148//5245
f 3142//5246 3143//5246 3149//5246
f 3149//5247 3143//5247 3147//5247
f 3149//5248 3147//5248 3150//5248
f 3150//5249 3147//5249 3148//5249
f 3150//5250 3148//5250 3151//5250
f 3135//5251 3142//5251 3152//5251
f 3152//5252 3142//5252 3149//5252
f 3152//5253 3149//5253 3153//5253
f 3153//5254 3149//5254 3150//5254
f 3153//5255 3150//5255 3154//5255
f 3154//5256 3150//5256 3151//5256
f 3154//5257 3151//5257 3155//5257
f 3146//5258 3145//5258 3156//5258
f 3148//5259 3146//5259 3157//5259
f 3157//5260 3146//5260 3156//5260
f 3157//5261 3156//5261 3158//5261
f 3151//5262 3148//5262 3159//5262
f 3159//5263 3148//5263 3157//5263
f 3159//5264 3157//5264 3160//5264
f 3160//5265 3157//5265 3158//5265
f 3160//5266 3158//5266 3161//5266
f 3155//5267 3151//5267 3162//5267
f 3162//5268 3151//5268 3159//5268
f 3162//5269 3159//5269 3163//5269
f 3163//5270 3159//5270 3160//5270
f 3163//5271 3160//5271 3164//5271
f 3164//5272 3160//5272 3161//5272
f 3164//5273 3161//5273 3165//5273
f 3164//5274 3165//5274 3166//5274
f 3163//5275 3164//5275 3167//5275
f 3167//5276 3164//5276 3166//5276
f 3167//5277 3166//5277 3168//5277
f 3162//5278 3163//5278 3169//5278
f 3169//5279 3163//5279 3167//5279
f 3169//5280 3167//5280 3170//5280
f 3170//5281 3167//5281 3168//5281
f 3170//5282 3168//5282 3171//5282
f 3155//5283 3162//5283 3172//5283
f 3172//5284 3162//5284 3169//5284
f 3172//5285 3169//5285 3173//5285
f 3173//5286 3169//5286 3170//5286
f 3173//5287 3170//5287 3174//5287
f 3174//5288 3170//5288 3171//5288
f 3174//5289 3171//5289 3175//5289
f 3166//5290 3165//5290 3176//5290
f 3168//5291 3166//5291 3177//5291
f 3177//5292 3166//5292 3176//5292
f 3177//5293 3176//5293 3178//5293
f 3171//5294 3168//5294 3179//5294
f 3179//5295 3168//5295 3177//5295
f 3179//5296 3177//5296 3180//5296
f 3180//5297 3177//5297 3178//5297
f 3180//5298 3178//5298 3181//5298
f 3175//5299 3171//5299 3182//5299
f 3182//5300 3171//5300 3179//5300
f 3182//5301 3179//5301 3183//5301
f 3183//5302 3179//5302 3180//5302
f 3183//5303 3180//5303 3184//5303
f 3184//5304 3180//5304 3181//5304
f 3184//5305 3181//5305 3185//5305
f 3184//5306 3185//5306 3186//5306
f 3183//5307 3184//5307 3187//5307
f 3187//5308 3184//5308 3186//5308
f 3187//5309 3186//5309 3188//5309
f 3182//5310 3183//5310 3189//5310
f 3189//5311 3183//5311 3187//5311
f 3189//5312 3187//5312 3190//5312
f 3190//5313 3187//5313 3188//5313
f 3190//5314 3188//5314 3191//5314
f 3175//5315 3182//5315 3192//5315
f 3192//5316 3182//5316 3189//5316
f 3192//5317 3189//5317 3193//5317
f 3193//5318 3189//5318 3190//5318
f 3193//5319 3190//5319 3194//5319
f 3194//5320 3190//5320 3191//5320
f 3194//5321 3191//5321 3195//5321
f 3186//5322 3185//5322 3196//5322
f 3188//5323 3186//5323 3197//5323
f 3197//5324 3186//5324 3196//5324
f 3197//5325 3196//5325 3198//5325
f 3191//5326 3188//5326 3199//5326
f 3199//5327 3188//5327 3197//5327
f 3199//5328 3197//5328 3200//5328
f 3200//5329 3197//5329 3198//5329
f 3200//5330 3198//5330 3201//5330
f 3195//5331 3191//5331 3202//5331
f 3202//5332 3191//5332 3199//5332
f 3202//5333 3199//5333 3203//5333
f 3203//5334 3199//5334 3200//5334
f 3203//5335 3200//5335 3204//5335
f 3204//5336 3200//5336 3201//5336
f 3204//5337 3201//5337 3205//5337
f 3204//5338 3205//5338 3206//5338
f 3203//5339 3204//5339 3207//5339
f 3207//5340 3204//5340 3206//5340
f 3207//5341 3206//5341 3208//5341
f 3202//5342 3203//5342 3209//5342
f 3209//5343 3203//5343 3207//5343
f 3209//5344 3207//5344 3210//5344
f 3210//5345 3207//5345 3208//5345
f 3210//5346 3208//5346 3211//5346
f 3195//5347 3202//5347 3212//5347
f 3212//5348 3202//5348 3209//5348
f 3212//5349 3209//5349 3213//5349
f 3213//5350 3209//5350 3210//5350
f 3213//5351 3210//5351 3214//5351
f 3214//5352 3210//5352 3211//5352
f 3214//5353 3211//5353 3215//5353
f 3206//5354 3205//5354 3216//5354
f 3208//5355 3206//5355 3217//5355
f 3217//5356 3206//5356 3216//5356
f 3217//5357 3216//5357 3218//5357
f 3211//5358 3208//5358 3219//5358
f 3219//5359 3208//5359 3217//5359
f 3219//5360 3217//5360 3220//5360
f 3220//5361 3217//5361 3218//5361
f 3220//5362 3218//5362 3221//5362
f 3215//5363 3211//5363 3222//5363
f 3222//5364 3211//5364 3219//5364
f 3222//5365 3219//5365 3223//5365
f 3223//5366 3219//5366 3220//5366
f 3223//5367 3220//5367 3224//5367
f 3224//5368 3220//5368 3221//5368
f 3224//5369 3221//5369 3225//5369
f 3224//5370 3225//5370 3226//5370
f 3223//5371 3224//5371 3227//5371
f 3227//5372 3224//5372 3226//5372
f 3227//5373 3226//5373 3228//5373
f 3222//5374 3223//5374 3229//5374
f 3229//5375 3223//5375 3227//5375
f 3229//5376 3227//5376 3230//5376
f 3230//5377 3227//5377 3228//5377
f 3230//5378 3228//5378 3231//5378
f 3215//5379 3222//5379 3232//5379
f 3232//5380 3222//5380 3229//5380
f 3232//5381 3229//5381 3233//5381
f 3233//5382 3229//5382 3230//5382
f 3233//5383 3230//5383 3234//5383
f 3234//5384 3230//5384 3231//5384
f 3234//5385 3231//5385 3013//5385
f 3226//5386 3225//5386 3235//5386
f 3228//5387 3226//5387 3236//5387
f 3236//5388 3226//5388 3235//5388
f 3236//5389 3235//5389 3237//5389
f 3231//5390 3228//5390 3238//5390
f 3238//5391 3228//5391 3236//5391
f 3238//5392 3236//5392 3239//5392
f 3239//5393 3236//5393 3237//5393
f 3239//5394 3237//5394 3240//5394
f 3013//5395 3231//5395 3020//5395
f 3020//5396 3231//5396 3238//5396
f 3020//5397 3238//5397 3018//5397
f 3018//5398 3238//5398 3239//5398
f 3018//5399 3239//5399 3016//5399
f 3016//5400 3239//5400 3240//5400
f 3016//5401 3240//5401 3014//5401
f 3010//5402 3006//5402 3241//5402
f 3011//5403 3010//5403 3242//5403
f 3242//5404 3010//5404 3241//5404
f 3242//5405 3241//5405 3243//5405
f 3012//5406 3011//5406 3244//5406
f 3244//5407 3011//5407 3242//5407
f 3244//5408 3242//5408 3245//5408
f 3245//5409 3242//5409 3243//5409
f 3245//5410 3243//5410 3246//5410
f 3013//5411 3012//5411 3234//5411
f 3234//5412 3012//5412 3244//5412
f 3234//5413 3244//5413 3233//5413
f 3233//5414 3244//5414 3245//5414
f 3233//5415 3245//5415 3232//5415
f 3232//5416 3245//5416 3246//5416
f 3232//5417 3246//5417 3215//5417
f 3241//5418 3006//5418 3247//5418
f 3243//5419 3241//5419 3248//5419
f 3248//5420 3241//5420 3247//5420
f 3248//5421 3247//5421 3249//5421
f 3246//5422 3243//5422 3250//5422
f 3250//5423 3243//5423 3248//5423
f 3250//5424 3248//5424 3251//5424
f 3251//5425 3248//5425 3249//5425
f 3251//5426 3249//5426 3252//5426
f 3215//5427 3246//5427 3253//5427
f 3253//5428 3246//5428 3250//5428
f 3253//5429 3250//5429 3254//5429
f 3254//5430 3250//5430 3251//5430
f 3254//5431 3251//5431 3255//5431
f 3255//5432 3251//5432 3252//5432
f 3255//5433 3252//5433 3256//5433
f 3255//5434 3256//5434 3257//5434
f 3254//5435 3255//5435 3258//5435
f 3258//5436 3255//5436 3257//5436
f 3258//5437 3257//5437 3259//5437
f 3253//5438 3254//5438 3260//5438
f 3260//5439 3254//5439 3258//5439
f 3260//5440 3258//5440 3261//5440
f 3261//5441 3258//5441 3259//5441
f 3261//5442 3259//5442 3262//5442
f 3215//5443 3253//5443 3214//5443
f 3214//5444 3253//5444 3260//5444
f 3214//5445 3260//5445 3213//5445
f 3213//5446 3260//5446 3261//5446
f 3213//5447 3261//5447 3212//5447
f 3212//5448 3261//5448 3262//5448
f 3212//5449 3262//5449 3195//5449
f 3257//5450 3256//5450 3263//5450
f 3259//5451 3257//5451 3264//5451
f 3264//5452 3257//5452 3263//5452
f 3264//5453 3263//5453 3265//5453
f 3262//5454 3259//5454 3266//5454
f 3266//5455 3259//5455 3264//5455
f 3266//5456 3264//5456 3267//5456
f 3267//5457 3264//5457 3265//5457
f 3267//5458 3265//5458 3268//5458
f 3195//5459 3262//5459 3269//5459
f 3269//5460 3262//5460 3266//5460
f 3269//5461 3266//5461 3270//5461
f 3270//5462 3266//5462 3267//5462
f 3270//5463 3267//5463 3271//5463
f 3271//5464 3267//5464 3268//5464
f 3271//5465 3268//5465 3272//5465
f 3271//5466 3272//5466 3273//5466
f 3270//5467 3271//5467 3274//5467
f 3274//5468 3271//5468 3273//5468
f 3274//5469 3273//5469 3275//5469
f 3269//5470 3270//5470 3276//5470
f 3276//5471 3270//5471 3274//5471
f 3276//5472 3274//5472 3277//5472
f 3277//5473 3274//5473 3275//5473
f 3277//5474 3275//5474 3278//5474
f 3195//5475 3269//5475 3194//5475
f 3194//5476 3269//5476 3276//5476
f 3194//5477 3276//5477 3193//5477
f 3193//5478 3276//5478 3277//5478
f 3193//5479 3277//5479 3192//5479
f 3192//5480 3277//5480 3278//5480
f 3192//5481 3278//5481 3175//5481
f 3273//5482 3272//5482 3279//5482
f 3275//5483 3273//5483 3280//5483
f 3280//5484 3273//5484 3279//5484
f 3280//5485 3279//5485 3281//5485
f 3278//5486 3275//5486 3282//5486
f 3282//5487 3275//5487 3280//5487
f 3282//5488 3280//5488 3283//5488
f 3283//5489 3280//5489 3281//5489
f 3283//5490 3281//5490 3284//5490
f 3175//5491 3278//5491 3285//5491
f 3285//5492 3278//5492 3282//5492
f 3285//5493 3282//5493 3286//5493
f 3286//5494 3282//5494 3283//5494
f 3286//5495 3283//5495 3287//5495
f 3287//5496 3283//5496 3284//5496
f 3287//5497 3284//5497 3288//5497
f 3287//5498 3288//5498 3289//5498
f 3286//5499 3287//5499 3290//5499
f 3290//5500 3287//5500 3289//5500
f 3290//5501 3289//5501 3291//5501
f 3285//5502 3286//5502 3292//5502
f 3292//5503 3286//5503 3290//5503
f 3292//5504 3290//5504 3293//5504
f 3293//5505 3290//5505 3291//5505
f 3293//5506 3291//5506 3294//5506
f 3175//5507 3285//5507 3174//5507
f 3174//5508 3285//5508 3292//5508
f 3174//5509 3292//5509 3173//5509
f 3173//5510 3292//5510 3293//5510
f 3173//5511 3293//5511 3172//5511
f 3172//5512 3293//5512 3294//5512
f 3172//5513 3294//5513 3155//5513
f 3289//5514 3288//5514 3295//5514
f 3291//5515 3289//5515 3296//5515
f 3296//5516 3289//5516 3295//5516
f 3296//5517 3295//5517 3297//5517
f 3294//5518 3291//5518 3298//5518
f 3298//5519 3291//5519 3296//5519
f 3298//5520 3296//5520 3299//5520
f 3299//5521 3296//5521 3297//5521
f 3299//5522 3297//5522 3300//5522
f 3155//5523 3294//5523 3301//5523
f 3301//5524 3294//5524 3298//5524
f 3301//5525 3298//5525 3302//5525
f 3302//5526 3298//5526 3299//5526
f 3302//5527 3299//5527 3303//5527
f 3303//5528 3299//5528 3300//5528
f 3303//5529 3300//5529 3304//5529
f 3303//5530 3304//5530 3305//5530
f 3302//5531 3303//5531 3306//5531
f 3306//5532 3303//5532 3305//5532
f 3306//5533 3305//5533 3307//5533
f 3301//5534 3302//5534 3308//5534
f 3308//5535 3302//5535 3306//5535
f 3308//5536 3306//5536 3309//5536
f 3309//5537 3306//5537 3307//5537
f 3309//5538 3307//5538 3310//5538
f 3155//5539 3301//5539 3154//5539
f 3154//5540 3301//5540 3308//5540
f 3154//5541 3308//5541 3153//5541
f 3153//5542 3308//5542 3309//5542
f 3153//5543 3309//5543 3152//5543
f 3152//5544 3309//5544 3310//5544
f 3152//5545 3310//5545 3135//5545
f 3305//5546 3304//5546 3311//5546
f 3307//5547 3305//5547 3312//5547
f 3312//5548 3305//5548 3311//5548
f 3312//5549 3311//5549 3313//5549
f 3310//5550 3307//5550 3314//5550
f 3314//5551 3307//5551 3312//5551
f 3314//5552 3312//5552 3315//5552
f 3315//5553 3312//5553 3313//5553
f 3315//5554 3313//5554 3316//5554
f 3135//5555 3310//5555 3317//5555
f 3317//5556 3310//5556 3314//5556
f 3317//5557 3314//5557 3318//5557
f 3318//5558 3314//5558 3315//5558
f 3318//5559 3315//5559 3319//5559
f 3319//5560 3315//5560 3316//5560
f 3319//5561 3316//5561 3320//5561
f 3319//5562 3320//5562 3321//5562
f 3318//5563 3319//5563 3322//5563
f 3322//5564 3319//5564 3321//5564
f 3322//5565 3321//5565 3323//5565
f 3317//5566 3318//5566 3324//5566
f 3324//5567 3318//5567 3322//5567
f 3324//5568 3322//5568 3325//5568
f 3325//5569 3322//5569 3323//5569
f 3325//5570 3323//5570 3326//5570
f 3135//5571 3317//5571 3134//5571
f 3134//5572 3317//5572 3324//5572
f 3134//5573 3324//5573 3133//5573
f 3133//5574 3324//5574 3325//5574
f 3133//5575 3325//5575 3132//5575
f 3132//5576 3325//5576 3326//5576
f 3132//5577 3326//5577 3115//5577
f 3321//5578 3320//5578 3327//5578
f 3323//5579 3321//5579 3328//5579
f 3328//5580 3321//5580 3327//5580
f 3328//5581 3327//5581 3329//5581
f 3326//5582 3323//5582 3330//5582
f 3330//5583 3323//5583 3328//5583
f 3330//5584 3328//5584 3331//5584
f 3331//5585 3328//5585 3329//5585
f 3331//5586 3329//5586 3332//5586
f 3115//5587 3326//5587 3333//5587
f 3333//5588 3326//5588 3330//5588
f 3333//5589 3330//5589 3334//5589
f 3334//5590 3330//5590 3331//5590
f 3334//5591 3331//5591 3335//5591
f 3335//5592 3331//5592 3332//5592
f 3335//5593 3332//5593 3336//5593
f 3335//5594 3336//5594 3337//5594
f 3334//5595 3335//5595 3338//5595
f 3338//5596 3335//5596 3337//5596
f 3338//5597 3337//5597 3339//5597
f 3333//5598 3334//5598 3340//5598
f 3340//5599 3334//5599 3338//5599
f 3340//5600 3338//5600 3341//5600
f 3341//5601 3338//5601 3339//5601
f 3341//5602 3339//5602 3342//5602
f 3115//5603 3333//5603 3114//5603
f 3114//5604 3333//5604 3340//5604
f 3114//5605 3340//5605 3113//5605
f 3113//5606 3340//5606 3341//5606
f 3113//5607 3341//5607 3112//5607
f 3112//5608 3341//5608 3342//5608
f 3112//5609 3342//5609 3075//5609
f 3337//5610 3336//5610 3343//5610
f 3339//5611 3337//5611 3344//5611
f 3344//5612 3337//5612 3343//5612
f 3344//5613 3343//5613 3345//5613
f 3342//5614 3339//5614 3346//5614
f 3346//5615 3339//5615 3344//5615
f 3346//5616 3344//5616 3347//5616
f 3347//5617 3344//5617 3345//5617
f 3347//5618 3345//5618 3348//5618
f 3075//5619 3342//5619 3074//5619
f 3074//5620 3342//5620 3346//5620
f 3074//5621 3346//5621 3073//5621
f 3073//5622 3346//5622 3347//5622
f 3073//5623 3347//5623 3072//5623
f 3072//5624 3347//5624 3348//5624
f 3072//5625 3348//5625 3055//5625
f 3003//5626 2992//5626 3349//5626
f 3004//5627 3003//5627 3350//5627
f 3350//5628 3003//5628 3349//5628
f 3350//5629 3349//5629 3351//5629
f 3005//5630 3004//5630 3352//5630
f 3352//5631 3004//5631 3350//5631
f 3352//5632 3350//5632 3353//5632
f 3353//5633 3350//5633 3351//5633
f 3353//5634 3351//5634 3354//5634
f 3006//5635 3005//5635 3247//5635
f 3247//5636 3005//5636 3352//5636
f 3247//5637 3352//5637 3249//5637
f 3249//5638 3352//5638 3353//5638
f 3249//5639 3353//5639 3252//5639
f 3252//5640 3353//5640 3354//5640
f 3252//5641 3354//5641 3256//5641
f 3349//5642 2992//5642 3355//5642
f 3351//5643 3349//5643 3356//5643
f 3356//5644 3349//5644 3355//5644
f 3356//5645 3355//5645 3357//5645
f 3354//5646 3351//5646 3358//5646
f 3358//5647 3351//5647 3356//5647
f 3358//5648 3356//5648 3359//5648
f 3359//5649 3356//5649 3357//5649
f 3359//5650 3357//5650 3360//5650
f 3256//5651 3354//5651 3361//5651
f 3361//5652 3354//5652 3358//5652
f 3361//5653 3358//5653 3362//5653
f 3362//5654 3358//5654 3359//5654
f 3362//5655 3359//5655 3363//5655
f 3363//5656 3359//5656 3360//5656
f 3363//5657 3360//5657 3364//5657
f 3363//5658 3364//5658 3365//5658
f 3362//5659 3363//5659 3366//5659
f 3366//5660 3363//5660 3365//5660
f 3366//5661 3365//5661 3367//5661
f 3361//5662 3362//5662 3368//5662
f 3368//5663 3362//5663 3366//5663
f 3368//5664 3366//5664 3369//5664
f 3369//5665 3366//5665 3367//5665
f 3369//5666 3367//5666 3370//5666
f 3256//5667 3361//5667 3263//5667
f 3263//5668 3361//5668 3368//5668
f 3263//5669 3368//5669 3265//5669
f 3265//5670 3368//5670 3369//5670
f 3265//5671 3369//5671 3268//5671
f 3268//5672 3369//5672 3370//5672
f 3268//5673 3370//5673 3272//5673
f 3365//5674 3364//5674 3371//5674
f 3367//5675 3365//5675 3372//5675
f 3372//5676 3365//5676 3371//5676
f 3372//5677 3371//5677 3373//5677
f 3370//5678 3367//5678 3374//5678
f 3374//5679 3367//5679 3372//5679
f 3374//5680 3372//5680 3375//5680
f 3375//5681 3372//5681 3373//5681
f 3375//5682 3373//5682 3376//5682
f 3272//5683 3370//5683 3377//5683
f 3377//5684 3370//5684 3374//5684
f 3377//5685 3374//5685 3378//5685
f 3378//5686 3374//5686 3375//5686
f 3378//5687 3375//5687 3379//5687
f 3379//5688 3375//5688 3376//5688
f 3379//5689 3376//5689 3380//5689
f 3379//5690 3380//5690 3381//5690
f 3378//5691 3379//5691 3382//5691
f 3382//5692 3379//5692 3381//5692
f 3382//5693 3381//5693 3383//5693
f 3377//5694 3378//5694 3384//5694
f 3384//5695 3378//5695 3382//5695
f 3384//5696 3382//5696 3385//5696
f 3385//5697 3382//5697 3383//5697
f 3385//5698 3383//5698 3386//5698
f 3272//5699 3377//5699 3279//5699
f 3279//5700 3377//5700 3384//5700
f 3279//5701 3384//5701 3281//5701
f 3281//5702 3384//5702 3385//5702
f 3281//5703 3385//5703 3284//5703
f 3284//5704 3385//5704 3386//5704
f 3284//5705 3386//5705 3288//5705
f 3381//5706 3380//5706 3387//5706
f 3383//5707 3381//5707 3388//5707
f 3388//5708 3381//5708 3387//5708
f 3388//5709 3387//5709 3389//5709
f 3386//5710 3383//5710 3390//5710
f 3390//5711 3383//5711 3388//5711
f 3390//5712 3388//5712 3391//5712
f 3391//5713 3388//5713 3389//5713
f 3391//5714 3389//5714 3392//5714
f 3288//5715 3386//5715 3393//5715
f 3393//5716 3386//5716 3390//5716
f 3393//5717 3390//5717 3394//5717
f 3394//5718 3390//5718 3391//5718
f 3394//5719 3391//5719 3395//5719
f 3395//5720 3391//5720 3392//5720
f 3395//5721 3392//5721 3396//5721
f 3395//5722 3396//5722 3397//5722
f 3394//5723 3395//5723 3398//5723
f 3398//5724 3395//5724 3397//5724
f 3398//5725 3397//5725 3399//5725
f 3393//5726 3394//5726 3400//5726
f 3400//5727 3394//5727 3398//5727
f 3400//5728 3398//5728 3401//5728
f 3401//5729 3398//5729 3399//5729
f 3401//5730 3399//5730 3402//5730
f 3288//5731 3393//5731 3295//5731
f 3295//5732 3393//5732 3400//5732
f 3295//5733 3400//5733 3297//5733
f 3297//5734 3400//5734 3401//5734
f 3297//5735 3401//5735 3300//5735
f 3300//5736 3401//5736 3402//5736
f 3300//5737 3402//5737 3304//5737
f 3397//5738 3396//5738 3403//5738
f 3399//5739 3397//5739 3404//5739
f 3404//5740 3397//5740 3403//5740
f 3404//5741 3403//5741 3405//5741
f 3402//5742 3399//5742 3406//5742
f 3406//5743 3399//5743 3404//5743
f 3406//5744 3404//5744 3407//5744
f 3407//5745 3404//5745 3405//5745
f 3407//5746 3405//5746 3408//5746
f 3304//5747 3402//5747 3409//5747
f 3409//5748 3402//5748 3406//5748
f 3409//5749 3406//5749 3410//5749
f 3410//5750 3406//5750 3407//5750
f 3410//5751 3407//5751 3411//5751
f 3411//5752 3407//5752 3408//5752
f 3411//5753 3408//5753 3412//5753
f 3411//5754 3412//5754 3413//5754
f 3410//5755 3411//5755 3414//5755
f 3414//5756 3411//5756 3413//5756
f 3414//5757 3413//5757 3415//5757
f 3409//5758 3410//5758 3416//5758
f 3416//5759 3410//5759 3414//5759
f 3416//5760 3414//5760 3417//5760
f 3417//5761 3414//5761 3415//5761
f 3417//5762 3415//5762 3418//5762
f 3304//5763 3409//5763 3311//5763
f 3311//5764 3409//5764 3416//5764
f 3311//5765 3416//5765 3313//5765
f 3313//5766 3416//5766 3417//5766
f 3313//5767 3417//5767 3316//5767
f 3316//5768 3417//5768 3418//5768
f 3316//5769 3418//5769 3320//5769
f 3413//5770 3412//5770 3419//5770
f 3415//5771 3413//5771 3420//5771
f 3420//5772 3413//5772 3419//5772
f 3420//5773 3419//5773 3421//5773
f 3418//5774 3415//5774 3422//5774
f 3422//5775 3415//5775 3420//5775
f 3422//5776 3420//5776 3423//5776
f 3423//5777 3420//5777 3421//5777
f 3423//5778 3421//5778 3424//5778
f 3320//5779 3418//5779 3425//5779
f 3425//5780 3418//5780 3422//5780
f 3425//5781 3422//5781 3426//5781
f 3426//5782 3422//5782 3423//5782
f 3426//5783 3423//5783 3427//5783
f 3427//5784 3423//5784 3424//5784
f 3427//5785 3424//5785 3428//5785
f 3427//5786 3428//5786 3429//5786
f 3426//5787 3427//5787 3430//5787
f 3430//5788 3427//5788 3429//5788
f 3430//5789 3429//5789 3431//5789
f 3425//5790 3426//5790 3432//5790
f 3432//5791 3426//5791 3430//5791
f 3432//5792 3430//5792 3433//5792
f 3433//5793 3430//5793 3431//5793
f 3433//5794 3431//5794 3434//5794
f 3320//5795 3425//5795 3327//5795
f 3327//5796 3425//5796 3432//5796
f 3327//5797 3432//5797 3329//5797
f 3329//5798 3432//5798 3433//5798
f 3329//5799 3433//5799 3332//5799
f 3332//5800 3433//5800 3434//5800
f 3332//5801 3434//5801 3336//5801
f 3429//5802 3428//5802 3435//5802
f 3431//5803 3429//5803 3436//5803
f 3436//5804 3429//5804 3435//5804
f 3436//5805 3435//5805 3437//5805
f 3434//5806 3431//5806 3438//5806
f 3438//5807 3431//5807 3436//5807
f 3438//5808 3436//5808 3439//5808
f 3439//5809 3436//5809 3437//5809
f 3439//5810 3437//5810 3440//5810
f 3336//5811 3434//5811 3441//5811
f 3441//5812 3434//5812 3438//5812
f 3441//5813 3438//5813 3442//5813
f 3442//5814 3438//5814 3439//5814
f 3442//5815 3439//5815 3443//5815
f 3443//5816 3439//5816 3440//5816
f 3443//5817 3440//5817 3444//5817
f 3443//5818 3444//5818 3445//5818
f 3442//5819 3443//5819 3446//5819
f 3446//5820 3443//5820 3445//5820
f 3446//5821 3445//5821 3447//5821
f 3441//5822 3442//5822 3448//5822
f 3448//5823 3442//5823 3446//5823
f 3448//5824 3446//5824 3449//5824
f 3449//5825 3446//5825 3447//5825
f 3449//5826 3447//5826 3450//5826
f 3336//5827 3441//5827 3343//5827
f 3343//5828 3441//5828 3448//5828
f 3343//5829 3448//5829 3345//5829
f 3345//5830 3448//5830 3449//5830
f 3345//5831 3449//5831 3348//5831
f 3348//5832 3449//5832 3450//5832
f 3348//5833 3450//5833 3055//5833
f 3445//5834 3444//5834 3451//5834
f 3447//5835 3445//5835 3452//5835
f 3452//5836 3445//5836 3451//5836
f 3452//5837 3451//5837 3453//5837
f 3450//5838 3447//5838 3454//5838
f 3454//5839 3447//5839 3452//5839
f 3454//5840 3452//5840 3455//5840
f 3455//5841 3452//5841 3453//5841
f 3455//5842 3453//5842 3456//5842
f 3055//5843 3450//5843 3054//5843
f 3054//5844 3450//5844 3454//5844
f 3054//5845 3454//5845 3053//5845
f 3053//5846 3454//5846 3455//5846
f 3053//5847 3455//5847 3052//5847
f 3052//5848 3455//5848 3456//5848
f 3052//5849 3456//5849 3035//5849
f 2998//5850 2999//5850 3457//5850
f 2996//5851 2998//5851 3458//5851
f 3458//5852 2998//5852 3457//5852
f 3458//5853 3457//5853 3459//5853
f 2994//5854 2996//5854 3460//5854
f 3460//5855 2996//5855 3458//5855
f 3460//5856 3458//5856 3461//5856
f 3461//5857 3458//5857 3459//5857
f 3461//5858 3459//5858 3462//5858
f 2992//5859 2994//5859 3355//5859
f 3355//5860 2994//5860 3460//5860
f 3355//5861 3460//5861 3357//5861
f 3357//5862 3460//5862 3461//5862
f 3357//5863 3461//5863 3360//5863
f 3360//5864 3461//5864 3462//5864
f 3360//5865 3462//5865 3364//5865
f 3457//5866 2999//5866 3463//5866
f 3459//5867 3457//5867 3464//5867
f 3464//5868 3457//5868 3463//5868
f 3464//5869 3463//5869 3465//5869
f 3462//5870 3459//5870 3466//5870
f 3466//5871 3459//5871 3464//5871
f 3466//5872 3464//5872 3467//5872
f 3467//5873 3464//5873 3465//5873
f 3467//5874 3465//5874 3468//5874
f 3364//5875 3462//5875 3469//5875
f 3469//5876 3462//5876 3466//5876
f 3469//5877 3466//5877 3470//5877
f 3470//5878 3466//5878 3467//5878
f 3470//5879 3467//5879 3471//5879
f 3471//5880 3467//5880 3468//5880
f 3471//5881 3468//5881 3472//5881
f 3471//5882 3472//5882 3473//5882
f 3470//5883 3471//5883 3474//5883
f 3474//5884 3471//5884 3473//5884
f 3474//5885 3473//5885 3475//5885
f 3469//5886 3470//5886 3476//5886
f 3476//5887 3470//5887 3474//5887
f 3476//5888 3474//5888 3477//5888
f 3477//5889 3474//5889 3475//5889
f 3477//5890 3475//5890 3478//5890
f 3364//5891 3469//5891 3371//5891
f 3371//5892 3469//5892 3476//5892
f 3371//5893 3476//5893 3373//5893
f 3373//5894 3476//5894 3477//5894
f 3373//5895 3477//5895 3376//5895
f 3376//5896 3477//5896 3478//5896
f 3376//5897 3478//5897 3380//5897
f 3473//5898 3472//5898 3479//5898
f 3475//5899 3473//5899 3480//5899
f 3480//5900 3473//5900 3479//5900
f 3480//5901 3479//5901 3481//5901
f 3478//5902 3475//5902 3482//5902
f 3482//5903 3475//5903 3480//5903
f 3482//5904 3480//5904 3483//5904
f 3483//5905 3480//5905 3481//5905
f 3483//5906 3481//5906 3484//5906
f 3380//5907 3478//5907 3485//5907
f 3485//5908 3478//5908 3482//5908
f 3485//5909 3482//5909 3486//5909
f 3486//5910 3482//5910 3483//5910
f 3486//5911 3483//5911 3487//5911
f 3487//5912 3483//5912 3484//5912
f 3487//5913 3484//5913 3488//5913
f 3487//5914 3488//5914 3489//5914
f 3486//5915 3487//5915 3490//5915
f 3490//5916 3487//5916 3489//5916
f 3490//5917 3489//5917 3491//5917
f 3485//5918 3486//5918 3492//5918
f 3492//5919 3486//5919 3490//5919
f 3492//5920 3490//5920 3493//5920
f 3493//5921 3490//5921 3491//5921
f 3493//5922 3491//5922 3494//5922
f 3380//5923 3485//5923 3387//5923
f 3387//5924 3485//5924 3492//5924
f 3387//5925 3492//5925 3389//5925
f 3389//5926 3492//5926 3493//5926
f 3389//5927 3493//5927 3392//5927
f 3392//5928 3493//5928 3494//5928
f 3392//5929 3494//5929 3396//5929
f 3489//5930 3488//5930 3495//5930
f 3491//5931 3489//5931 3496//5931
f 3496//5932 3489//5932 3495//5932
f 3496//5933 3495//5933 3497//5933
f 3494//5934 3491//5934 3498//5934
f 3498//5935 3491//5935 3496//5935
f 3498//5936 3496//5936 3499//5936
f 3499//5937 3496//5937 3497//5937
f 3499//5938 3497//5938 3500//5938
f 3396//5939 3494//5939 3501//5939
f 3501//5940 3494//5940 3498//5940
f 3501//5941 3498//5941 3502//5941
f 3502//5942 3498//5942 3499//5942
f 3502//5943 3499//5943 3503//5943
f 3503//5944 3499//5944 3500//5944
f 3503//5945 3500//5945 3504//5945
f 3503//5946 3504//5946 3505//5946
f 3502//5947 3503//5947 3506//5947
f 3506//5948 3503//5948 3505//5948
f 3506//5949 3505//5949 3507//5949
f 3501//5950 3502//5950 3508//5950
f 3508//5951 3502//5951 3506//5951
f 3508//5952 3506//5952 3509//5952
f 3509//5953 3506//5953 3507//5953
f 3509//5954 3507//5954 3510//5954
f 3396//5955 3501//5955 3403//5955
f 3403//5956 3501//5956 3508//5956
f 3403//5957 3508//5957 3405//5957
f 3405//5958 3508//5958 3509//5958
f 3405//5959 3509//5959 3408//5959
f 3408//5960 3509//5960 3510//5960
f 3408//5961 3510//5961 3412//5961
f 3505//5962 3504//5962 3511//5962
f 3507//5963 3505//5963 3512//5963
f 3512//5964 3505//5964 3511//5964
f 3512//5965 3511//5965 3513//5965
f 3510//5966 3507//5966 3514//5966
f 3514//5967 3507//5967 3512//5967
f 3514//5968 3512//5968 3515//5968
f 3515//5969 3512//5969 3513//5969
f 3515//5970 3513//5970 3516//5970
f 3412//5971 3510//5971 3517//5971
f 3517//5972 3510//5972 3514//5972
f 3517//5973 3514//5973 3518//5973
f 3518//5974 3514//5974 3515//5974
f 3518//5975 3515//5975 3519//5975
f 3519//5976 3515//5976 3516//5976
f 3519//5977 3516//5977 3520//5977
f 3519//5978 3520//5978 3521//5978
f 3518//5979 3519//5979 3522//5979
f 3522//5980 3519//5980 3521//5980
f 3522//5981 3521//5981 3523//5981
f 3517//5982 3518//5982 3524//5982
f 3524//5983 3518//5983 3522//5983
f 3524//5984 3522//5984 3525//5984
f 3525//5985 3522//5985 3523//5985
f 3525//5986 3523//5986 3526//5986
f 3412//5987 3517//5987 3419//5987
f 3419//5988 3517//5988 3524//5988
f 3419//5989 3524//5989 3421//5989
f 3421//5990 3524//5990 3525//5990
f 3421//5991 3525//5991 3424//5991
f 3424//5992 3525//5992 3526//5992
f 3424//5993 3526//5993 3428//5993
f 3521//5994 3520//5994 3527//5994
f 3523//5995 3521//5995 3528//5995
f 3528//5996 3521//5996 3527//5996
f 3528//5997 3527//5997 3529//5997
f 3526//5998 3523//5998 3530//5998
f 3530//5999 3523//5999 3528//5999
f 3530//6000 3528//6000 3531//6000
f 3531//6001 3528//6001 3529//6001
f 3531//6002 3529//6002 3532//6002
f 3428//6003 3526//6003 3533//6003
f 3533//6004 3526//6004 3530//6004
f 3533//6005 3530//6005 3534//6005
f 3534//6006 3530//6006 3531//6006
f 3534//6007 3531//6007 3535//6007
f 3535//6008 3531//6008 3532//6008
f 3535//6009 3532//6009 3536//6009
f 3535//6010 3536//6010 3537//6010
f 3534//6011 3535//6011 3538//6011
f 3538//6012 3535//6012 3537//6012
f 3538//6013 3537//6013 3539//6013
f 3533//6014 3534//6014 3540//6014
f 3540//6015 3534//6015 3538//6015
f 3540//6016 3538//6016 3541//6016
f 3541//6017 3538//6017 3539//6017
f 3541//6018 3539//6018 3542//6018
f 3428//6019 3533//6019 3435//6019
f 3435//6020 3533//6020 3540//6020
f 3435//6021 3540//6021 3437//6021
f 3437//6022 3540//6022 3541//6022
f 3437//6023 3541//6023 3440//6023
f 3440//6024 3541//6024 3542//6024
f 3440//6025 3542//6025 3444//6025
f 3537//6026 3536//6026 3543//6026
f 3539//6027 3537//6027 3544//6027
f 3544//6028 3537//6028 3543//6028
f 3544//6029 3543//6029 3545//6029
f 3542//6030 3539//6030 3546//6030
f 3546//6031 3539//6031 3544//6031
f 3546//6032 3544//6032 3547//6032
f 3547//6033 3544//6033 3545//6033
f 3547//6034 3545//6034 3548//6034
f 3444//6035 3542//6035 3549//6035
f 3549//6036 3542//6036 3546//6036
f 3549//6037 3546//6037 3550//6037
f 3550//6038 3546//6038 3547//6038
f 3550//6039 3547//6039 3551//6039
f 3551//6040 3547//6040 3548//6040
f 3551//6041 3548//6041 3031//6041
f 3551//6042 3031//6042 3032//6042
f 3550//6043 3551//6043 3552//6043
f 3552//6044 3551//6044 3032//6044
f 3552//6045 3032//6045 3033//6045
f 3549//6046 3550//6046 3553//6046
f 3553//6047 3550//6047 3552//6047
f 3553//6048 3552//6048 3554//6048
f 3554//6049 3552//6049 3033//6049
f 3554//6050 3033//6050 3034//6050
f 3444//6051 3549//6051 3451//6051
f 3451//6052 3549//6052 3553//6052
f 3451//6053 3553//6053 3453//6053
f 3453//6054 3553//6054 3554//6054
f 3453//6055 3554//6055 3456//6055
f 3456//6056 3554//6056 3034//6056
f 3456//6057 3034//6057 3035//6057
f 3555//6058 3556//6058 3557//6058
f 3556//6059 3558//6059 3557//6059
f 3557//6060 3558//6060 3559//6060
f 3558//6061 3560//6061 3559//6061
f 3559//6062 3560//6062 3561//6062
f 3560//6063 3022//6063 3561//6063
f 3561//6064 3022//6064 3562//6064
f 3022//6065 3560//6065 3036//6065
f 3560//6066 3558//6066 3036//6066
f 3036//6067 3558//6067 3038//6067
f 3558//6068 3556//6068 3038//6068
f 3038//6069 3556//6069 3041//6069
f 3556//6070 3555//6070 3041//6070
f 3041//6071 3555//6071 3045//6071
f 3065//6072 3061//6072 3563//6072
f 3061//6073 3058//6073 3563//6073
f 3563//6074 3058//6074 3564//6074
f 3058//6075 3056//6075 3564//6075
f 3564//6076 3056//6076 3565//6076
f 3056//6077 3045//6077 3565//6077
f 3565//6078 3045//6078 3555//6078
f 3555//6079 3566//6079 3565//6079
f 3566//6080 3567//6080 3565//6080
f 3565//6081 3567//6081 3564//6081
f 3567//6082 3568//6082 3564//6082
f 3564//6083 3568//6083 3563//6083
f 3568//6084 3569//6084 3563//6084
f 3563//6085 3569//6085 3065//6085
f 3085//6086 3081//6086 3570//6086
f 3081//6087 3078//6087 3570//6087
f 3570//6088 3078//6088 3571//6088
f 3078//6089 3076//6089 3571//6089
f 3571//6090 3076//6090 3572//6090
f 3076//6091 3065//6091 3572//6091
f 3572//6092 3065//6092 3569//6092
f 3569//6093 3573//6093 3572//6093
f 3573//6094 3574//6094 3572//6094
f 3572//6095 3574//6095 3571//6095
f 3574//6096 3575//6096 3571//6096
f 3571//6097 3575//6097 3570//6097
f 3575//6098 3576//6098 3570//6098
f 3570//6099 3576//6099 3085//6099
f 3577//6100 3578//6100 3579//6100
f 3578//6101 3580//6101 3579//6101
f 3579//6102 3580//6102 3581//6102
f 3580//6103 3582//6103 3581//6103
f 3581//6104 3582//6104 3583//6104
f 3582//6105 3085//6105 3583//6105
f 3583//6106 3085//6106 3576//6106
f 3085//6107 3582//6107 3096//6107
f 3582//6108 3580//6108 3096//6108
f 3096//6109 3580//6109 3098//6109
f 3580//6110 3578//6110 3098//6110
f 3098//6111 3578//6111 3101//6111
f 3578//6112 3577//6112 3101//6112
f 3101//6113 3577//6113 3105//6113
f 3584//6114 3585//6114 3586//6114
f 3587//6115 3584//6115 3588//6115
f 3588//6116 3584//6116 3586//6116
f 3588//6117 3586//6117 3589//6117
f 3590//6118 3587//6118 3591//6118
f 3591//6119 3587//6119 3588//6119
f 3591//6120 3588//6120 3592//6120
f 3592//6121 3588//6121 3589//6121
f 3592//6122 3589//6122 3593//6122
f 3594//6123 3590//6123 3595//6123
f 3595//6124 3590//6124 3591//6124
f 3595//6125 3591//6125 3596//6125
f 3596//6126 3591//6126 3592//6126
f 3596//6127 3592//6127 3597//6127
f 3597//6128 3592//6128 3593//6128
f 3597//6129 3593//6129 3598//6129
f 3586//6130 3585//6130 3599//6130
f 3589//6131 3586//6131 3600//6131
f 3600//6132 3586//6132 3599//6132
f 3600//6133 3599//6133 3601//6133
f 3593//6134 3589//6134 3602//6134
f 3602//6135 3589//6135 3600//6135
f 3602//6136 3600//6136 3603//6136
f 3603//6137 3600//6137 3601//6137
f 3603//6138 3601//6138 3604//6138
f 3598//6139 3593//6139 3605//6139
f 3605//6140 3593//6140 3602//6140
f 3605//6141 3602//6141 3606//6141
f 3606//6142 3602//6142 3603//6142
f 3606//6143 3603//6143 3607//6143
f 3607//6144 3603//6144 3604//6144
f 3607//6145 3604//6145 3608//6145
f 3607//6146 3608//6146 3609//6146
f 3606//6147 3607//6147 3610//6147
f 3610//6148 3607//6148 3609//6148
f 3610//6149 3609//6149 3611//6149
f 3605//6150 3606//6150 3612//6150
f 3612//6151 3606//6151 3610//6151
f 3612//6152 3610//6152 3613//6152
f 3613//6153 3610//6153 3611//6153
f 3613//6154 3611//6154 3614//6154
f 3598//6155 3605//6155 3615//6155
f 3615//6156 3605//6156 3612//6156
f 3615//6157 3612//6157 3616//6157
f 3616//6158 3612//6158 3613//6158
f 3616//6159 3613//6159 3617//6159
f 3617//6160 3613//6160 3614//6160
f 3617//6161 3614//6161 3618//6161
f 3609//6162 3608//6162 3619//6162
f 3611//6163 3609//6163 3620//6163
f 3620//6164 3609//6164 3619//6164
f 3620//6165 3619//6165 3621//6165
f 3614//6166 3611//6166 3622//6166
f 3622//6167 3611//6167 3620//6167
f 3622//6168 3620//6168 3623//6168
f 3623//6169 3620//6169 3621//6169
f 3623//6170 3621//6170 3624//6170
f 3618//6171 3614//6171 3625//6171
f 3625//6172 3614//6172 3622//6172
f 3625//6173 3622//6173 3626//6173
f 3626//6174 3622//6174 3623//6174
f 3626//6175 3623//6175 3627//6175
f 3627//6176 3623//6176 3624//6176
f 3627//6177 3624//6177 3628//6177
f 3627//6178 3628//6178 3629//6178
f 3626//6179 3627//6179 3630//6179
f 3630//6180 3627//6180 3629//6180
f 3630//6181 3629//6181 3631//6181
f 3625//6182 3626//6182 3632//6182
f 3632//6183 3626//6183 3630//6183
f 3632//6184 3630//6184 3633//6184
f 3633//6185 3630//6185 3631//6185
f 3633//6186 3631//6186 3634//6186
f 3618//6187 3625//6187 3635//6187
f 3635//6188 3625//6188 3632//6188
f 3635//6189 3632//6189 3636//6189
f 3636//6190 3632//6190 3633//6190
f 3636//6191 3633//6191 3637//6191
f 3637//6192 3633//6192 3634//6192
f 3637//6193 3634//6193 3638//6193
f 3629//6194 3628//6194 3639//6194
f 3631//6195 3629//6195 3640//6195
f 3640//6196 3629//6196 3639//6196
f 3640//6197 3639//6197 3641//6197
f 3634//6198 3631//6198 3642//6198
f 3642//6199 3631//6199 3640//6199
f 3642//6200 3640//6200 3643//6200
f 3643//6201 3640//6201 3641//6201
f 3643//6202 3641//6202 3644//6202
f 3638//6203 3634//6203 3645//6203
f 3645//6204 3634//6204 3642//6204
f 3645//6205 3642//6205 3646//6205
f 3646//6206 3642//6206 3643//6206
f 3646//6207 3643//6207 3647//6207
f 3647//6208 3643//6208 3644//6208
f 3647//6209 3644//6209 3648//6209
f 3647//6210 3648//6210 3649//6210
f 3646//6211 3647//6211 3650//6211
f 3650//6212 3647//6212 3649//6212
f 3650//6213 3649//6213 3651//6213
f 3645//6214 3646//6214 3652//6214
f 3652//6215 3646//6215 3650//6215
f 3652//6216 3650//6216 3653//6216
f 3653//6217 3650//6217 3651//6217
f 3653//6218 3651//6218 3654//6218
f 3638//6219 3645//6219 3655//6219
f 3655//6220 3645//6220 3652//6220
f 3655//6221 3652//6221 3656//6221
f 3656//6222 3652//6222 3653//6222
f 3656//6223 3653//6223 3657//6223
f 3657//6224 3653//6224 3654//6224
f 3657//6225 3654//6225 3658//6225
f 3649//6226 3648//6226 3659//6226
f 3651//6227 3649//6227 3660//6227
f 3660//6228 3649//6228 3659//6228
f 3660//6229 3659//6229 3661//6229
f 3654//6230 3651//6230 3662//6230
f 3662//6231 3651//6231 3660//6231
f 3662//6232 3660//6232 3663//6232
f 3663//6233 3660//6233 3661//6233
f 3663//6234 3661//6234 3664//6234
f 3658//6235 3654//6235 3665//6235
f 3665//6236 3654//6236 3662//6236
f 3665//6237 3662//6237 3666//6237
f 3666//6238 3662//6238 3663//6238
f 3666//6239 3663//6239 3667//6239
f 3667//6240 3663//6240 3664//6240
f 3667//6241 3664//6241 3668//6241
f 3657//6242 3658//6242 3669//6242
f 3656//6243 3657//6243 3670//6243
f 3670//6244 3657//6244 3669//6244
f 3670//6245 3669//6245 3671//6245
f 3655//6246 3656//6246 3672//6246
f 3672//6247 3656//6247 3670//6247
f 3672//6248 3670//6248 3673//6248
f 3673//6249 3670//6249 3671//6249
f 3673//6250 3671//6250 3674//6250
f 3638//6251 3655//6251 3675//6251
f 3675//6252 3655//6252 3672//6252
f 3675//6253 3672//6253 3676//6253
f 3676//6254 3672//6254 3673//6254
f 3676//6255 3673//6255 3677//6255
f 3677//6256 3673//6256 3674//6256
f 3677//6257 3674//6257 3678//6257
f 3669//6258 3658//6258 3679//6258
f 3671//6259 3669//6259 3680//6259
f 3680//6260 3669//6260 3679//6260
f 3680//6261 3679//6261 3681//6261
f 3674//6262 3671//6262 3682//6262
f 3682//6263 3671//6263 3680//6263
f 3682//6264 3680//6264 3683//6264
f 3683//6265 3680//6265 3681//6265
f 3683//6266 3681//6266 3684//6266
f 3678//6267 3674//6267 3685//6267
f 3685//6268 3674//6268 3682//6268
f 3685//6269 3682//6269 3686//6269
f 3686//6270 3682//6270 3683//6270
f 3686//6271 3683//6271 3687//6271
f 3687//6272 3683//6272 3684//6272
f 3687//6273 3684//6273 3688//6273
f 3687//6274 3688//6274 3689//6274
f 3686//6275 3687//6275 3690//6275
f 3690//6276 3687//6276 3689//6276
f 3690//6277 3689//6277 3691//6277
f 3685//6278 3686//6278 3692//6278
f 3692//6279 3686//6279 3690//6279
f 3692//6280 3690//6280 3693//6280
f 3693//6281 3690//6281 3691//6281
f 3693//6282 3691//6282 3694//6282
f 3678//6283 3685//6283 3695//6283
f 3695//6284 3685//6284 3692//6284
f 3695//6285 3692//6285 3696//6285
f 3696//6286 3692//6286 3693//6286
f 3696//6287 3693//6287 3697//6287
f 3697//6288 3693//6288 3694//6288
f 3697//6289 3694//6289 3698//6289
f 3689//6290 3688//6290 3699//6290
f 3691//6291 3689//6291 3700//6291
f 3700//6292 3689//6292 3699//6292
f 3700//6293 3699//6293 3701//6293
f 3694//6294 3691//6294 3702//6294
f 3702//6295 3691//6295 3700//6295
f 3702//6296 3700//6296 3703//6296
f 3703//6297 3700//6297 3701//6297
f 3703//6298 3701//6298 3704//6298
f 3698//6299 3694//6299 3705//6299
f 3705//6300 3694//6300 3702//6300
f 3705//6301 3702//6301 3706//6301
f 3706//6302 3702//6302 3703//6302
f 3706//6303 3703//6303 3707//6303
f 3707//6304 3703//6304 3704//6304
f 3707//6305 3704//6305 3708//6305
f 3707//6306 3708//6306 3709//6306
f 3706//6307 3707//6307 3710//6307
f 3710//6308 3707//6308 3709//6308
f 3710//6309 3709//6309 3711//6309
f 3705//6310 3706//6310 3712//6310
f 3712//6311 3706//6311 3710//6311
f 3712//6312 3710//6312 3713//6312
f 3713//6313 3710//6313 3711//6313
f 3713//6314 3711//6314 3714//6314
f 3698//6315 3705//6315 3715//6315
f 3715//6316 3705//6316 3712//6316
f 3715//6317 3712//6317 3716//6317
f 3716//6318 3712//6318 3713//6318
f 3716//6319 3713//6319 3717//6319
f 3717//6320 3713//6320 3714//6320
f 3717//6321 3714//6321 3718//6321
f 3709//6322 3708//6322 3719//6322
f 3711//6323 3709//6323 3720//6323
f 3720//6324 3709//6324 3719//6324
f 3720//6325 3719//6325 3721//6325
f 3714//6326 3711//6326 3722//6326
f 3722//6327 3711//6327 3720//6327
f 3722//6328 3720//6328 3723//6328
f 3723//6329 3720//6329 3721//6329
f 3723//6330 3721//6330 3724//6330
f 3718//6331 3714//6331 3725//6331
f 3725//6332 3714//6332 3722//6332
f 3725//6333 3722//6333 3726//6333
f 3726//6334 3722//6334 3723//6334
f 3726//6335 3723//6335 3727//6335
f 3727//6336 3723//6336 3724//6336
f 3727//6337 3724//6337 3728//6337
f 3727//6338 3728//6338 3729//6338
f 3726//6339 3727//6339 3730//6339
f 3730//6340 3727//6340 3729//6340
f 3730//6341 3729//6341 3731//6341
f 3725//6342 3726//6342 3732//6342
f 3732//6343 3726//6343 3730//6343
f 3732//6344 3730//6344 3733//6344
f 3733//6345 3730//6345 3731//6345
f 3733//6346 3731//6346 3734//6346
f 3718//6347 3725//6347 3735//6347
f 3735//6348 3725//6348 3732//6348
f 3735//6349 3732//6349 3736//6349
f 3736//6350 3732//6350 3733//6350
f 3736//6351 3733//6351 3737//6351
f 3737//6352 3733//6352 3734//6352
f 3737//6353 3734//6353 3738//6353
f 3729//6354 3728//6354 3739//6354
f 3731//6355 3729//6355 3740//6355
f 3740//6356 3729//6356 3739//6356
f 3740//6357 3739//6357 3741//6357
f 3734//6358 3731//6358 3742//6358
f 3742//6359 3731//6359 3740//6359
f 3742//6360 3740//6360 3743//6360
f 3743//6361 3740//6361 3741//6361
f 3743//6362 3741//6362 3744//6362
f 3738//6363 3734//6363 3745//6363
f 3745//6364 3734//6364 3742//6364
f 3745//6365 3742//6365 3746//6365
f 3746//6366 3742//6366 3743//6366
f 3746//6367 3743//6367 3747//6367
f 3747//6368 3743//6368 3744//6368
f 3747//6369 3744//6369 3748//6369
f 3747//6370 3748//6370 3749//6370
f 3746//6371 3747//6371 3750//6371
f 3750//6372 3747//6372 3749//6372
f 3750//6373 3749//6373 3751//6373
f 3745//6374 3746//6374 3752//6374
f 3752//6375 3746//6375 3750//6375
f 3752//6376 3750//6376 3753//6376
f 3753//6377 3750//6377 3751//6377
f 3753//6378 3751//6378 3754//6378
f 3738//6379 3745//6379 3755//6379
f 3755//6380 3745//6380 3752//6380
f 3755//6381 3752//6381 3756//6381
f 3756//6382 3752//6382 3753//6382
f 3756//6383 3753//6383 3757//6383
f 3757//6384 3753//6384 3754//6384
f 3757//6385 3754//6385 3758//6385
f 3749//6386 3748//6386 3759//6386
f 3751//6387 3749//6387 3760//6387
f 3760//6388 3749//6388 3759//6388
f 3760//6389 3759//6389 3761//6389
f 3754//6390 3751//6390 3762//6390
f 3762//6391 3751//6391 3760//6391
f 3762//6392 3760//6392 3763//6392
f 3763//6393 3760//6393 3761//6393
f 3763//6394 3761//6394 3764//6394
f 3758//6395 3754//6395 3765//6395
f 3765//6396 3754//6396 3762//6396
f 3765//6397 3762//6397 3766//6397
f 3766//6398 3762//6398 3763//6398
f 3766//6399 3763//6399 3767//6399
f 3767//6400 3763//6400 3764//6400
f 3767//6401 3764//6401 3768//6401
f 3767//6402 3768//6402 3769//6402
f 3766//6403 3767//6403 3770//6403
f 3770//6404 3767//6404 3769//6404
f 3770//6405 3769//6405 3771//6405
f 3765//6406 3766//6406 3772//6406
f 3772//6407 3766//6407 3770//6407
f 3772//6408 3770//6408 3773//6408
f 3773//6409 3770//6409 3771//6409
f 3773//6410 3771//6410 3774//6410
f 3758//6411 3765//6411 3775//6411
f 3775//6412 3765//6412 3772//6412
f 3775//6413 3772//6413 3776//6413
f 3776//6414 3772//6414 3773//6414
f 3776//6415 3773//6415 3777//6415
f 3777//6416 3773//6416 3774//6416
f 3777//6417 3774//6417 3778//6417
f 3769//6418 3768//6418 3779//6418
f 3771//6419 3769//6419 3780//6419
f 3780//6420 3769//6420 3779//6420
f 3780//6421 3779//6421 3781//6421
f 3774//6422 3771//6422 3782//6422
f 3782//6423 3771//6423 3780//6423
f 3782//6424 3780//6424 3783//6424
f 3783//6425 3780//6425 3781//6425
f 3783//6426 3781//6426 3784//6426
f 3778//6427 3774//6427 3785//6427
f 3785//6428 3774//6428 3782//6428
f 3785//6429 3782//6429 3786//6429
f 3786//6430 3782//6430 3783//6430
f 3786//6431 3783//6431 3787//6431
f 3787//6432 3783//6432 3784//6432
f 3787//6433 3784//6433 3788//6433
f 3787//6434 3788//6434 3789//6434
f 3786//6435 3787//6435 3790//6435
f 3790//6436 3787//6436 3789//6436
f 3790//6437 3789//6437 3791//6437
f 3785//6438 3786//6438 3792//6438
f 3792//6439 3786//6439 3790//6439
f 3792//6440 3790//6440 3793//6440
f 3793//6441 3790//6441 3791//6441
f 3793//6442 3791//6442 3794//6442
f 3778//6443 3785//6443 3795//6443
f 3795//6444 3785//6444 3792//6444
f 3795//6445 3792//6445 3796//6445
f 3796//6446 3792//6446 3793//6446
f 3796//6447 3793//6447 3797//6447
f 3797//6448 3793//6448 3794//6448
f 3797//6449 3794//6449 3576//6449
f 3789//6450 3788//6450 3798//6450
f 3791//6451 3789//6451 3799//6451
f 3799//6452 3789//6452 3798//6452
f 3799//6453 3798//6453 3800//6453
f 3794//6454 3791//6454 3801//6454
f 3801//6455 3791//6455 3799//6455
f 3801//6456 3799//6456 3802//6456
f 3802//6457 3799//6457 3800//6457
f 3802//6458 3800//6458 3803//6458
f 3576//6459 3794//6459 3583//6459
f 3583//6460 3794//6460 3801//6460
f 3583//6461 3801//6461 3581//6461
f 3581//6462 3801//6462 3802//6462
f 3581//6463 3802//6463 3579//6463
f 3579//6464 3802//6464 3803//6464
f 3579//6465 3803//6465 3577//6465
f 3573//6466 3569//6466 3804//6466
f 3574//6467 3573//6467 3805//6467
f 3805//6468 3573//6468 3804//6468
f 3805//6469 3804//6469 3806//6469
f 3575//6470 3574//6470 3807//6470
f 3807//6471 3574//6471 3805//6471
f 3807//6472 3805//6472 3808//6472
f 3808//6473 3805//6473 3806//6473
f 3808//6474 3806//6474 3809//6474
f 3576//6475 3575//6475 3797//6475
f 3797//6476 3575//6476 3807//6476
f 3797//6477 3807//6477 3796//6477
f 3796//6478 3807//6478 3808//6478
f 3796//6479 3808//6479 3795//6479
f 3795//6480 3808//6480 3809//6480
f 3795//6481 3809//6481 3778//6481
f 3804//6482 3569//6482 3810//6482
f 3806//6483 3804//6483 3811//6483
f 3811//6484 3804//6484 3810//6484
f 3811//6485 3810//6485 3812//6485
f 3809//6486 3806//6486 3813//6486
f 3813//6487 3806//6487 3811//6487
f 3813//6488 3811//6488 3814//6488
f 3814//6489 3811//6489 3812//6489
f 3814//6490 3812//6490 3815//6490
f 3778//6491 3809//6491 3816//6491
f 3816//6492 3809//6492 3813//6492
f 3816//6493 3813//6493 3817//6493
f 3817//6494 3813//6494 3814//6494
f 3817//6495 3814//6495 3818//6495
f 3818//6496 3814//6496 3815//6496
f 3818//6497 3815//6497 3819//6497
f 3818//6498 3819//6498 3820//6498
f 3817//6499 3818//6499 3821//6499
f 3821//6500 3818//6500 3820//6500
f 3821//6501 3820//6501 3822//6501
f 3816//6502 3817//6502 3823//6502
f 3823//6503 3817//6503 3821//6503
f 3823//6504 3821//6504 3824//6504
f 3824//6505 3821//6505 3822//6505
f 3824//6506 3822//6506 3825//6506
f 3778//6507 3816//6507 3777//6507
f 3777//6508 3816//6508 3823//6508
f 3777//6509 3823//6509 3776//6509
f 3776//6510 3823//6510 3824//6510
f 3776//6511 3824//6511 3775//6511
f 3775//6512 3824//6512 3825//6512
f 3775//6513 3825//6513 3758//6513
f 3820//6514 3819//6514 3826//6514
f 3822//6515 3820//6515 3827//6515
f 3827//6516 3820//6516 3826//6516
f 3827//6517 3826//6517 3828//6517
f 3825//6518 3822//6518 3829//6518
f 3829//6519 3822//6519 3827//6519
f 3829//6520 3827//6520 3830//6520
f 3830//6521 3827//6521 3828//6521
f 3830//6522 3828//6522 3831//6522
f 3758//6523 3825//6523 3832//6523
f 3832//6524 3825//6524 3829//6524
f 3832//6525 3829//6525 3833//6525
f 3833//6526 3829//6526 3830//6526
f 3833//6527 3830//6527 3834//6527
f 3834//6528 3830//6528 3831//6528
f 3834//6529 3831//6529 3835//6529
f 3834//6530 3835//6530 3836//6530
f 3833//6531 3834//6531 3837//6531
f 3837//6532 3834//6532 3836//6532
f 3837//6533 3836//6533 3838//6533
f 3832//6534 3833//6534 3839//6534
f 3839//6535 3833//6535 3837//6535
f 3839//6536 3837//6536 3840//6536
f 3840//6537 3837//6537 3838//6537
f 3840//6538 3838//6538 3841//6538
f 3758//6539 3832//6539 3757//6539
f 3757//6540 3832//6540 3839//6540
f 3757//6541 3839//6541 3756//6541
f 3756//6542 3839//6542 3840//6542
f 3756//6543 3840//6543 3755//6543
f 3755//6544 3840//6544 3841//6544
f 3755//6545 3841//6545 3738//6545
f 3836//6546 3835//6546 3842//6546
f 3838//6547 3836//6547 3843//6547
f 3843//6548 3836//6548 3842//6548
f 3843//6549 3842//6549 3844//6549
f 3841//6550 3838//6550 3845//6550
f 3845//6551 3838//6551 3843//6551
f 3845//6552 3843//6552 3846//6552
f 3846//6553 3843//6553 3844//6553
f 3846//6554 3844//6554 3847//6554
f 3738//6555 3841//6555 3848//6555
f 3848//6556 3841//6556 3845//6556
f 3848//6557 3845//6557 3849//6557
f 3849//6558 3845//6558 3846//6558
f 3849//6559 3846//6559 3850//6559
f 3850//6560 3846//6560 3847//6560
f 3850//6561 3847//6561 3851//6561
f 3850//6562 3851//6562 3852//6562
f 3849//6563 3850//6563 3853//6563
f 3853//6564 3850//6564 3852//6564
f 3853//6565 3852//6565 3854//6565
f 3848//6566 3849//6566 3855//6566
f 3855//6567 3849//6567 3853//6567
f 3855//6568 3853//6568 3856//6568
f 3856//6569 3853//6569 3854//6569
f 3856//6570 3854//6570 3857//6570
f 3738//6571 3848//6571 3737//6571
f 3737//6572 3848//6572 3855//6572
f 3737//6573 3855//6573 3736//6573
f 3736//6574 3855//6574 3856//6574
f 3736//6575 3856//6575 3735//6575
f 3735//6576 3856//6576 3857//6576
f 3735//6577 3857//6577 3718//6577
f 3852//6578 3851//6578 3858//6578
f 3854//6579 3852//6579 3859//6579
f 3859//6580 3852//6580 3858//6580
f 3859//6581 3858//6581 3860//6581
f 3857//6582 3854//6582 3861//6582
f 3861//6583 3854//6583 3859//6583
f 3861//6584 3859//6584 3862//6584
f 3862//6585 3859//6585 3860//6585
f 3862//6586 3860//6586 3863//6586
f 3718//6587 3857//6587 3864//6587
f 3864//6588 3857//6588 3861//6588
f 3864//6589 3861//6589 3865//6589
f 3865//6590 3861//6590 3862//6590
f 3865//6591 3862//6591 3866//6591
f 3866//6592 3862//6592 3863//6592
f 3866//6593 3863//6593 3867//6593
f 3866//6594 3867//6594 3868//6594
f 3865//6595 3866//6595 3869//6595
f 3869//6596 3866//6596 3868//6596
f 3869//6597 3868//6597 3870//6597
f 3864//6598 3865//6598 3871//6598
f 3871//6599 3865//6599 3869//6599
f 3871//6600 3869//6600 3872//6600
f 3872//6601 3869//6601 3870//6601
f 3872//6602 3870//6602 3873//6602
f 3718//6603 3864//6603 3717//6603
f 3717//6604 3864//6604 3871//6604
f 3717//6605 3871//6605 3716//6605
f 3716//6606 3871//6606 3872//6606
f 3716//6607 3872//6607 3715//6607
f 3715//6608 3872//6608 3873//6608
f 3715//6609 3873//6609 3698//6609
f 3868//6610 3867//6610 3874//6610
f 3870//6611 3868//6611 3875//6611
f 3875//6612 3868//6612 3874//6612
f 3875//6613 3874//6613 3876//6613
f 3873//6614 3870//6614 3877//6614
f 3877//6615 3870//6615 3875//6615
f 3877//6616 3875//6616 3878//6616
f 3878//6617 3875//6617 3876//6617
f 3878//6618 3876//6618 3879//6618
f 3698//6619 3873//6619 3880//6619
f 3880//6620 3873//6620 3877//6620
f 3880//6621 3877//6621 3881//6621
f 3881//6622 3877//6622 3878//6622
f 3881//6623 3878//6623 3882//6623
f 3882//6624 3878//6624 3879//6624
f 3882//6625 3879//6625 3883//6625
f 3882//6626 3883//6626 3884//6626
f 3881//6627 3882//6627 3885//6627
f 3885//6628 3882//6628 3884//6628
f 3885//6629 3884//6629 3886//6629
f 3880//6630 3881//6630 3887//6630
f 3887//6631 3881//6631 3885//6631
f 3887//6632 3885//6632 3888//6632
f 3888//6633 3885//6633 3886//6633
f 3888//6634 3886//6634 3889//6634
f 3698//6635 3880//6635 3697//6635
f 3697//6636 3880//6636 3887//6636
f 3697//6637 3887//6637 3696//6637
f 3696//6638 3887//6638 3888//6638
f 3696//6639 3888//6639 3695//6639
f 3695//6640 3888//6640 3889//6640
f 3695//6641 3889//6641 3678//6641
f 3884//6642 3883//6642 3890//6642
f 3886//6643 3884//6643 3891//6643
f 3891//6644 3884//6644 3890//6644
f 3891//6645 3890//6645 3892//6645
f 3889//6646 3886//6646 3893//6646
f 3893//6647 3886//6647 3891//6647
f 3893//6648 3891//6648 3894//6648
f 3894//6649 3891//6649 3892//6649
f 3894//6650 3892//6650 3895//6650
f 3678//6651 3889//6651 3896//6651
f 3896//6652 3889//6652 3893//6652
f 3896//6653 3893//6653 3897//6653
f 3897//6654 3893//6654 3894//6654
f 3897//6655 3894//6655 3898//6655
f 3898//6656 3894//6656 3895//6656
f 3898//6657 3895//6657 3899//6657
f 3898//6658 3899//6658 3900//6658
f 3897//6659 3898//6659 3901//6659
f 3901//6660 3898//6660 3900//6660
f 3901//6661 3900//6661 3902//6661
f 3896//6662 3897//6662 3903//6662
f 3903//6663 3897//6663 3901//6663
f 3903//6664 3901//6664 3904//6664
f 3904//6665 3901//6665 3902//6665
f 3904//6666 3902//6666 3905//6666
f 3678//6667 3896//6667 3677//6667
f 3677//6668 3896//6668 3903//6668
f 3677//6669 3903//6669 3676//6669
f 3676//6670 3903//6670 3904//6670
f 3676//6671 3904//6671 3675//6671
f 3675//6672 3904//6672 3905//6672
f 3675//6673 3905//6673 3638//6673
f 3900//6674 3899//6674 3906//6674
f 3902//6675 3900//6675 3907//6675
f 3907//6676 3900//6676 3906//6676
f 3907//6677 3906//6677 3908//6677
f 3905//6678 3902//6678 3909//6678
f 3909//6679 3902//6679 3907//6679
f 3909//6680 3907//6680 3910//6680
f 3910//6681 3907//6681 3908//6681
f 3910//6682 3908//6682 3911//6682
f 3638//6683 3905//6683 3637//6683
f 3637//6684 3905//6684 3909//6684
f 3637//6685 3909//6685 3636//6685
f 3636//6686 3909//6686 3910//6686
f 3636//6687 3910//6687 3635//6687
f 3635//6688 3910//6688 3911//6688
f 3635//6689 3911//6689 3618//6689
f 3566//6690 3555//6690 3912//6690
f 3567//6691 3566//6691 3913//6691
f 3913//6692 3566//6692 3912//6692
f 3913//6693 3912//6693 3914//6693
f 3568//6694 3567//6694 3915//6694
f 3915//6695 3567//6695 3913//6695
f 3915//6696 3913//6696 3916//6696
f 3916//6697 3913//6697 3914//6697
f 3916//6698 3914//6698 3917//6698
f 3569//6699 3568//6699 3810//6699
f 3810//6700 3568//6700 3915//6700
f 3810//6701 3915//6701 3812//6701
f 3812//6702 3915//6702 3916//6702
f 3812//6703 3916//6703 3815//6703
f 3815//6704 3916//6704 3917//6704
f 3815//6705 3917//6705 3819//6705
f 3912//6706 3555//6706 3918//6706
f 3914//6707 3912//6707 3919//6707
f 3919//6708 3912//6708 3918//6708
f 3919//6709 3918//6709 3920//6709
f 3917//6710 3914//6710 3921//6710
f 3921//6711 3914//6711 3919//6711
f 3921//6712 3919//6712 3922//6712
f 3922//6713 3919//6713 3920//6713
f 3922//6714 3920//6714 3923//6714
f 3819//6715 3917//6715 3924//6715
f 3924//6716 3917//6716 3921//6716
f 3924//6717 3921//6717 3925//6717
f 3925//6718 3921//6718 3922//6718
f 3925//6719 3922//6719 3926//6719
f 3926//6720 3922//6720 3923//6720
f 3926//6721 3923//6721 3927//6721
f 3926//6722 3927//6722 3928//6722
f 3925//6723 3926//6723 3929//6723
f 3929//6724 3926//6724 3928//6724
f 3929//6725 3928//6725 3930//6725
f 3924//6726 3925//6726 3931//6726
f 3931//6727 3925//6727 3929//6727
f 3931//6728 3929//6728 3932//6728
f 3932//6729 3929//6729 3930//6729
f 3932//6730 3930//6730 3933//6730
f 3819//6731 3924//6731 3826//6731
f 3826//6732 3924//6732 3931//6732
f 3826//6733 3931//6733 3828//6733
f 3828//6734 3931//6734 3932//6734
f 3828//6735 3932//6735 3831//6735
f 3831//6736 3932//6736 3933//6736
f 3831//6737 3933//6737 3835//6737
f 3928//6738 3927//6738 3934//6738
f 3930//6739 3928//6739 3935//6739
f 3935//6740 3928//6740 3934//6740
f 3935//6741 3934//6741 3936//6741
f 3933//6742 3930//6742 3937//6742
f 3937//6743 3930//6743 3935//6743
f 3937//6744 3935//6744 3938//6744
f 3938//6745 3935//6745 3936//6745
f 3938//6746 3936//6746 3939//6746
f 3835//6747 3933//6747 3940//6747
f 3940//6748 3933//6748 3937//6748
f 3940//6749 3937//6749 3941//6749
f 3941//6750 3937//6750 3938//6750
f 3941//6751 3938//6751 3942//6751
f 3942//6752 3938//6752 3939//6752
f 3942//6753 3939//6753 3943//6753
f 3942//6754 3943//6754 3944//6754
f 3941//6755 3942//6755 3945//6755
f 3945//6756 3942//6756 3944//6756
f 3945//6757 3944//6757 3946//6757
f 3940//6758 3941//6758 3947//6758
f 3947//6759 3941//6759 3945//6759
f 3947//6760 3945//6760 3948//6760
f 3948//6761 3945//6761 3946//6761
f 3948//6762 3946//6762 3949//6762
f 3835//6763 3940//6763 3842//6763
f 3842//6764 3940//6764 3947//6764
f 3842//6765 3947//6765 3844//6765
f 3844//6766 3947//6766 3948//6766
f 3844//6767 3948//6767 3847//6767
f 3847//6768 3948//6768 3949//6768
f 3847//6769 3949//6769 3851//6769
f 3944//6770 3943//6770 3950//6770
f 3946//6771 3944//6771 3951//6771
f 3951//6772 3944//6772 3950//6772
f 3951//6773 3950//6773 3952//6773
f 3949//6774 3946//6774 3953//6774
f 3953//6775 3946//6775 3951//6775
f 3953//6776 3951//6776 3954//6776
f 3954//6777 3951//6777 3952//6777
f 3954//6778 3952//6778 3955//6778
f 3851//6779 3949//6779 3956//6779
f 3956//6780 3949//6780 3953//6780
f 3956//6781 3953//6781 3957//6781
f 3957//6782 3953//6782 3954//6782
f 3957//6783 3954//6783 3958//6783
f 3958//6784 3954//6784 3955//6784
f 3958//6785 3955//6785 3959//6785
f 3958//6786 3959//6786 3960//6786
f 3957//6787 3958//6787 3961//6787
f 3961//6788 3958//6788 3960//6788
f 3961//6789 3960//6789 3962//6789
f 3956//6790 3957//6790 3963//6790
f 3963//6791 3957//6791 3961//6791
f 3963//6792 3961//6792 3964//6792
f 3964//6793 3961//6793 3962//6793
f 3964//6794 3962//6794 3965//6794
f 3851//6795 3956//6795 3858//6795
f 3858//6796 3956//6796 3963//6796
f 3858//6797 3963//6797 3860//6797
f 3860//6798 3963//6798 3964//6798
f 3860//6799 3964//6799 3863//6799
f 3863//6800 3964//6800 3965//6800
f 3863//6801 3965//6801 3867//6801
f 3960//6802 3959//6802 3966//6802
f 3962//6803 3960//6803 3967//6803
f 3967//6804 3960//6804 3966//6804
f 3967//6805 3966//6805 3968//6805
f 3965//6806 3962//6806 3969//6806
f 3969//6807 3962//6807 3967//6807
f 3969//6808 3967//6808 3970//6808
f 3970//6809 3967//6809 3968//6809
f 3970//6810 3968//6810 3971//6810
f 3867//6811 3965//6811 3972//6811
f 3972//6812 3965//6812 3969//6812
f 3972//6813 3969//6813 3973//6813
f 3973//6814 3969//6814 3970//6814
f 3973//6815 3970//6815 3974//6815
f 3974//6816 3970//6816 3971//6816
f 3974//6817 3971//6817 3975//6817
f 3974//6818 3975//6818 3976//6818
f 3973//6819 3974//6819 3977//6819
f 3977//6820 3974//6820 3976//6820
f 3977//6821 3976//6821 3978//6821
f 3972//6822 3973//6822 3979//6822
f 3979//6823 3973//6823 3977//6823
f 3979//6824 3977//6824 3980//6824
f 3980//6825 3977//6825 3978//6825
f 3980//6826 3978//6826 3981//6826
f 3867//6827 3972//6827 3874//6827
f 3874//6828 3972//6828 3979//6828
f 3874//6829 3979//6829 3876//6829
f 3876//6830 3979//6830 3980//6830
f 3876//6831 3980//6831 3879//6831
f 3879//6832 3980//6832 3981//6832
f 3879//6833 3981//6833 3883//6833
f 3976//6834 3975//6834 3982//6834
f 3978//6835 3976//6835 3983//6835
f 3983//6836 3976//6836 3982//6836
f 3983//6837 3982//6837 3984//6837
f 3981//6838 3978//6838 3985//6838
f 3985//6839 3978//6839 3983//6839
f 3985//6840 3983//6840 3986//6840
f 3986//6841 3983//6841 3984//6841
f 3986//6842 3984//6842 3987//6842
f 3883//6843 3981//6843 3988//6843
f 3988//6844 3981//6844 3985//6844
f 3988//6845 3985//6845 3989//6845
f 3989//6846 3985//6846 3986//6846
f 3989//6847 3986//6847 3990//6847
f 3990//6848 3986//6848 3987//6848
f 3990//6849 3987//6849 3991//6849
f 3990//6850 3991//6850 3992//6850
f 3989//6851 3990//6851 3993//6851
f 3993//6852 3990//6852 3992//6852
f 3993//6853 3992//6853 3994//6853
f 3988//6854 3989//6854 3995//6854
f 3995//6855 3989//6855 3993//6855
f 3995//6856 3993//6856 3996//6856
f 3996//6857 3993//6857 3994//6857
f 3996//6858 3994//6858 3997//6858
f 3883//6859 3988//6859 3890//6859
f 3890//6860 3988//6860 3995//6860
f 3890//6861 3995//6861 3892//6861
f 3892//6862 3995//6862 3996//6862
f 3892//6863 3996//6863 3895//6863
f 3895//6864 3996//6864 3997//6864
f 3895//6865 3997//6865 3899//6865
f 3992//6866 3991//6866 3998//6866
f 3994//6867 3992//6867 3999//6867
f 3999//6868 3992//6868 3998//6868
f 3999//6869 3998//6869 4000//6869
f 3997//6870 3994//6870 4001//6870
f 4001//6871 3994//6871 3999//6871
f 4001//6872 3999//6872 4002//6872
f 4002//6873 3999//6873 4000//6873
f 4002//6874 4000//6874 4003//6874
f 3899//6875 3997//6875 4004//6875
f 4004//6876 3997//6876 4001//6876
f 4004//6877 4001//6877 4005//6877
f 4005//6878 4001//6878 4002//6878
f 4005//6879 4002//6879 4006//6879
f 4006//6880 4002//6880 4003//6880
f 4006//6881 4003//6881 4007//6881
f 4006//6882 4007//6882 4008//6882
f 4005//6883 4006//6883 4009//6883
f 4009//6884 4006//6884 4008//6884
f 4009//6885 4008//6885 4010//6885
f 4004//6886 4005//6886 4011//6886
f 4011//6887 4005//6887 4009//6887
f 4011//6888 4009//6888 4012//6888
f 4012//6889 4009//6889 4010//6889
f 4012//6890 4010//6890 4013//6890
f 3899//6891 4004//6891 3906//6891
f 3906//6892 4004//6892 4011//6892
f 3906//6893 4011//6893 3908//6893
f 3908//6894 4011//6894 4012//6894
f 3908//6895 4012//6895 3911//6895
f 3911//6896 4012//6896 4013//6896
f 3911//6897 4013//6897 3618//6897
f 4008//6898 4007//6898 4014//6898
f 4010//6899 4008//6899 4015//6899
f 4015//6900 4008//6900 4014//6900
f 4015//6901 4014//6901 4016//6901
f 4013//6902 4010//6902 4017//6902
f 4017//6903 4010//6903 4015//6903
f 4017//6904 4015//6904 4018//6904
f 4018//6905 4015//6905 4016//6905
f 4018//6906 4016//6906 4019//6906
f 3618//6907 4013//6907 3617//6907
f 3617//6908 4013//6908 4017//6908
f 3617//6909 4017//6909 3616//6909
f 3616//6910 4017//6910 4018//6910
f 3616//6911 4018//6911 3615//6911
f 3615//6912 4018//6912 4019//6912
f 3615//6913 4019//6913 3598//6913
f 3561//6914 3562//6914 4020//6914
f 3559//6915 3561//6915 4021//6915
f 4021//6916 3561//6916 4020//6916
f 4021//6917 4020//6917 4022//6917
f 3557//6918 3559//6918 4023//6918
f 4023//6919 3559//6919 4021//6919
f 4023//6920 4021//6920 4024//6920
f 4024//6921 4021//6921 4022//6921
f 4024//6922 4022//6922 4025//6922
f 3555//6923 3557//6923 3918//6923
f 3918//6924 3557//6924 4023//6924
f 3918//6925 4023//6925 3920//6925
f 3920//6926 4023//6926 4024//6926
f 3920//6927 4024//6927 3923//6927
f 3923//6928 4024//6928 4025//6928
f 3923//6929 4025//6929 3927//6929
f 4020//6930 3562//6930 4026//6930
f 4022//6931 4020//6931 4027//6931
f 4027//6932 4020//6932 4026//6932
f 4027//6933 4026//6933 4028//6933
f 4025//6934 4022//6934 4029//6934
f 4029//6935 4022//6935 4027//6935
f 4029//6936 4027//6936 4030//6936
f 4030//6937 4027//6937 4028//6937
f 4030//6938 4028//6938 4031//6938
f 3927//6939 4025//6939 4032//6939
f 4032//6940 4025//6940 4029//6940
f 4032//6941 4029//6941 4033//6941
f 4033//6942 4029//6942 4030//6942
f 4033//6943 4030//6943 4034//6943
f 4034//6944 4030//6944 4031//6944
f 4034//6945 4031//6945 4035//6945
f 4034//6946 4035//6946 4036//6946
f 4033//6947 4034//6947 4037//6947
f 4037//6948 4034//6948 4036//6948
f 4037//6949 4036//6949 4038//6949
f 4032//6950 4033//6950 4039//6950
f 4039//6951 4033//6951 4037//6951
f 4039//6952 4037//6952 4040//6952
f 4040//6953 4037//6953 4038//6953
f 4040//6954 4038//6954 4041//6954
f 3927//6955 4032//6955 3934//6955
f 3934//6956 4032//6956 4039//6956
f 3934//6957 4039//6957 3936//6957
f 3936//6958 4039//6958 4040//6958
f 3936//6959 4040//6959 3939//6959
f 3939//6960 4040//6960 4041//6960
f 3939//6961 4041//6961 3943//6961
f 4036//6962 4035//6962 4042//6962
f 4038//6963 4036//6963 4043//6963
f 4043//6964 4036//6964 4042//6964
f 4043//6965 4042//6965 4044//6965
f 4041//6966 4038//6966 4045//6966
f 4045//6967 4038//6967 4043//6967
f 4045//6968 4043//6968 4046//6968
f 4046//6969 4043//6969 4044//6969
f 4046//6970 4044//6970 4047//6970
f 3943//6971 4041//6971 4048//6971
f 4048//6972 4041//6972 4045//6972
f 4048//6973 4045//6973 4049//6973
f 4049//6974 4045//6974 4046//6974
f 4049//6975 4046//6975 4050//6975
f 4050//6976 4046//6976 4047//6976
f 4050//6977 4047//6977 4051//6977
f 4050//6978 4051//6978 4052//6978
f 4049//6979 4050//6979 4053//6979
f 4053//6980 4050//6980 4052//6980
f 4053//6981 4052//6981 4054//6981
f 4048//6982 4049//6982 4055//6982
f 4055//6983 4049//6983 4053//6983
f 4055//6984 4053//6984 4056//6984
f 4056//6985 4053//6985 4054//6985
f 4056//6986 4054//6986 4057//6986
f 3943//6987 4048//6987 3950//6987
f 3950//6988 4048//6988 4055//6988
f 3950//6989 4055//6989 3952//6989
f 3952//6990 4055//6990 4056//6990
f 3952//6991 4056//6991 3955//6991
f 3955//6992 4056//6992 4057//6992
f 3955//6993 4057//6993 3959//6993
f 4052//6994 4051//6994 4058//6994
f 4054//6995 4052//6995 4059//6995
f 4059//6996 4052//6996 4058//6996
f 4059//6997 4058//6997 4060//6997
f 4057//6998 4054//6998 4061//6998
f 4061//6999 4054//6999 4059//6999
f 4061//7000 4059//7000 4062//7000
f 4062//7001 4059//7001 4060//7001
f 4062//7002 4060//7002 4063//7002
f 3959//7003 4057//7003 4064//7003
f 4064//7004 4057//7004 4061//7004
f 4064//7005 4061//7005 4065//7005
f 4065//7006 4061//7006 4062//7006
f 4065//7007 4062//7007 4066//7007
f 4066//7008 4062//7008 4063//7008
f 4066//7009 4063//7009 4067//7009
f 4066//7010 4067//7010 4068//7010
f 4065//7011 4066//7011 4069//7011
f 4069//7012 4066//7012 4068//7012
f 4069//7013 4068//7013 4070//7013
f 4064//7014 4065//7014 4071//7014
f 4071//7015 4065//7015 4069//7015
f 4071//7016 4069//7016 4072//7016
f 4072//7017 4069//7017 4070//7017
f 4072//7018 4070//7018 4073//7018
f 3959//7019 4064//7019 3966//7019
f 3966//7020 4064//7020 4071//7020
f 3966//7021 4071//7021 3968//7021
f 3968//7022 4071//7022 4072//7022
f 3968//7023 4072//7023 3971//7023
f 3971//7024 4072//7024 4073//7024
f 3971//7025 4073//7025 3975//7025
f 4068//7026 4067//7026 4074//7026
f 4070//7027 4068//7027 4075//7027
f 4075//7028 4068//7028 4074//7028
f 4075//7029 4074//7029 4076//7029
f 4073//7030 4070//7030 4077//7030
f 4077//7031 4070//7031 4075//7031
f 4077//7032 4075//7032 4078//7032
f 4078//7033 4075//7033 4076//7033
f 4078//7034 4076//7034 4079//7034
f 3975//7035 4073//7035 4080//7035
f 4080//7036 4073//7036 4077//7036
f 4080//7037 4077//7037 4081//7037
f 4081//7038 4077//7038 4078//7038
f 4081//7039 4078//7039 4082//7039
f 4082//7040 4078//7040 4079//7040
f 4082//7041 4079//7041 4083//7041
f 4082//7042 4083//7042 4084//7042
f 4081//7043 4082//7043 4085//7043
f 4085//7044 4082//7044 4084//7044
f 4085//7045 4084//7045 4086//7045
f 4080//7046 4081//7046 4087//7046
f 4087//7047 4081//7047 4085//7047
f 4087//7048 4085//7048 4088//7048
f 4088//7049 4085//7049 4086//7049
f 4088//7050 4086//7050 4089//7050
f 3975//7051 4080//7051 3982//7051
f 3982//7052 4080//7052 4087//7052
f 3982//7053 4087//7053 3984//7053
f 3984//7054 4087//7054 4088//7054
f 3984//7055 4088//7055 3987//7055
f 3987//7056 4088//7056 4089//7056
f 3987//7057 4089//7057 3991//7057
f 4084//7058 4083//7058 4090//7058
f 4086//7059 4084//7059 4091//7059
f 4091//7060 4084//7060 4090//7060
f 4091//7061 4090//7061 4092//7061
f 4089//7062 4086//7062 4093//7062
f 4093//7063 4086//7063 4091//7063
f 4093//7064 4091//7064 4094//7064
f 4094//7065 4091//7065 4092//7065
f 4094//7066 4092//7066 4095//7066
f 3991//7067 4089//7067 4096//7067
f 4096//7068 4089//7068 4093//7068
f 4096//7069 4093//7069 4097//7069
f 4097//7070 4093//7070 4094//7070
f 4097//7071 4094//7071 4098//7071
f 4098//7072 4094//7072 4095//7072
f 4098//7073 4095//7073 4099//7073
f 4098//7074 4099//7074 4100//7074
f 4097//7075 4098//7075 4101//7075
f 4101//7076 4098//7076 4100//7076
f 4101//7077 4100//7077 4102//7077
f 4096//7078 4097//7078 4103//7078
f 4103//7079 4097//7079 4101//7079
f 4103//7080 4101//7080 4104//7080
f 4104//7081 4101//7081 4102//7081
f 4104//7082 4102//7082 4105//7082
f 3991//7083 4096//7083 3998//7083
f 3998//7084 4096//7084 4103//7084
f 3998//7085 4103//7085 4000//7085
f 4000//7086 4103//7086 4104//7086
f 4000//7087 4104//7087 4003//7087
f 4003//7088 4104//7088 4105//7088
f 4003//7089 4105//7089 4007//7089
f 4100//7090 4099//7090 4106//7090
f 4102//7091 4100//7091 4107//7091
f 4107//7092 4100//7092 4106//7092
f 4107//7093 4106//7093 4108//7093
f 4105//7094 4102//7094 4109//7094
f 4109//7095 4102//7095 4107//7095
f 4109//7096 4107//7096 4110//7096
f 4110//7097 4107//7097 4108//7097
f 4110//7098 4108//7098 4111//7098
f 4007//7099 4105//7099 4112//7099
f 4112//7100 4105//7100 4109//7100
f 4112//7101 4109//7101 4113//7101
f 4113//7102 4109//7102 4110//7102
f 4113//7103 4110//7103 4114//7103
f 4114//7104 4110//7104 4111//7104
f 4114//7105 4111//7105 3594//7105
f 4114//7106 3594//7106 3595//7106
f 4113//7107 4114//7107 4115//7107
f 4115//7108 4114//7108 3595//7108
f 4115//7109 3595//7109 3596//7109
f 4112//7110 4113//7110 4116//7110
f 4116//7111 4113//7111 4115//7111
f 4116//7112 4115//7112 4117//7112
f 4117//7113 4115//7113 3596//7113
f 4117//7114 3596//7114 3597//7114
f 4007//7115 4112//7115 4014//7115
f 4014//7116 4112//7116 4116//7116
f 4014//7117 4116//7117 4016//7117
f 4016//7118 4116//7118 4117//7118
f 4016//7119 4117//7119 4019//7119
f 4019//7120 4117//7120 3597//7120
f 4019//7121 3597//7121 3598//7121
f 4118//7122 4119//7122 4120//7122
f 4119//7123 4121//7123 4120//7123
f 4120//7124 4121//7124 4122//7124
f 4121//7125 4123//7125 4122//7125
f 4122//7126 4123//7126 4124//7126
f 4123//7127 3585//7127 4124//7127
f 4124//7128 3585//7128 4125//7128
f 3585//7129 4123//7129 3599//7129
f 4123//7130 4121//7130 3599//7130
f 3599//7131 4121//7131 3601//7131
f 4121//7132 4119//7132 3601//7132
f 3601//7133 4119//7133 3604//7133
f 4119//7134 4118//7134 3604//7134
f 3604//7135 4118//7135 3608//7135
f 3628//7136 3624//7136 4126//7136
f 3624//7137 3621//7137 4126//7137
f 4126//7138 3621//7138 4127//7138
f 3621//7139 3619//7139 4127//7139
f 4127//7140 3619//7140 4128//7140
f 3619//7141 3608//7141 4128//7141
f 4128//7142 3608//7142 4118//7142
f 4118//7143 4129//7143 4128//7143
f 4129//7144 4130//7144 4128//7144
f 4128//7145 4130//7145 4127//7145
f 4130//7146 4131//7146 4127//7146
f 4127//7147 4131//7147 4126//7147
f 4131//7148 4132//7148 4126//7148
f 4126//7149 4132//7149 3628//7149
f 3648//7150 3644//7150 4133//7150
f 3644//7151 3641//7151 4133//7151
f 4133//7152 3641//7152 4134//7152
f 3641//7153 3639//7153 4134//7153
f 4134//7154 3639//7154 4135//7154
f 3639//7155 3628//7155 4135//7155
f 4135//7156 3628//7156 4132//7156
f 4132//7157 4136//7157 4135//7157
f 4136//7158 4137//7158 4135//7158
f 4135//7159 4137//7159 4134//7159
f 4137//7160 4138//7160 4134//7160
f 4134//7161 4138//7161 4133//7161
f 4138//7162 4139//7162 4133//7162
f 4133//7163 4139//7163 3648//7163
f 4140//7164 4141//7164 4142//7164
f 4141//7165 4143//7165 4142//7165
f 4142//7166 4143//7166 4144//7166
f 4143//7167 4145//7167 4144//7167
f 4144//7168 4145//7168 4146//7168
f 4145//7169 3648//7169 4146//7169
f 4146//7170 3648//7170 4139//7170
f 3648//7171 4145//7171 3659//7171
f 4145//7172 4143//7172 3659//7172
f 3659//7173 4143//7173 3661//7173
f 4143//7174 4141//7174 3661//7174
f 3661//7175 4141//7175 3664//7175
f 4141//7176 4140//7176 3664//7176
f 3664//7177 4140//7177 3668//7177
f 4147//7178 4148//7178 4149//7178
f 4150//7179 4147//7179 4151//7179
f 4151//7180 4147//7180 4149//7180
f 4151//7181 4149//7181 4152//7181
f 4153//7182 4150//7182 4154//7182
f 4154//7183 4150//7183 4151//7183
f 4154//7184 4151//7184 4155//7184
f 4155//7185 4151//7185 4152//7185
f 4155//7186 4152//7186 4156//7186
f 4157//7187 4153//7187 4158//7187
f 4158//7188 4153//7188 4154//7188
f 4158//7189 4154//7189 4159//7189
f 4159//7190 4154//7190 4155//7190
f 4159//7191 4155//7191 4160//7191
f 4160//7192 4155//7192 4156//7192
f 4160//7193 4156//7193 4161//7193
f 4149//7194 4148//7194 4162//7194
f 4152//7195 4149//7195 4163//7195
f 4163//7196 4149//7196 4162//7196
f 4163//7197 4162//7197 4164//7197
f 4156//7198 4152//7198 4165//7198
f 4165//7199 4152//7199 4163//7199
f 4165//7200 4163//7200 4166//7200
f 4166//7201 4163//7201 4164//7201
f 4166//7202 4164//7202 4167//7202
f 4161//7203 4156//7203 4168//7203
f 4168//7204 4156//7204 4165//7204
f 4168//7205 4165//7205 4169//7205
f 4169//7206 4165//7206 4166//7206
f 4169//7207 4166//7207 4170//7207
f 4170//7208 4166//7208 4167//7208
f 4170//7209 4167//7209 4171//7209
f 4170//7210 4171//7210 4172//7210
f 4169//7211 4170//7211 4173//7211
f 4173//7212 4170//7212 4172//7212
f 4173//7213 4172//7213 4174//7213
f 4168//7214 4169//7214 4175//7214
f 4175//7215 4169//7215 4173//7215
f 4175//7216 4173//7216 4176//7216
f 4176//7217 4173//7217 4174//7217
f 4176//7218 4174//7218 4177//7218
f 4161//7219 4168//7219 4178//7219
f 4178//7220 4168//7220 4175//7220
f 4178//7221 4175//7221 4179//7221
f 4179//7222 4175//7222 4176//7222
f 4179//7223 4176//7223 4180//7223
f 4180//7224 4176//7224 4177//7224
f 4180//7225 4177//7225 4181//7225
f 4172//7226 4171//7226 4182//7226
f 4174//7227 4172//7227 4183//7227
f 4183//7228 4172//7228 4182//7228
f 4183//7229 4182//7229 4184//7229
f 4177//7230 4174//7230 4185//7230
f 4185//7231 4174//7231 4183//7231
f 4185//7232 4183//7232 4186//7232
f 4186//7233 4183//7233 4184//7233
f 4186//7234 4184//7234 4187//7234
f 4181//7235 4177//7235 4188//7235
f 4188//7236 4177//7236 4185//7236
f 4188//7237 4185//7237 4189//7237
f 4189//7238 4185//7238 4186//7238
f 4189//7239 4186//7239 4190//7239
f 4190//7240 4186//7240 4187//7240
f 4190//7241 4187//7241 4191//7241
f 4190//7242 4191//7242 4192//7242
f 4189//7243 4190//7243 4193//7243
f 4193//7244 4190//7244 4192//7244
f 4193//7245 4192//7245 4194//7245
f 4188//7246 4189//7246 4195//7246
f 4195//7247 4189//7247 4193//7247
f 4195//7248 4193//7248 4196//7248
f 4196//7249 4193//7249 4194//7249
f 4196//7250 4194//7250 4197//7250
f 4181//7251 4188//7251 4198//7251
f 4198//7252 4188//7252 4195//7252
f 4198//7253 4195//7253 4199//7253
f 4199//7254 4195//7254 4196//7254
f 4199//7255 4196//7255 4200//7255
f 4200//7256 4196//7256 4197//7256
f 4200//7257 4197//7257 4201//7257
f 4192//7258 4191//7258 4202//7258
f 4194//7259 4192//7259 4203//7259
f 4203//7260 4192//7260 4202//7260
f 4203//7261 4202//7261 4204//7261
f 4197//7262 4194//7262 4205//7262
f 4205//7263 4194//7263 4203//7263
f 4205//7264 4203//7264 4206//7264
f 4206//7265 4203//7265 4204//7265
f 4206//7266 4204//7266 4207//7266
f 4201//7267 4197//7267 4208//7267
f 4208//7268 4197//7268 4205//7268
f 4208//7269 4205//7269 4209//7269
f 4209//7270 4205//7270 4206//7270
f 4209//7271 4206//7271 4210//7271
f 4210//7272 4206//7272 4207//7272
f 4210//7273 4207//7273 4211//7273
f 4210//7274 4211//7274 4212//7274
f 4209//7275 4210//7275 4213//7275
f 4213//7276 4210//7276 4212//7276
f 4213//7277 4212//7277 4214//7277
f 4208//7278 4209//7278 4215//7278
f 4215//7279 4209//7279 4213//7279
f 4215//7280 4213//7280 4216//7280
f 4216//7281 4213//7281 4214//7281
f 4216//7282 4214//7282 4217//7282
f 4201//7283 4208//7283 4218//7283
f 4218//7284 4208//7284 4215//7284
f 4218//7285 4215//7285 4219//7285
f 4219//7286 4215//7286 4216//7286
f 4219//7287 4216//7287 4220//7287
f 4220//7288 4216//7288 4217//7288
f 4220//7289 4217//7289 4221//7289
f 4212//7290 4211//7290 4222//7290
f 4214//7291 4212//7291 4223//7291
f 4223//7292 4212//7292 4222//7292
f 4223//7293 4222//7293 4224//7293
f 4217//7294 4214//7294 4225//7294
f 4225//7295 4214//7295 4223//7295
f 4225//7296 4223//7296 4226//7296
f 4226//7297 4223//7297 4224//7297
f 4226//7298 4224//7298 4227//7298
f 4221//7299 4217//7299 4228//7299
f 4228//7300 4217//7300 4225//7300
f 4228//7301 4225//7301 4229//7301
f 4229//7302 4225//7302 4226//7302
f 4229//7303 4226//7303 4230//7303
f 4230//7304 4226//7304 4227//7304
f 4230//7305 4227//7305 4231//7305
f 4220//7306 4221//7306 4232//7306
f 4219//7307 4220//7307 4233//7307
f 4233//7308 4220//7308 4232//7308
f 4233//7309 4232//7309 4234//7309
f 4218//7310 4219//7310 4235//7310
f 4235//7311 4219//7311 4233//7311
f 4235//7312 4233//7312 4236//7312
f 4236//7313 4233//7313 4234//7313
f 4236//7314 4234//7314 4237//7314
f 4201//7315 4218//7315 4238//7315
f 4238//7316 4218//7316 4235//7316
f 4238//7317 4235//7317 4239//7317
f 4239//7318 4235//7318 4236//7318
f 4239//7319 4236//7319 4240//7319
f 4240//7320 4236//7320 4237//7320
f 4240//7321 4237//7321 4241//7321
f 4232//7322 4221//7322 4242//7322
f 4234//7323 4232//7323 4243//7323
f 4243//7324 4232//7324 4242//7324
f 4243//7325 4242//7325 4244//7325
f 4237//7326 4234//7326 4245//7326
f 4245//7327 4234//7327 4243//7327
f 4245//7328 4243//7328 4246//7328
f 4246//7329 4243//7329 4244//7329
f 4246//7330 4244//7330 4247//7330
f 4241//7331 4237//7331 4248//7331
f 4248//7332 4237//7332 4245//7332
f 4248//7333 4245//7333 4249//7333
f 4249//7334 4245//7334 4246//7334
f 4249//7335 4246//7335 4250//7335
f 4250//7336 4246//7336 4247//7336
f 4250//7337 4247//7337 4251//7337
f 4250//7338 4251//7338 4252//7338
f 4249//7339 4250//7339 4253//7339
f 4253//7340 4250//7340 4252//7340
f 4253//7341 4252//7341 4254//7341
f 4248//7342 4249//7342 4255//7342
f 4255//7343 4249//7343 4253//7343
f 4255//7344 4253//7344 4256//7344
f 4256//7345 4253//7345 4254//7345
f 4256//7346 4254//7346 4257//7346
f 4241//7347 4248//7347 4258//7347
f 4258//7348 4248//7348 4255//7348
f 4258//7349 4255//7349 4259//7349
f 4259//7350 4255//7350 4256//7350
f 4259//7351 4256//7351 4260//7351
f 4260//7352 4256//7352 4257//7352
f 4260//7353 4257//7353 4261//7353
f 4252//7354 4251//7354 4262//7354
f 4254//7355 4252//7355 4263//7355
f 4263//7356 4252//7356 4262//7356
f 4263//7357 4262//7357 4264//7357
f 4257//7358 4254//7358 4265//7358
f 4265//7359 4254//7359 4263//7359
f 4265//7360 4263//7360 4266//7360
f 4266//7361 4263//7361 4264//7361
f 4266//7362 4264//7362 4267//7362
f 4261//7363 4257//7363 4268//7363
f 4268//7364 4257//7364 4265//7364
f 4268//7365 4265//7365 4269//7365
f 4269//7366 4265//7366 4266//7366
f 4269//7367 4266//7367 4270//7367
f 4270//7368 4266//7368 4267//7368
f 4270//7369 4267//7369 4271//7369
f 4270//7370 4271//7370 4272//7370
f 4269//7371 4270//7371 4273//7371
f 4273//7372 4270//7372 4272//7372
f 4273//7373 4272//7373 4274//7373
f 4268//7374 4269//7374 4275//7374
f 4275//7375 4269//7375 4273//7375
f 4275//7376 4273//7376 4276//7376
f 4276//7377 4273//7377 4274//7377
f 4276//7378 4274//7378 4277//7378
f 4261//7379 4268//7379 4278//7379
f 4278//7380 4268//7380 4275//7380
f 4278//7381 4275//7381 4279//7381
f 4279//7382 4275//7382 4276//7382
f 4279//7383 4276//7383 4280//7383
f 4280//7384 4276//7384 4277//7384
f 4280//7385 4277//7385 4281//7385
f 4272//7386 4271//7386 4282//7386
f 4274//7387 4272//7387 4283//7387
f 4283//7388 4272//7388 4282//7388
f 4283//7389 4282//7389 4284//7389
f 4277//7390 4274//7390 4285//7390
f 4285//7391 4274//7391 4283//7391
f 4285//7392 4283//7392 4286//7392
f 4286//7393 4283//7393 4284//7393
f 4286//7394 4284//7394 4287//7394
f 4281//7395 4277//7395 4288//7395
f 4288//7396 4277//7396 4285//7396
f 4288//7397 4285//7397 4289//7397
f 4289//7398 4285//7398 4286//7398
f 4289//7399 4286//7399 4290//7399
f 4290//7400 4286//7400 4287//7400
f 4290//7401 4287//7401 4291//7401
f 4290//7402 4291//7402 4292//7402
f 4289//7403 4290//7403 4293//7403
f 4293//7404 4290//7404 4292//7404
f 4293//7405 4292//7405 4294//7405
f 4288//7406 4289//7406 4295//7406
f 4295//7407 4289//7407 4293//7407
f 4295//7408 4293//7408 4296//7408
f 4296//7409 4293//7409 4294//7409
f 4296//7410 4294//7410 4297//7410
f 4281//7411 4288//7411 4298//7411
f 4298//7412 4288//7412 4295//7412
f 4298//7413 4295//7413 4299//7413
f 4299//7414 4295//7414 4296//7414
f 4299//7415 4296//7415 4300//7415
f 4300//7416 4296//7416 4297//7416
f 4300//7417 4297//7417 4301//7417
f 4292//7418 4291//7418 4302//7418
f 4294//7419 4292//7419 4303//7419
f 4303//7420 4292//7420 4302//7420
f 4303//7421 4302//7421 4304//7421
f 4297//7422 4294//7422 4305//7422
f 4305//7423 4294//7423 4303//7423
f 4305//7424 4303//7424 4306//7424
f 4306//7425 4303//7425 4304//7425
f 4306//7426 4304//7426 4307//7426
f 4301//7427 4297//7427 4308//7427
f 4308//7428 4297//7428 4305//7428
f 4308//7429 4305//7429 4309//7429
f 4309//7430 4305//7430 4306//7430
f 4309//7431 4306//7431 4310//7431
f 4310//7432 4306//7432 4307//7432
f 4310//7433 4307//7433 4311//7433
f 4310//7434 4311//7434 4312//7434
f 4309//7435 4310//7435 4313//7435
f 4313//7436 4310//7436 4312//7436
f 4313//7437 4312//7437 4314//7437
f 4308//7438 4309//7438 4315//7438
f 4315//7439 4309//7439 4313//7439
f 4315//7440 4313//7440 4316//7440
f 4316//7441 4313//7441 4314//7441
f 4316//7442 4314//7442 4317//7442
f 4301//7443 4308//7443 4318//7443
f 4318//7444 4308//7444 4315//7444
f 4318//7445 4315//7445 4319//7445
f 4319//7446 4315//7446 4316//7446
f 4319//7447 4316//7447 4320//7447
f 4320//7448 4316//7448 4317//7448
f 4320//7449 4317//7449 4321//7449
f 4312//7450 4311//7450 4322//7450
f 4314//7451 4312//7451 4323//7451
f 4323//7452 4312//7452 4322//7452
f 4323//7453 4322//7453 4324//7453
f 4317//7454 4314//7454 4325//7454
f 4325//7455 4314//7455 4323//7455
f 4325//7456 4323//7456 4326//7456
f 4326//7457 4323//7457 4324//7457
f 4326//7458 4324//7458 4327//7458
f 4321//7459 4317//7459 4328//7459
f 4328//7460 4317//7460 4325//7460
f 4328//7461 4325//7461 4329//7461
f 4329//7462 4325//7462 4326//7462
f 4329//7463 4326//7463 4330//7463
f 4330//7464 4326//7464 4327//7464
f 4330//7465 4327//7465 4331//7465
f 4330//7466 4331//7466 4332//7466
f 4329//7467 4330//7467 4333//7467
f 4333//7468 4330//7468 4332//7468
f 4333//7469 4332//7469 4334//7469
f 4328//7470 4329//7470 4335//7470
f 4335//7471 4329//7471 4333//7471
f 4335//7472 4333//7472 4336//7472
f 4336//7473 4333//7473 4334//7473
f 4336//7474 4334//7474 4337//7474
f 4321//7475 4328//7475 4338//7475
f 4338//7476 4328//7476 4335//7476
f 4338//7477 4335//7477 4339//7477
f 4339//7478 4335//7478 4336//7478
f 4339//7479 4336//7479 4340//7479
f 4340//7480 4336//7480 4337//7480
f 4340//7481 4337//7481 4341//7481
f 4332//7482 4331//7482 4342//7482
f 4334//7483 4332//7483 4343//7483
f 4343//7484 4332//7484 4342//7484
f 4343//7485 4342//7485 4344//7485
f 4337//7486 4334//7486 4345//7486
f 4345//7487 4334//7487 4343//7487
f 4345//7488 4343//7488 4346//7488
f 4346//7489 4343//7489 4344//7489
f 4346//7490 4344//7490 4347//7490
f 4341//7491 4337//7491 4348//7491
f 4348//7492 4337//7492 4345//7492
f 4348//7493 4345//7493 4349//7493
f 4349//7494 4345//7494 4346//7494
f 4349//7495 4346//7495 4350//7495
f 4350//7496 4346//7496 4347//7496
f 4350//7497 4347//7497 4351//7497
f 4350//7498 4351//7498 4352//7498
f 4349//7499 4350//7499 4353//7499
f 4353//7500 4350//7500 4352//7500
f 4353//7501 4352//7501 4354//7501
f 4348//7502 4349//7502 4355//7502
f 4355//7503 4349//7503 4353//7503
f 4355//7504 4353//7504 4356//7504
f 4356//7505 4353//7505 4354//7505
f 4356//7506 4354//7506 4357//7506
f 4341//7507 4348//7507 4358//7507
f 4358//7508 4348//7508 4355//7508
f 4358//7509 4355//7509 4359//7509
f 4359//7510 4355//7510 4356//7510
f 4359//7511 4356//7511 4360//7511
f 4360//7512 4356//7512 4357//7512
f 4360//7513 4357//7513 4139//7513
f 4352//7514 4351//7514 4361//7514
f 4354//7515 4352//7515 4362//7515
f 4362//7516 4352//7516 4361//7516
f 4362//7517 4361//7517 4363//7517
f 4357//7518 4354//7518 4364//7518
f 4364//7519 4354//7519 4362//7519
f 4364//7520 4362//7520 4365//7520
f 4365//7521 4362//7521 4363//7521
f 4365//7522 4363//7522 4366//7522
f 4139//7523 4357//7523 4146//7523
f 4146//7524 4357//7524 4364//7524
f 4146//7525 4364//7525 4144//7525
f 4144//7526 4364//7526 4365//7526
f 4144//7527 4365//7527 4142//7527
f 4142//7528 4365//7528 4366//7528
f 4142//7529 4366//7529 4140//7529
f 4136//7530 4132//7530 4367//7530
f 4137//7531 4136//7531 4368//7531
f 4368//7532 4136//7532 4367//7532
f 4368//7533 4367//7533 4369//7533
f 4138//7534 4137//7534 4370//7534
f 4370//7535 4137//7535 4368//7535
f 4370//7536 4368//7536 4371//7536
f 4371//7537 4368//7537 4369//7537
f 4371//7538 4369//7538 4372//7538
f 4139//7539 4138//7539 4360//7539
f 4360//7540 4138//7540 4370//7540
f 4360//7541 4370//7541 4359//7541
f 4359//7542 4370//7542 4371//7542
f 4359//7543 4371//7543 4358//7543
f 4358//7544 4371//7544 4372//7544
f 4358//7545 4372//7545 4341//7545
f 4367//7546 4132//7546 4373//7546
f 4369//7547 4367//7547 4374//7547
f 4374//7548 4367//7548 4373//7548
f 4374//7549 4373//7549 4375//7549
f 4372//7550 4369//7550 4376//7550
f 4376//7551 4369//7551 4374//7551
f 4376//7552 4374//7552 4377//7552
f 4377//7553 4374//7553 4375//7553
f 4377//7554 4375//7554 4378//7554
f 4341//7555 4372//7555 4379//7555
f 4379//7556 4372//7556 4376//7556
f 4379//7557 4376//7557 4380//7557
f 4380//7558 4376//7558 4377//7558
f 4380//7559 4377//7559 4381//7559
f 4381//7560 4377//7560 4378//7560
f 4381//7561 4378//7561 4382//7561
f 4381//7562 4382//7562 4383//7562
f 4380//7563 4381//7563 4384//7563
f 4384//7564 4381//7564 4383//7564
f 4384//7565 4383//7565 4385//7565
f 4379//7566 4380//7566 4386//7566
f 4386//7567 4380//7567 4384//7567
f 4386//7568 4384//7568 4387//7568
f 4387//7569 4384//7569 4385//7569
f 4387//7570 4385//7570 4388//7570
f 4341//7571 4379//7571 4340//7571
f 4340//7572 4379//7572 4386//7572
f 4340//7573 4386//7573 4339//7573
f 4339//7574 4386//7574 4387//7574
f 4339//7575 4387//7575 4338//7575
f 4338//7576 4387//7576 4388//7576
f 4338//7577 4388//7577 4321//7577
f 4383//7578 4382//7578 4389//7578
f 4385//7579 4383//7579 4390//7579
f 4390//7580 4383//7580 4389//7580
f 4390//7581 4389//7581 4391//7581
f 4388//7582 4385//7582 4392//7582
f 4392//7583 4385//7583 4390//7583
f 4392//7584 4390//7584 4393//7584
f 4393//7585 4390//7585 4391//7585
f 4393//7586 4391//7586 4394//7586
f 4321//7587 4388//7587 4395//7587
f 4395//7588 4388//7588 4392//7588
f 4395//7589 4392//7589 4396//7589
f 4396//7590 4392//7590 4393//7590
f 4396//7591 4393//7591 4397//7591
f 4397//7592 4393//7592 4394//7592
f 4397//7593 4394//7593 4398//7593
f 4397//7594 4398//7594 4399//7594
f 4396//7595 4397//7595 4400//7595
f 4400//7596 4397//7596 4399//7596
f 4400//7597 4399//7597 4401//7597
f 4395//7598 4396//7598 4402//7598
f 4402//7599 4396//7599 4400//7599
f 4402//7600 4400//7600 4403//7600
f 4403//7601 4400//7601 4401//7601
f 4403//7602 4401//7602 4404//7602
f 4321//7603 4395//7603 4320//7603
f 4320//7604 4395//7604 4402//7604
f 4320//7605 4402//7605 4319//7605
f 4319//7606 4402//7606 4403//7606
f 4319//7607 4403//7607 4318//7607
f 4318//7608 4403//7608 4404//7608
f 4318//7609 4404//7609 4301//7609
f 4399//7610 4398//7610 4405//7610
f 4401//7611 4399//7611 4406//7611
f 4406//7612 4399//7612 4405//7612
f 4406//7613 4405//7613 4407//7613
f 4404//7614 4401//7614 4408//7614
f 4408//7615 4401//7615 4406//7615
f 4408//7616 4406//7616 4409//7616
f 4409//7617 4406//7617 4407//7617
f 4409//7618 4407//7618 4410//7618
f 4301//7619 4404//7619 4411//7619
f 4411//7620 4404//7620 4408//7620
f 4411//7621 4408//7621 4412//7621
f 4412//7622 4408//7622 4409//7622
f 4412//7623 4409//7623 4413//7623
f 4413//7624 4409//7624 4410//7624
f 4413//7625 4410//7625 4414//7625
f 4413//7626 4414//7626 4415//7626
f 4412//7627 4413//7627 4416//7627
f 4416//7628 4413//7628 4415//7628
f 4416//7629 4415//7629 4417//7629
f 4411//7630 4412//7630 4418//7630
f 4418//7631 4412//7631 4416//7631
f 4418//7632 4416//7632 4419//7632
f 4419//7633 4416//7633 4417//7633
f 4419//7634 4417//7634 4420//7634
f 4301//7635 4411//7635 4300//7635
f 4300//7636 4411//7636 4418//7636
f 4300//7637 4418//7637 4299//7637
f 4299//7638 4418//7638 4419//7638
f 4299//7639 4419//7639 4298//7639
f 4298//7640 4419//7640 4420//7640
f 4298//7641 4420//7641 4281//7641
f 4415//7642 4414//7642 4421//7642
f 4417//7643 4415//7643 4422//7643
f 4422//7644 4415//7644 4421//7644
f 4422//7645 4421//7645 4423//7645
f 4420//7646 4417//7646 4424//7646
f 4424//7647 4417//7647 4422//7647
f 4424//7648 4422//7648 4425//7648
f 4425//7649 4422//7649 4423//7649
f 4425//7650 4423//7650 4426//7650
f 4281//7651 4420//7651 4427//7651
f 4427//7652 4420//7652 4424//7652
f 4427//7653 4424//7653 4428//7653
f 4428//7654 4424//7654 4425//7654
f 4428//7655 4425//7655 4429//7655
f 4429//7656 4425//7656 4426//7656
f 4429//7657 4426//7657 4430//7657
f 4429//7658 4430//7658 4431//7658
f 4428//7659 4429//7659 4432//7659
f 4432//7660 4429//7660 4431//7660
f 4432//7661 4431//7661 4433//7661
f 4427//7662 4428//7662 4434//7662
f 4434//7663 4428//7663 4432//7663
f 4434//7664 4432//7664 4435//7664
f 4435//7665 4432//7665 4433//7665
f 4435//7666 4433//7666 4436//7666
f 4281//7667 4427//7667 4280//7667
f 4280//7668 4427//7668 4434//7668
f 4280//7669 4434//7669 4279//7669
f 4279//7670 4434//7670 4435//7670
f 4279//7671 4435//7671 4278//7671
f 4278//7672 4435//7672 4436//7672
f 4278//7673 4436//7673 4261//7673
f 4431//7674 4430//7674 4437//7674
f 4433//7675 4431//7675 4438//7675
f 4438//7676 4431//7676 4437//7676
f 4438//7677 4437//7677 4439//7677
f 4436//7678 4433//7678 4440//7678
f 4440//7679 4433//7679 4438//7679
f 4440//7680 4438//7680 4441//7680
f 4441//7681 4438//7681 4439//7681
f 4441//7682 4439//7682 4442//7682
f 4261//7683 4436//7683 4443//7683
f 4443//7684 4436//7684 4440//7684
f 4443//7685 4440//7685 4444//7685
f 4444//7686 4440//7686 4441//7686
f 4444//7687 4441//7687 4445//7687
f 4445//7688 4441//7688 4442//7688
f 4445//7689 4442//7689 4446//7689
f 4445//7690 4446//7690 4447//7690
f 4444//7691 4445//7691 4448//7691
f 4448//7692 4445//7692 4447//7692
f 4448//7693 4447//7693 4449//7693
f 4443//7694 4444//7694 4450//7694
f 4450//7695 4444//7695 4448//7695
f 4450//7696 4448//7696 4451//7696
f 4451//7697 4448//7697 4449//7697
f 4451//7698 4449//7698 4452//7698
f 4261//7699 4443//7699 4260//7699
f 4260//7700 4443//7700 4450//7700
f 4260//7701 4450//7701 4259//7701
f 4259//7702 4450//7702 4451//7702
f 4259//7703 4451//7703 4258//7703
f 4258//7704 4451//7704 4452//7704
f 4258//7705 4452//7705 4241//7705
f 4447//7706 4446//7706 4453//7706
f 4449//7707 4447//7707 4454//7707
f 4454//7708 4447//7708 4453//7708
f 4454//7709 4453//7709 4455//7709
f 4452//7710 4449//7710 4456//7710
f 4456//7711 4449//7711 4454//7711
f 4456//7712 4454//7712 4457//7712
f 4457//7713 4454//7713 4455//7713
f 4457//7714 4455//7714 4458//7714
f 4241//7715 4452//7715 4459//7715
f 4459//7716 4452//7716 4456//7716
f 4459//7717 4456//7717 4460//7717
f 4460//7718 4456//7718 4457//7718
f 4460//7719 4457//7719 4461//7719
f 4461//7720 4457//7720 4458//7720
f 4461//7721 4458//7721 4462//7721
f 4461//7722 4462//7722 4463//7722
f 4460//7723 4461//7723 4464//7723
f 4464//7724 4461//7724 4463//7724
f 4464//7725 4463//7725 4465//7725
f 4459//7726 4460//7726 4466//7726
f 4466//7727 4460//7727 4464//7727
f 4466//7728 4464//7728 4467//7728
f 4467//7729 4464//7729 4465//7729
f 4467//7730 4465//7730 4468//7730
f 4241//7731 4459//7731 4240//7731
f 4240//7732 4459//7732 4466//7732
f 4240//7733 4466//7733 4239//7733
f 4239//7734 4466//7734 4467//7734
f 4239//7735 4467//7735 4238//7735
f 4238//7736 4467//7736 4468//7736
f 4238//7737 4468//7737 4201//7737
f 4463//7738 4462//7738 4469//7738
f 4465//7739 4463//7739 4470//7739
f 4470//7740 4463//7740 4469//7740
f 4470//7741 4469//7741 4471//7741
f 4468//7742 4465//7742 4472//7742
f 4472//7743 4465//7743 4470//7743
f 4472//7744 4470//7744 4473//7744
f 4473//7745 4470//7745 4471//7745
f 4473//7746 4471//7746 4474//7746
f 4201//7747 4468//7747 4200//7747
f 4200//7748 4468//7748 4472//7748
f 4200//7749 4472//7749 4199//7749
f 4199//7750 4472//7750 4473//7750
f 4199//7751 4473//7751 4198//7751
f 4198//7752 4473//7752 4474//7752
f 4198//7753 4474//7753 4181//7753
f 4129//7754 4118//7754 4475//7754
f 4130//7755 4129//7755 4476//7755
f 4476//7756 4129//7756 4475//7756
f 4476//7757 4475//7757 4477//7757
f 4131//7758 4130//7758 4478//7758
f 4478//7759 4130//7759 4476//7759
f 4478//7760 4476//7760 4479//7760
f 4479//7761 4476//7761 4477//7761
f 4479//7762 4477//7762 4480//7762
f 4132//7763 4131//7763 4373//7763
f 4373//7764 4131//7764 4478//7764
f 4373//7765 4478//7765 4375//7765
f 4375//7766 4478//7766 4479//7766
f 4375//7767 4479//7767 4378//7767
f 4378//7768 4479//7768 4480//7768
f 4378//7769 4480//7769 4382//7769
f 4475//7770 4118//7770 4481//7770
f 4477//7771 4475//7771 4482//7771
f 4482//7772 4475//7772 4481//7772
f 4482//7773 4481//7773 4483//7773
f 4480//7774 4477//7774 4484//7774
f 4484//7775 4477//7775 4482//7775
f 4484//7776 4482//7776 4485//7776
f 4485//7777 4482//7777 4483//7777
f 4485//7778 4483//7778 4486//7778
f 4382//7779 4480//7779 4487//7779
f 4487//7780 4480//7780 4484//7780
f 4487//7781 4484//7781 4488//7781
f 4488//7782 4484//7782 4485//7782
f 4488//7783 4485//7783 4489//7783
f 4489//7784 4485//7784 4486//7784
f 4489//7785 4486//7785 4490//7785
f 4489//7786 4490//7786 4491//7786
f 4488//7787 4489//7787 4492//7787
f 4492//7788 4489//7788 4491//7788
f 4492//7789 4491//7789 4493//7789
f 4487//7790 4488//7790 4494//7790
f 4494//7791 4488//7791 4492//7791
f 4494//7792 4492//7792 4495//7792
f 4495//7793 4492//7793 4493//7793
f 4495//7794 4493//7794 4496//7794
f 4382//7795 4487//7795 4389//7795
f 4389//7796 4487//7796 4494//7796
f 4389//7797 4494//7797 4391//7797
f 4391//7798 4494//7798 4495//7798
f 4391//7799 4495//7799 4394//7799
f 4394//7800 4495//7800 4496//7800
f 4394//7801 4496//7801 4398//7801
f 4491//7802 4490//7802 4497//7802
f 4493//7803 4491//7803 4498//7803
f 4498//7804 4491//7804 4497//7804
f 4498//7805 4497//7805 4499//7805
f 4496//7806 4493//7806 4500//7806
f 4500//7807 4493//7807 4498//7807
f 4500//7808 4498//7808 4501//7808
f 4501//7809 4498//7809 4499//7809
f 4501//7810 4499//7810 4502//7810
f 4398//7811 4496//7811 4503//7811
f 4503//7812 4496//7812 4500//7812
f 4503//7813 4500//7813 4504//7813
f 4504//7814 4500//7814 4501//7814
f 4504//7815 4501//7815 4505//7815
f 4505//7816 4501//7816 4502//7816
f 4505//7817 4502//7817 4506//7817
f 4505//7818 4506//7818 4507//7818
f 4504//7819 4505//7819 4508//7819
f 4508//7820 4505//7820 4507//7820
f 4508//7821 4507//7821 4509//7821
f 4503//7822 4504//7822 4510//7822
f 4510//7823 4504//7823 4508//7823
f 4510//7824 4508//7824 4511//7824
f 4511//7825 4508//7825 4509//7825
f 4511//7826 4509//7826 4512//7826
f 4398//7827 4503//7827 4405//7827
f 4405//7828 4503//7828 4510//7828
f 4405//7829 4510//7829 4407//7829
f 4407//7830 4510//7830 4511//7830
f 4407//7831 4511//7831 4410//7831
f 4410//7832 4511//7832 4512//7832
f 4410//7833 4512//7833 4414//7833
f 4507//7834 4506//7834 4513//7834
f 4509//7835 4507//7835 4514//7835
f 4514//7836 4507//7836 4513//7836
f 4514//7837 4513//7837 4515//7837
f 4512//7838 4509//7838 4516//7838
f 4516//7839 4509//7839 4514//7839
f 4516//7840 4514//7840 4517//7840
f 4517//7841 4514//7841 4515//7841
f 4517//7842 4515//7842 4518//7842
f 4414//7843 4512//7843 4519//7843
f 4519//7844 4512//7844 4516//7844
f 4519//7845 4516//7845 4520//7845
f 4520//7846 4516//7846 4517//7846
f 4520//7847 4517//7847 4521//7847
f 4521//7848 4517//7848 4518//7848
f 4521//7849 4518//7849 4522//7849
f 4521//7850 4522//7850 4523//7850
f 4520//7851 4521//7851 4524//7851
f 4524//7852 4521//7852 4523//7852
f 4524//7853 4523//7853 4525//7853
f 4519//7854 4520//7854 4526//7854
f 4526//7855 4520//7855 4524//7855
f 4526//7856 4524//7856 4527//7856
f 4527//7857 4524//7857 4525//7857
f 4527//7858 4525//7858 4528//7858
f 4414//7859 4519//7859 4421//7859
f 4421//7860 4519//7860 4526//7860
f 4421//7861 4526//7861 4423//7861
f 4423//7862 4526//7862 4527//7862
f 4423//7863 4527//7863 4426//7863
f 4426//7864 4527//7864 4528//7864
f 4426//7865 4528//7865 4430//7865
f 4523//7866 4522//7866 4529//7866
f 4525//7867 4523//7867 4530//7867
f 4530//7868 4523//7868 4529//7868
f 4530//7869 4529//7869 4531//7869
f 4528//7870 4525//7870 4532//7870
f 4532//7871 4525//7871 4530//7871
f 4532//7872 4530//7872 4533//7872
f 4533//7873 4530//7873 4531//7873
f 4533//7874 4531//7874 4534//7874
f 4430//7875 4528//7875 4535//7875
f 4535//7876 4528//7876 4532//7876
f 4535//7877 4532//7877 4536//7877
f 4536//7878 4532//7878 4533//7878
f 4536//7879 4533//7879 4537//7879
f 4537//7880 4533//7880 4534//7880
f 4537//7881 4534//7881 4538//7881
f 4537//7882 4538//7882 4539//7882
f 4536//7883 4537//7883 4540//7883
f 4540//7884 4537//7884 4539//7884
f 4540//7885 4539//7885 4541//7885
f 4535//7886 4536//7886 4542//7886
f 4542//7887 4536//7887 4540//7887
f 4542//7888 4540//7888 4543//7888
f 4543//7889 4540//7889 4541//7889
f 4543//7890 4541//7890 4544//7890
f 4430//7891 4535//7891 4437//7891
f 4437//7892 4535//7892 4542//7892
f 4437//7893 4542//7893 4439//7893
f 4439//7894 4542//7894 4543//7894
f 4439//7895 4543//7895 4442//7895
f 4442//7896 4543//7896 4544//7896
f 4442//7897 4544//7897 4446//7897
f 4539//7898 4538//7898 4545//7898
f 4541//7899 4539//7899 4546//7899
f 4546//7900 4539//7900 4545//7900
f 4546//7901 4545//7901 4547//7901
f 4544//7902 4541//7902 4548//7902
f 4548//7903 4541//7903 4546//7903
f 4548//7904 4546//7904 4549//7904
f 4549//7905 4546//7905 4547//7905
f 4549//7906 4547//7906 4550//7906
f 4446//7907 4544//7907 4551//7907
f 4551//7908 4544//7908 4548//7908
f 4551//7909 4548//7909 4552//7909
f 4552//7910 4548//7910 4549//7910
f 4552//7911 4549//7911 4553//7911
f 4553//7912 4549//7912 4550//7912
f 4553//7913 4550//7913 4554//7913
f 4553//7914 4554//7914 4555//7914
f 4552//7915 4553//7915 4556//7915
f 4556//7916 4553//7916 4555//7916
f 4556//7917 4555//7917 4557//7917
f 4551//7918 4552//7918 4558//7918
f 4558//7919 4552//7919 4556//7919
f 4558//7920 4556//7920 4559//7920
f 4559//7921 4556//7921 4557//7921
f 4559//7922 4557//7922 4560//7922
f 4446//7923 4551//7923 4453//7923
f 4453//7924 4551//7924 4558//7924
f 4453//7925 4558//7925 4455//7925
f 4455//7926 4558//7926 4559//7926
f 4455//7927 4559//7927 4458//7927
f 4458//7928 4559//7928 4560//7928
f 4458//7929 4560//7929 4462//7929
f 4555//7930 4554//7930 4561//7930
f 4557//7931 4555//7931 4562//7931
f 4562//7932 4555//7932 4561//7932
f 4562//7933 4561//7933 4563//7933
f 4560//7934 4557//7934 4564//7934
f 4564//7935 4557//7935 4562//7935
f 4564//7936 4562//7936 4565//7936
f 4565//7937 4562//7937 4563//7937
f 4565//7938 4563//7938 4566//7938
f 4462//7939 4560//7939 4567//7939
f 4567//7940 4560//7940 4564//7940
f 4567//7941 4564//7941 4568//7941
f 4568//7942 4564//7942 4565//7942
f 4568//7943 4565//7943 4569//7943
f 4569//7944 4565//7944 4566//7944
f 4569//7945 4566//7945 4570//7945
f 4569//7946 4570//7946 4571//7946
f 4568//7947 4569//7947 4572//7947
f 4572//7948 4569//7948 4571//7948
f 4572//7949 4571//7949 4573//7949
f 4567//7950 4568//7950 4574//7950
f 4574//7951 4568//7951 4572//7951
f 4574//7952 4572//7952 4575//7952
f 4575//7953 4572//7953 4573//7953
f 4575//7954 4573//7954 4576//7954
f 4462//7955 4567//7955 4469//7955
f 4469//7956 4567//7956 4574//7956
f 4469//7957 4574//7957 4471//7957
f 4471//7958 4574//7958 4575//7958
f 4471//7959 4575//7959 4474//7959
f 4474//7960 4575//7960 4576//7960
f 4474//7961 4576//7961 4181//7961
f 4571//7962 4570//7962 4577//7962
f 4573//7963 4571//7963 4578//7963
f 4578//7964 4571//7964 4577//7964
f 4578//7965 4577//7965 4579//7965
f 4576//7966 4573//7966 4580//7966
f 4580//7967 4573//7967 4578//7967
f 4580//7968 4578//7968 4581//7968
f 4581//7969 4578//7969 4579//7969
f 4581//7970 4579//7970 4582//7970
f 4181//7971 4576//7971 4180//7971
f 4180//7972 4576//7972 4580//7972
f 4180//7973 4580//7973 4179//7973
f 4179//7974 4580//7974 4581//7974
f 4179//7975 4581//7975 4178//7975
f 4178//7976 4581//7976 4582//7976
f 4178//7977 4582//7977 4161//7977
f 4124//7978 4125//7978 4583//7978
f 4122//7979 4124//7979 4584//7979
f 4584//7980 4124//7980 4583//7980
f 4584//7981 4583//7981 4585//7981
f 4120//7982 4122//7982 4586//7982
f 4586//7983 4122//7983 4584//7983
f 4586//7984 4584//7984 4587//7984
f 4587//7985 4584//7985 4585//7985
f 4587//7986 4585//7986 4588//7986
f 4118//7987 4120//7987 4481//7987
f 4481//7988 4120//7988 4586//7988
f 4481//7989 4586//7989 4483//7989
f 4483//7990 4586//7990 4587//7990
f 4483//7991 4587//7991 4486//7991
f 4486//7992 4587//7992 4588//7992
f 4486//7993 4588//7993 4490//7993
f 4583//7994 4125//7994 4589//7994
f 4585//7995 4583//7995 4590//7995
f 4590//7996 4583//7996 4589//7996
f 4590//7997 4589//7997 4591//7997
f 4588//7998 4585//7998 4592//7998
f 4592//7999 4585//7999 4590//7999
f 4592//8000 4590//8000 4593//8000
f 4593//8001 4590//8001 4591//8001
f 4593//8002 4591//8002 4594//8002
f 4490//8003 4588//8003 4595//8003
f 4595//8004 4588//8004 4592//8004
f 4595//8005 4592//8005 4596//8005
f 4596//8006 4592//8006 4593//8006
f 4596//8007 4593//8007 4597//8007
f 4597//8008 4593//8008 4594//8008
f 4597//8009 4594//8009 4598//8009
f 4597//8010 4598//8010 4599//8010
f 4596//8011 4597//8011 4600//8011
f 4600//8012 4597//8012 4599//8012
f 4600//8013 4599//8013 4601//8013
f 4595//8014 4596//8014 4602//8014
f 4602//8015 4596//8015 4600//8015
f 4602//8016 4600//8016 4603//8016
f 4603//8017 4600//8017 4601//8017
f 4603//8018 4601//8018 4604//8018
f 4490//8019 4595//8019 4497//8019
f 4497//8020 4595//8020 4602//8020
f 4497//8021 4602//8021 4499//8021
f 4499//8022 4602//8022 4603//8022
f 4499//8023 4603//8023 4502//8023
f 4502//8024 4603//8024 4604//8024
f 4502//8025 4604//8025 4506//8025
f 4599//8026 4598//8026 4605//8026
f 4601//8027 4599//8027 4606//8027
f 4606//8028 4599//8028 4605//8028
f 4606//8029 4605//8029 4607//8029
f 4604//8030 4601//8030 4608//8030
f 4608//8031 4601//8031 4606//8031
f 4608//8032 4606//8032 4609//8032
f 4609//8033 4606//8033 4607//8033
f 4609//8034 4607//8034 4610//8034
f 4506//8035 4604//8035 4611//8035
f 4611//8036 4604//8036 4608//8036
f 4611//8037 4608//8037 4612//8037
f 4612//8038 4608//8038 4609//8038
f 4612//8039 4609//8039 4613//8039
f 4613//8040 4609//8040 4610//8040
f 4613//8041 4610//8041 4614//8041
f 4613//8042 4614//8042 4615//8042
f 4612//8043 4613//8043 4616//8043
f 4616//8044 4613//8044 4615//8044
f 4616//8045 4615//8045 4617//8045
f 4611//8046 4612//8046 4618//8046
f 4618//8047 4612//8047 4616//8047
f 4618//8048 4616//8048 4619//8048
f 4619//8049 4616//8049 4617//8049
f 4619//8050 4617//8050 4620//8050
f 4506//8051 4611//8051 4513//8051
f 4513//8052 4611//8052 4618//8052
f 4513//8053 4618//8053 4515//8053
f 4515//8054 4618//8054 4619//8054
f 4515//8055 4619//8055 4518//8055
f 4518//8056 4619//8056 4620//8056
f 4518//8057 4620//8057 4522//8057
f 4615//8058 4614//8058 4621//8058
f 4617//8059 4615//8059 4622//8059
f 4622//8060 4615//8060 4621//8060
f 4622//8061 4621//8061 4623//8061
f 4620//8062 4617//8062 4624//8062
f 4624//8063 4617//8063 4622//8063
f 4624//8064 4622//8064 4625//8064
f 4625//8065 4622//8065 4623//8065
f 4625//8066 4623//8066 4626//8066
f 4522//8067 4620//8067 4627//8067
f 4627//8068 4620//8068 4624//8068
f 4627//8069 4624//8069 4628//8069
f 4628//8070 4624//8070 4625//8070
f 4628//8071 4625//8071 4629//8071
f 4629//8072 4625//8072 4626//8072
f 4629//8073 4626//8073 4630//8073
f 4629//8074 4630//8074 4631//8074
f 4628//8075 4629//8075 4632//8075
f 4632//8076 4629//8076 4631//8076
f 4632//8077 4631//8077 4633//8077
f 4627//8078 4628//8078 4634//8078
f 4634//8079 4628//8079 4632//8079
f 4634//8080 4632//8080 4635//8080
f 4635//8081 4632//8081 4633//8081
f 4635//8082 4633//8082 4636//8082
f 4522//8083 4627//8083 4529//8083
f 4529//8084 4627//8084 4634//8084
f 4529//8085 4634//8085 4531//8085
f 4531//8086 4634//8086 4635//8086
f 4531//8087 4635//8087 4534//8087
f 4534//8088 4635//8088 4636//8088
f 4534//8089 4636//8089 4538//8089
f 4631//8090 4630//8090 4637//8090
f 4633//8091 4631//8091 4638//8091
f 4638//8092 4631//8092 4637//8092
f 4638//8093 4637//8093 4639//8093
f 4636//8094 4633//8094 4640//8094
f 4640//8095 4633//8095 4638//8095
f 4640//8096 4638//8096 4641//8096
f 4641//8097 4638//8097 4639//8097
f 4641//8098 4639//8098 4642//8098
f 4538//8099 4636//8099 4643//8099
f 4643//8100 4636//8100 4640//8100
f 4643//8101 4640//8101 4644//8101
f 4644//8102 4640//8102 4641//8102
f 4644//8103 4641//8103 4645//8103
f 4645//8104 4641//8104 4642//8104
f 4645//8105 4642//8105 4646//8105
f 4645//8106 4646//8106 4647//8106
f 4644//8107 4645//8107 4648//8107
f 4648//8108 4645//8108 4647//8108
f 4648//8109 4647//8109 4649//8109
f 4643//8110 4644//8110 4650//8110
f 4650//8111 4644//8111 4648//8111
f 4650//8112 4648//8112 4651//8112
f 4651//8113 4648//8113 4649//8113
f 4651//8114 4649//8114 4652//8114
f 4538//8115 4643//8115 4545//8115
f 4545//8116 4643//8116 4650//8116
f 4545//8117 4650//8117 4547//8117
f 4547//8118 4650//8118 4651//8118
f 4547//8119 4651//8119 4550//8119
f 4550//8120 4651//8120 4652//8120
f 4550//8121 4652//8121 4554//8121
f 4647//8122 4646//8122 4653//8122
f 4649//8123 4647//8123 4654//8123
f 4654//8124 4647//8124 4653//8124
f 4654//8125 4653//8125 4655//8125
f 4652//8126 4649//8126 4656//8126
f 4656//8127 4649//8127 4654//8127
f 4656//8128 4654//8128 4657//8128
f 4657//8129 4654//8129 4655//8129
f 4657//8130 4655//8130 4658//8130
f 4554//8131 4652//8131 4659//8131
f 4659//8132 4652//8132 4656//8132
f 4659//8133 4656//8133 4660//8133
f 4660//8134 4656//8134 4657//8134
f 4660//8135 4657//8135 4661//8135
f 4661//8136 4657//8136 4658//8136
f 4661//8137 4658//8137 4662//8137
f 4661//8138 4662//8138 4663//8138
f 4660//8139 4661//8139 4664//8139
f 4664//8140 4661//8140 4663//8140
f 4664//8141 4663//8141 4665//8141
f 4659//8142 4660//8142 4666//8142
f 4666//8143 4660//8143 4664//8143
f 4666//8144 4664//8144 4667//8144
f 4667//8145 4664//8145 4665//8145
f 4667//8146 4665//8146 4668//8146
f 4554//8147 4659//8147 4561//8147
f 4561//8148 4659//8148 4666//8148
f 4561//8149 4666//8149 4563//8149
f 4563//8150 4666//8150 4667//8150
f 4563//8151 4667//8151 4566//8151
f 4566//8152 4667//8152 4668//8152
f 4566//8153 4668//8153 4570//8153
f 4663//8154 4662//8154 4669//8154
f 4665//8155 4663//8155 4670//8155
f 4670//8156 4663//8156 4669//8156
f 4670//8157 4669//8157 4671//8157
f 4668//8158 4665//8158 4672//8158
f 4672//8159 4665//8159 4670//8159
f 4672//8160 4670//8160 4673//8160
f 4673//8161 4670//8161 4671//8161
f 4673//8162 4671//8162 4674//8162
f 4570//8163 4668//8163 4675//8163
f 4675//8164 4668//8164 4672//8164
f 4675//8165 4672//8165 4676//8165
f 4676//8166 4672//8166 4673//8166
f 4676//8167 4673//8167 4677//8167
f 4677//8168 4673//8168 4674//8168
f 4677//8169 4674//8169 4157//8169
f 4677//8170 4157//8170 4158//8170
f 4676//8171 4677//8171 4678//8171
f 4678//8172 4677//8172 4158//8172
f 4678//8173 4158//8173 4159//8173
f 4675//8174 4676//8174 4679//8174
f 4679//8175 4676//8175 4678//8175
f 4679//8176 4678//8176 4680//8176
f 4680//8177 4678//8177 4159//8177
f 4680//8178 4159//8178 4160//8178
f 4570//8179 4675//8179 4577//8179
f 4577//8180 4675//8180 4679//8180
f 4577//8181 4679//8181 4579//8181
f 4579//8182 4679//8182 4680//8182
f 4579//8183 4680//8183 4582//8183
f 4582//8184 4680//8184 4160//8184
f 4582//8185 4160//8185 4161//8185
f 4211//8186 4681//8186 4222//8186
f 4681//8187 4682//8187 4222//8187
f 4222//8188 4682//8188 4224//8188
f 4682//8189 4683//8189 4224//8189
f 4224//8190 4683//8190 4227//8190
f 4683//8191 2451//8191 4227//8191
f 4227//8192 2451//8192 4231//8192
f 2451//8193 4683//8193 2447//8193
f 4683//8194 4682//8194 2447//8194
f 2447//8195 4682//8195 2444//8195
f 4682//8196 4681//8196 2444//8196
f 2444//8197 4681//8197 2441//8197
f 4681//8198 4211//8198 2441//8198
f 2441//8199 4211//8199 2442//8199
f 2805//8200 2818//8200 4684//8200
f 2818//8201 2819//8201 4684//8201
f 4684//8202 2819//8202 4685//8202
f 2819//8203 2820//8203 4685//8203
f 4685//8204 2820//8204 4686//8204
f 2820//8205 2442//8205 4686//8205
f 4686//8206 2442//8206 4211//8206
f 4211//8207 4207//8207 4686//8207
f 4207//8208 4204//8208 4686//8208
f 4686//8209 4204//8209 4685//8209
f 4204//8210 4202//8210 4685//8210
f 4685//8211 4202//8211 4684//8211
f 4202//8212 4191//8212 4684//8212
f 4684//8213 4191//8213 2805//8213
f 2785//8214 2802//8214 4687//8214
f 2802//8215 2803//8215 4687//8215
f 4687//8216 2803//8216 4688//8216
f 2803//8217 2804//8217 4688//8217
f 4688//8218 2804//8218 4689//8218
f 2804//8219 2805//8219 4689//8219
f 4689//8220 2805//8220 4191//8220
f 4191//8221 4187//8221 4689//8221
f 4187//8222 4184//8222 4689//8222
f 4689//8223 4184//8223 4688//8223
f 4184//8224 4182//8224 4688//8224
f 4688//8225 4182//8225 4687//8225
f 4182//8226 4171//8226 4687//8226
f 4687//8227 4171//8227 2785//8227
f 4148//8228 4690//8228 4162//8228
f 4690//8229 4691//8229 4162//8229
f 4162//8230 4691//8230 4164//8230
f 4691//8231 4692//8231 4164//8231
f 4164//8232 4692//8232 4167//8232
f 4692//8233 2785//8233 4167//8233
f 4167//8234 2785//8234 4171//8234
f 2785//8235 4692//8235 2784//8235
f 4692//8236 4691//8236 2784//8236
f 2784//8237 4691//8237 2783//8237
f 4691//8238 4690//8238 2783//8238
f 2783//8239 4690//8239 2782//8239
f 4690//8240 4148//8240 2782//8240
f 2782//8241 4148//8241 2775//8241
f 2309//3285 3668//3285 1781//3285
f 1781//3285 3668//3285 4140//3285
f 1781//3285 4140//3285 2307//3285
f 2307//3285 4140//3285 2437//3285
f 2433//8242 2440//8242 4693//8242
f 2440//8243 2439//8243 4693//8243
f 4693//8244 2439//8244 4694//8244
f 2439//8245 2438//8245 4694//8245
f 4694//8246 2438//8246 4695//8246
f 2438//8247 2437//8247 4695//8247
f 4695//8248 2437//8248 4140//8248
f 4140//8249 4366//8249 4695//8249
f 4366//8250 4363//8250 4695//8250
f 4695//8251 4363//8251 4694//8251
f 4363//8252 4361//8252 4694//8252
f 4694//8253 4361//8253 4693//8253
f 4361//8254 4351//8254 4693//8254
f 4693//8255 4351//8255 2433//8255
f 2429//8256 2436//8256 4696//8256
f 2436//8257 2435//8257 4696//8257
f 4696//8258 2435//8258 4697//8258
f 2435//8259 2434//8259 4697//8259
f 4697//8260 2434//8260 4698//8260
f 2434//8261 2433//8261 4698//8261
f 4698//8262 2433//8262 4351//8262
f 4351//8263 4347//8263 4698//8263
f 4347//8264 4344//8264 4698//8264
f 4698//8265 4344//8265 4697//8265
f 4344//8266 4342//8266 4697//8266
f 4697//8267 4342//8267 4696//8267
f 4342//8268 4331//8268 4696//8268
f 4696//8269 4331//8269 2429//8269
f 2425//8270 2432//8270 4699//8270
f 2432//8271 2431//8271 4699//8271
f 4699//8272 2431//8272 4700//8272
f 2431//8273 2430//8273 4700//8273
f 4700//8274 2430//8274 4701//8274
f 2430//8275 2429//8275 4701//8275
f 4701//8276 2429//8276 4331//8276
f 4331//8277 4327//8277 4701//8277
f 4327//8278 4324//8278 4701//8278
f 4701//8279 4324//8279 4700//8279
f 4324//8280 4322//8280 4700//8280
f 4700//8281 4322//8281 4699//8281
f 4322//8282 4311//8282 4699//8282
f 4699//8283 4311//8283 2425//8283
f 2421//8284 2428//8284 4702//8284
f 2428//8285 2427//8285 4702//8285
f 4702//8286 2427//8286 4703//8286
f 2427//8287 2426//8287 4703//8287
f 4703//8288 2426//8288 4704//8288
f 2426//8289 2425//8289 4704//8289
f 4704//8290 2425//8290 4311//8290
f 4311//8291 4307//8291 4704//8291
f 4307//8292 4304//8292 4704//8292
f 4704//8293 4304//8293 4703//8293
f 4304//8294 4302//8294 4703//8294
f 4703//8295 4302//8295 4702//8295
f 4302//8296 4291//8296 4702//8296
f 4702//8297 4291//8297 2421//8297
f 2417//8298 2424//8298 4705//8298
f 2424//8299 2423//8299 4705//8299
f 4705//8300 2423//8300 4706//8300
f 2423//8301 2422//8301 4706//8301
f 4706//8302 2422//8302 4707//8302
f 2422//8303 2421//8303 4707//8303
f 4707//8304 2421//8304 4291//8304
f 4291//8305 4287//8305 4707//8305
f 4287//8306 4284//8306 4707//8306
f 4707//8307 4284//8307 4706//8307
f 4284//8308 4282//8308 4706//8308
f 4706//8309 4282//8309 4705//8309
f 4282//8310 4271//8310 4705//8310
f 4705//8311 4271//8311 2417//8311
f 2413//8312 2420//8312 4708//8312
f 2420//8313 2419//8313 4708//8313
f 4708//8314 2419//8314 4709//8314
f 2419//8315 2418//8315 4709//8315
f 4709//8316 2418//8316 4710//8316
f 2418//8317 2417//8317 4710//8317
f 4710//8318 2417//8318 4271//8318
f 4271//8319 4267//8319 4710//8319
f 4267//8320 4264//8320 4710//8320
f 4710//8321 4264//8321 4709//8321
f 4264//8322 4262//8322 4709//8322
f 4709//8323 4262//8323 4708//8323
f 4262//8324 4251//8324 4708//8324
f 4708//8325 4251//8325 2413//8325
f 2409//8326 2416//8326 4711//8326
f 2416//8327 2415//8327 4711//8327
f 4711//8328 2415//8328 4712//8328
f 2415//8329 2414//8329 4712//8329
f 4712//8330 2414//8330 4713//8330
f 2414//8331 2413//8331 4713//8331
f 4713//8332 2413//8332 4251//8332
f 4251//8333 4247//8333 4713//8333
f 4247//8334 4244//8334 4713//8334
f 4713//8335 4244//8335 4712//8335
f 4244//8336 4242//8336 4712//8336
f 4712//8337 4242//8337 4711//8337
f 4242//8338 4221//8338 4711//8338
f 4711//8339 4221//8339 2409//8339
f 2408//8340 2412//8340 4714//8340
f 2412//8341 2411//8341 4714//8341
f 4714//8342 2411//8342 4715//8342
f 2411//8343 2410//8343 4715//8343
f 4715//8344 2410//8344 4716//8344
f 2410//8345 2409//8345 4716//8345
f 4716//8346 2409//8346 4221//8346
f 4221//8347 4228//8347 4716//8347
f 4228//8348 4229//8348 4716//8348
f 4716//8349 4229//8349 4715//8349
f 4229//8350 4230//8350 4715//8350
f 4715//8351 4230//8351 4714//8351
f 4230//8352 4231//8352 4714//8352
f 4714//8353 4231//8353 2408//8353
f 4231//3230 2451//3230 2408//3230
f 2408//3230 2451//3230 2404//3230
f 2400//8354 2407//8354 4717//8354
f 2407//8355 2406//8355 4717//8355
f 4717//8356 2406//8356 4718//8356
f 2406//8357 2405//8357 4718//8357
f 4718//8358 2405//8358 4719//8358
f 2405//8359 2404//8359 4719//8359
f 4719//8360 2404//8360 2451//8360
f 2451//8361 2452//8361 4719//8361
f 2452//8362 2453//8362 4719//8362
f 4719//8363 2453//8363 4718//8363
f 2453//8364 2454//8364 4718//8364
f 4718//8365 2454//8365 4717//8365
f 2454//8366 2455//8366 4717//8366
f 4717//8367 2455//8367 2400//8367
f 2396//8368 2403//8368 4720//8368
f 2403//8369 2402//8369 4720//8369
f 4720//8370 2402//8370 4721//8370
f 2402//8371 2401//8371 4721//8371
f 4721//8372 2401//8372 4722//8372
f 2401//8373 2400//8373 4722//8373
f 4722//8374 2400//8374 2455//8374
f 2455//8375 2472//8375 4722//8375
f 2472//8376 2473//8376 4722//8376
f 4722//8377 2473//8377 4721//8377
f 2473//8378 2474//8378 4721//8378
f 4721//8379 2474//8379 4720//8379
f 2474//8380 2475//8380 4720//8380
f 4720//8381 2475//8381 2396//8381
f 2392//8382 2399//8382 4723//8382
f 2399//8383 2398//8383 4723//8383
f 4723//8384 2398//8384 4724//8384
f 2398//8385 2397//8385 4724//8385
f 4724//8386 2397//8386 4725//8386
f 2397//8387 2396//8387 4725//8387
f 4725//8388 2396//8388 2475//8388
f 2475//8389 2492//8389 4725//8389
f 2492//8390 2493//8390 4725//8390
f 4725//8391 2493//8391 4724//8391
f 2493//8392 2494//8392 4724//8392
f 4724//8393 2494//8393 4723//8393
f 2494//8394 2495//8394 4723//8394
f 4723//8395 2495//8395 2392//8395
f 2388//8396 2395//8396 4726//8396
f 2395//8397 2394//8397 4726//8397
f 4726//8398 2394//8398 4727//8398
f 2394//8399 2393//8399 4727//8399
f 4727//8400 2393//8400 4728//8400
f 2393//8401 2392//8401 4728//8401
f 4728//8402 2392//8402 2495//8402
f 2495//8403 2512//8403 4728//8403
f 2512//8404 2513//8404 4728//8404
f 4728//8405 2513//8405 4727//8405
f 2513//8406 2514//8406 4727//8406
f 4727//8407 2514//8407 4726//8407
f 2514//8408 2515//8408 4726//8408
f 4726//8409 2515//8409 2388//8409
f 2384//8410 2391//8410 4729//8410
f 2391//8411 2390//8411 4729//8411
f 4729//8412 2390//8412 4730//8412
f 2390//8413 2389//8413 4730//8413
f 4730//8414 2389//8414 4731//8414
f 2389//8415 2388//8415 4731//8415
f 4731//8416 2388//8416 2515//8416
f 2515//8417 2532//8417 4731//8417
f 2532//8418 2533//8418 4731//8418
f 4731//8419 2533//8419 4730//8419
f 2533//8420 2534//8420 4730//8420
f 4730//8421 2534//8421 4729//8421
f 2534//8422 2535//8422 4729//8422
f 4729//8423 2535//8423 2384//8423
f 2380//8424 2387//8424 4732//8424
f 2387//8425 2386//8425 4732//8425
f 4732//8426 2386//8426 4733//8426
f 2386//8427 2385//8427 4733//8427
f 4733//8428 2385//8428 4734//8428
f 2385//8429 2384//8429 4734//8429
f 4734//8430 2384//8430 2535//8430
f 2535//8431 2552//8431 4734//8431
f 2552//8432 2553//8432 4734//8432
f 4734//8433 2553//8433 4733//8433
f 2553//8434 2554//8434 4733//8434
f 4733//8435 2554//8435 4732//8435
f 2554//8436 2555//8436 4732//8436
f 4732//8437 2555//8437 2380//8437
f 2376//8438 2383//8438 4735//8438
f 2383//8439 2382//8439 4735//8439
f 4735//8440 2382//8440 4736//8440
f 2382//8441 2381//8441 4736//8441
f 4736//8442 2381//8442 4737//8442
f 2381//8443 2380//8443 4737//8443
f 4737//8444 2380//8444 2555//8444
f 2555//8445 2572//8445 4737//8445
f 2572//8446 2573//8446 4737//8446
f 4737//8447 2573//8447 4736//8447
f 2573//8448 2574//8448 4736//8448
f 4736//8449 2574//8449 4735//8449
f 2574//8450 2575//8450 4735//8450
f 4735//8451 2575//8451 2376//8451
f 2375//8452 2379//8452 4738//8452
f 2379//8453 2378//8453 4738//8453
f 4738//8454 2378//8454 4739//8454
f 2378//8455 2377//8455 4739//8455
f 4739//8456 2377//8456 4740//8456
f 2377//8457 2376//8457 4740//8457
f 4740//8458 2376//8458 2575//8458
f 2575//8459 2830//8459 4740//8459
f 2830//8460 2826//8460 4740//8460
f 4740//8461 2826//8461 4739//8461
f 2826//8462 2823//8462 4739//8462
f 4739//8463 2823//8463 4738//8463
f 2823//8464 2822//8464 4738//8464
f 4738//8465 2822//8465 2375//8465
f 2775//3117 2645//3117 2652//3117
f 2775//3117 2652//3117 2653//3117
f 2775//3117 2653//3117 2654//3117
f 2775//3117 2654//3117 2655//3117
f 2645//3117 2775//3117 4148//3117
f 2645//3117 4148//3117 2999//3117
f 2999//3117 4148//3117 4125//3117
f 2999//3117 4125//3117 3022//3117
f 3022//3117 4125//3117 3585//3117
f 3022//3117 3585//3117 3562//3117
f 3585//3117 4035//3117 4031//3117
f 3585//3117 4031//3117 4028//3117
f 3585//3117 4028//3117 4026//3117
f 3585//3117 4026//3117 3562//3117
f 3585//3117 4051//3117 4047//3117
f 3585//3117 4047//3117 4044//3117
f 3585//3117 4044//3117 4042//3117
f 3585//3117 4042//3117 4035//3117
f 3585//3117 4067//3117 4063//3117
f 3585//3117 4063//3117 4060//3117
f 3585//3117 4060//3117 4058//3117
f 3585//3117 4058//3117 4051//3117
f 3585//3117 4083//3117 4079//3117
f 3585//3117 4079//3117 4076//3117
f 3585//3117 4076//3117 4074//3117
f 3585//3117 4074//3117 4067//3117
f 3585//3117 4099//3117 4095//3117
f 3585//3117 4095//3117 4092//3117
f 3585//3117 4092//3117 4090//3117
f 3585//3117 4090//3117 4083//3117
f 3594//3117 4111//3117 3590//3117
f 4111//3117 4108//3117 3590//3117
f 3590//3117 4108//3117 3587//3117
f 4108//3117 4106//3117 3587//3117
f 3587//3117 4106//3117 3584//3117
f 4106//3117 4099//3117 3584//3117
f 3584//3117 4099//3117 3585//3117
f 2775//3117 2655//3117 2672//3117
f 2775//3117 2672//3117 2673//3117
f 2775//3117 2673//3117 2674//3117
f 2775//3117 2674//3117 2675//3117
f 2775//3117 2675//3117 2692//3117
f 2775//3117 2692//3117 2693//3117
f 2775//3117 2693//3117 2694//3117
f 2775//3117 2694//3117 2695//3117
f 2775//3117 2695//3117 2712//3117
f 2775//3117 2712//3117 2713//3117
f 2775//3117 2713//3117 2714//3117
f 2775//3117 2714//3117 2715//3117
f 2775//3117 2715//3117 2732//3117
f 2775//3117 2732//3117 2733//3117
f 2775//3117 2733//3117 2734//3117
f 2775//3117 2734//3117 2735//3117
f 2755//3117 2772//3117 2754//3117
f 2772//3117 2773//3117 2754//3117
f 2754//3117 2773//3117 2753//3117
f 2773//3117 2774//3117 2753//3117
f 2753//3117 2774//3117 2752//3117
f 2774//3117 2775//3117 2752//3117
f 2752//3117 2775//3117 2735//3117
f 4157//3117 4674//3117 4153//3117
f 4674//3117 4671//3117 4153//3117
f 4153//3117 4671//3117 4150//3117
f 4671//3117 4669//3117 4150//3117
f 4150//3117 4669//3117 4147//3117
f 4669//3117 4662//3117 4147//3117
f 4147//3117 4662//3117 4148//3117
f 4148//3117 4662//3117 4658//3117
f 4148//3117 4658//3117 4655//3117
f 4148//3117 4655//3117 4653//3117
f 4148//3117 4653//3117 4646//3117
f 4148//3117 4646//3117 4642//3117
f 4148//3117 4642//3117 4639//3117
f 4148//3117 4639//3117 4637//3117
f 4148//3117 4637//3117 4630//3117
f 4148//3117 4630//3117 4626//3117
f 4148//3117 4626//3117 4623//3117
f 4148//3117 4623//3117 4621//3117
f 4148//3117 4621//3117 4614//3117
f 4148//3117 4614//3117 4610//3117
f 4148//3117 4610//3117 4607//3117
f 4148//3117 4607//3117 4605//3117
f 4148//3117 4605//3117 4598//3117
f 4148//3117 4598//3117 4594//3117
f 4148//3117 4594//3117 4591//3117
f 4148//3117 4591//3117 4589//3117
f 4148//3117 4589//3117 4125//3117
f 2999//3117 3022//3117 3021//3117
f 2999//3117 3021//3117 3024//3117
f 2999//3117 3024//3117 3027//3117
f 2999//3117 3027//3117 3031//3117
f 2999//3117 3031//3117 3548//3117
f 2999//3117 3548//3117 3545//3117
f 2999//3117 3545//3117 3543//3117
f 2999//3117 3543//3117 3536//3117
f 2999//3117 3536//3117 3532//3117
f 2999//3117 3532//3117 3529//3117
f 2999//3117 3529//3117 3527//3117
f 2999//3117 3527//3117 3520//3117
f 2999//3117 3520//3117 3516//3117
f 2999//3117 3516//3117 3513//3117
f 2999//3117 3513//3117 3511//3117
f 2999//3117 3511//3117 3504//3117
f 2999//3117 3504//3117 3500//3117
f 2999//3117 3500//3117 3497//3117
f 2999//3117 3497//3117 3495//3117
f 2999//3117 3495//3117 3488//3117
f 3472//3117 3468//3117 3479//3117
f 3468//3117 3465//3117 3479//3117
f 3479//3117 3465//3117 3481//3117
f 3465//3117 3463//3117 3481//3117
f 3481//3117 3463//3117 3484//3117
f 3463//3117 2999//3117 3484//3117
f 3484//3117 2999//3117 3488//3117
f 2334//8466 2341//8466 4741//8466
f 2341//8467 2340//8467 4741//8467
f 4741//8468 2340//8468 4742//8468
f 2340//8469 2339//8469 4742//8469
f 4742//8470 2339//8470 4743//8470
f 2339//8471 2338//8471 4743//8471
f 4743//8472 2338//8472 3577//8472
f 3577//8473 3803//8473 4743//8473
f 3803//8474 3800//8474 4743//8474
f 4743//8475 3800//8475 4742//8475
f 3800//8476 3798//8476 4742//8476
f 4742//8477 3798//8477 4741//8477
f 3798//8478 3788//8478 4741//8478
f 4741//8479 3788//8479 2334//8479
f 2330//8480 2337//8480 4744//8480
f 2337//8481 2336//8481 4744//8481
f 4744//8482 2336//8482 4745//8482
f 2336//8483 2335//8483 4745//8483
f 4745//8484 2335//8484 4746//8484
f 2335//8485 2334//8485 4746//8485
f 4746//8486 2334//8486 3788//8486
f 3788//8487 3784//8487 4746//8487
f 3784//8488 3781//8488 4746//8488
f 4746//8489 3781//8489 4745//8489
f 3781//8490 3779//8490 4745//8490
f 4745//8491 3779//8491 4744//8491
f 3779//8492 3768//8492 4744//8492
f 4744//8493 3768//8493 2330//8493
f 2326//8494 2333//8494 4747//8494
f 2333//8495 2332//8495 4747//8495
f 4747//8496 2332//8496 4748//8496
f 2332//8497 2331//8497 4748//8497
f 4748//8498 2331//8498 4749//8498
f 2331//8499 2330//8499 4749//8499
f 4749//8500 2330//8500 3768//8500
f 3768//8501 3764//8501 4749//8501
f 3764//8502 3761//8502 4749//8502
f 4749//8503 3761//8503 4748//8503
f 3761//8504 3759//8504 4748//8504
f 4748//8505 3759//8505 4747//8505
f 3759//8506 3748//8506 4747//8506
f 4747//8507 3748//8507 2326//8507
f 2322//8508 2329//8508 4750//8508
f 2329//8509 2328//8509 4750//8509
f 4750//8510 2328//8510 4751//8510
f 2328//8511 2327//8511 4751//8511
f 4751//8512 2327//8512 4752//8512
f 2327//8513 2326//8513 4752//8513
f 4752//8514 2326//8514 3748//8514
f 3748//8515 3744//8515 4752//8515
f 3744//8516 3741//8516 4752//8516
f 4752//8517 3741//8517 4751//8517
f 3741//8518 3739//8518 4751//8518
f 4751//8519 3739//8519 4750//8519
f 3739//8520 3728//8520 4750//8520
f 4750//8521 3728//8521 2322//8521
f 2318//8522 2325//8522 4753//8522
f 2325//8523 2324//8523 4753//8523
f 4753//8524 2324//8524 4754//8524
f 2324//8525 2323//8525 4754//8525
f 4754//8526 2323//8526 4755//8526
f 2323//8527 2322//8527 4755//8527
f 4755//8528 2322//8528 3728//8528
f 3728//8529 3724//8529 4755//8529
f 3724//8530 3721//8530 4755//8530
f 4755//8531 3721//8531 4754//8531
f 3721//8532 3719//8532 4754//8532
f 4754//8533 3719//8533 4753//8533
f 3719//8534 3708//8534 4753//8534
f 4753//8535 3708//8535 2318//8535
f 2314//8536 2321//8536 4756//8536
f 2321//8537 2320//8537 4756//8537
f 4756//8538 2320//8538 4757//8538
f 2320//8539 2319//8539 4757//8539
f 4757//8540 2319//8540 4758//8540
f 2319//8541 2318//8541 4758//8541
f 4758//8542 2318//8542 3708//8542
f 3708//8543 3704//8543 4758//8543
f 3704//8544 3701//8544 4758//8544
f 4758//8545 3701//8545 4757//8545
f 3701//8546 3699//8546 4757//8546
f 4757//8547 3699//8547 4756//8547
f 3699//8548 3688//8548 4756//8548
f 4756//8549 3688//8549 2314//8549
f 2310//8550 2317//8550 4759//8550
f 2317//8551 2316//8551 4759//8551
f 4759//8552 2316//8552 4760//8552
f 2316//8553 2315//8553 4760//8553
f 4760//8554 2315//8554 4761//8554
f 2315//8555 2314//8555 4761//8555
f 4761//8556 2314//8556 3688//8556
f 3688//8557 3684//8557 4761//8557
f 3684//8558 3681//8558 4761//8558
f 4761//8559 3681//8559 4760//8559
f 3681//8560 3679//8560 4760//8560
f 4760//8561 3679//8561 4759//8561
f 3679//8562 3658//8562 4759//8562
f 4759//8563 3658//8563 2310//8563
f 2309//8564 2313//8564 4762//8564
f 2313//8565 2312//8565 4762//8565
f 4762//8566 2312//8566 4763//8566
f 2312//8567 2311//8567 4763//8567
f 4763//8568 2311//8568 4764//8568
f 2311//8569 2310//8569 4764//8569
f 4764//8570 2310//8570 3658//8570
f 3658//8571 3665//8571 4764//8571
f 3665//8572 3666//8572 4764//8572
f 4764//8573 3666//8573 4763//8573
f 3666//8574 3667//8574 4763//8574
f 4763//8575 3667//8575 4762//8575
f 3667//8576 3668//8576 4762//8576
f 4762//8577 3668//8577 2309//8577
f 3105//3284 3577//3284 2342//3284
f 2342//3284 3577//3284 2338//3284
f 2367//8578 2374//8578 4765//8578
f 2374//8579 2373//8579 4765//8579
f 4765//8580 2373//8580 4766//8580
f 2373//8581 2372//8581 4766//8581
f 4766//8582 2372//8582 4767//8582
f 2372//8583 2371//8583 4767//8583
f 4767//8584 2371//8584 3014//8584
f 3014//8585 3240//8585 4767//8585
f 3240//8586 3237//8586 4767//8586
f 4767//8587 3237//8587 4766//8587
f 3237//8588 3235//8588 4766//8588
f 4766//8589 3235//8589 4765//8589
f 3235//8590 3225//8590 4765//8590
f 4765//8591 3225//8591 2367//8591
f 2363//8592 2370//8592 4768//8592
f 2370//8593 2369//8593 4768//8593
f 4768//8594 2369//8594 4769//8594
f 2369//8595 2368//8595 4769//8595
f 4769//8596 2368//8596 4770//8596
f 2368//8597 2367//8597 4770//8597
f 4770//8598 2367//8598 3225//8598
f 3225//8599 3221//8599 4770//8599
f 3221//8600 3218//8600 4770//8600
f 4770//8601 3218//8601 4769//8601
f 3218//8602 3216//8602 4769//8602
f 4769//8603 3216//8603 4768//8603
f 3216//8604 3205//8604 4768//8604
f 4768//8605 3205//8605 2363//8605
f 2359//8606 2366//8606 4771//8606
f 2366//8607 2365//8607 4771//8607
f 4771//8608 2365//8608 4772//8608
f 2365//8609 2364//8609 4772//8609
f 4772//8610 2364//8610 4773//8610
f 2364//8611 2363//8611 4773//8611
f 4773//8612 2363//8612 3205//8612
f 3205//8613 3201//8613 4773//8613
f 3201//8614 3198//8614 4773//8614
f 4773//8615 3198//8615 4772//8615
f 3198//8616 3196//8616 4772//8616
f 4772//8617 3196//8617 4771//8617
f 3196//8618 3185//8618 4771//8618
f 4771//8619 3185//8619 2359//8619
f 2355//8620 2362//8620 4774//8620
f 2362//8621 2361//8621 4774//8621
f 4774//8622 2361//8622 4775//8622
f 2361//8623 2360//8623 4775//8623
f 4775//8624 2360//8624 4776//8624
f 2360//8625 2359//8625 4776//8625
f 4776//8626 2359//8626 3185//8626
f 3185//8627 3181//8627 4776//8627
f 3181//8628 3178//8628 4776//8628
f 4776//8629 3178//8629 4775//8629
f 3178//8630 3176//8630 4775//8630
f 4775//8631 3176//8631 4774//8631
f 3176//8632 3165//8632 4774//8632
f 4774//8633 3165//8633 2355//8633
f 2351//8634 2358//8634 4777//8634
f 2358//8635 2357//8635 4777//8635
f 4777//8636 2357//8636 4778//8636
f 2357//8637 2356//8637 4778//8637
f 4778//8638 2356//8638 4779//8638
f 2356//8639 2355//8639 4779//8639
f 4779//8640 2355//8640 3165//8640
f 3165//8641 3161//8641 4779//8641
f 3161//8642 3158//8642 4779//8642
f 4779//8643 3158//8643 4778//8643
f 3158//8644 3156//8644 4778//8644
f 4778//8645 3156//8645 4777//8645
f 3156//8646 3145//8646 4777//8646
f 4777//8647 3145//8647 2351//8647
f 2347//8648 2354//8648 4780//8648
f 2354//8649 2353//8649 4780//8649
f 4780//8650 2353//8650 4781//8650
f 2353//8651 2352//8651 4781//8651
f 4781//8652 2352//8652 4782//8652
f 2352//8653 2351//8653 4782//8653
f 4782//8654 2351//8654 3145//8654
f 3145//8655 3141//8655 4782//8655
f 3141//8656 3138//8656 4782//8656
f 4782//8657 3138//8657 4781//8657
f 3138//8658 3136//8658 4781//8658
f 4781//8659 3136//8659 4780//8659
f 3136//8660 3125//8660 4780//8660
f 4780//8661 3125//8661 2347//8661
f 2343//8662 2350//8662 4783//8662
f 2350//8663 2349//8663 4783//8663
f 4783//8664 2349//8664 4784//8664
f 2349//8665 2348//8665 4784//8665
f 4784//8666 2348//8666 4785//8666
f 2348//8667 2347//8667 4785//8667
f 4785//8668 2347//8668 3125//8668
f 3125//8669 3121//8669 4785//8669
f 3121//8670 3118//8670 4785//8670
f 4785//8671 3118//8671 4784//8671
f 3118//8672 3116//8672 4784//8672
f 4784//8673 3116//8673 4783//8673
f 3116//8674 3095//8674 4783//8674
f 4783//8675 3095//8675 2343//8675
f 2342//8676 2346//8676 4786//8676
f 2346//8677 2345//8677 4786//8677
f 4786//8678 2345//8678 4787//8678
f 2345//8679 2344//8679 4787//8679
f 4787//8680 2344//8680 4788//8680
f 2344//8681 2343//8681 4788//8681
f 4788//8682 2343//8682 3095//8682
f 3095//8683 3102//8683 4788//8683
f 3102//8684 3103//8684 4788//8684
f 4788//8685 3103//8685 4787//8685
f 3103//8686 3104//8686 4787//8686
f 4787//8687 3104//8687 4786//8687
f 3104//8688 3105//8688 4786//8688
f 4786//8689 3105//8689 2342//8689
f 2822//3231 3014//3231 2375//3231
f 2375//3231 3014//3231 2371//3231
usemtl mat2
f 1700//3232 1701//3232 1702//3232
f 1701//3233 1703//3233 1702//3233
f 1702//3234 1703//3234 1704//3234
f 1703//3235 1705//3235 1704//3235
f 1704//3236 1705//3236 1706//3236
f 1705//3237 1707//3237 1706//3237
f 1706//3238 1707//3238 1708//3238
f 1708//3239 1709//3239 1706//3239
f 1709//3240 1710//3240 1706//3240
f 1706//3241 1710//3241 1704//3241
f 1710//3242 1711//3242 1704//3242
f 1704//3243 1711//3243 1702//3243
f 1711//3244 1712//3244 1702//3244
f 1702//3245 1712//3245 1700//3245
f 1713//3246 1714//3246 1715//3246
f 1714//3247 1716//3247 1715//3247
f 1715//3248 1716//3248 1717//3248
f 1716//3249 1718//3249 1717//3249
f 1717//3250 1718//3250 1719//3250
f 1718//3251 1700//3251 1719//3251
f 1719//3252 1700//3252 1712//3252
f 1712//3253 1720//3253 1719//3253
f 1720//3254 1721//3254 1719//3254
f 1719//3255 1721//3255 1717//3255
f 1721//3256 1722//3256 1717//3256
f 1717//3257 1722//3257 1715//3257
f 1722//3258 1723//3258 1715//3258
f 1715//3259 1723//3259 1713//3259
f 1724//3260 1725//3260 1726//3260
f 1725//3261 1727//3261 1726//3261
f 1726//3262 1727//3262 1728//3262
f 1727//3263 1729//3263 1728//3263
f 1728//3264 1729//3264 1730//3264
f 1729//3265 1713//3265 1730//3265
f 1730//3266 1713//3266 1723//3266
f 1723//3267 1731//3267 1730//3267
f 1731//3268 1732//3268 1730//3268
f 1730//3269 1732//3269 1728//3269
f 1732//3270 1733//3270 1728//3270
f 1728//3271 1733//3271 1726//3271
f 1733//3260 1734//3260 1726//3260
f 1726//3260 1734//3260 1724//3260
f 1735//3272 1736//3272 1737//3272
f 1736//3273 1738//3273 1737//3273
f 1737//3274 1738//3274 1739//3274
f 1738//3275 1740//3275 1739//3275
f 1739//3276 1740//3276 1741//3276
f 1740//3277 1724//3277 1741//3277
f 1741//3278 1724//3278 1734//3278
f 1734//3279 1742//3279 1741//3279
f 1742//3280 1743//3280 1741//3280
f 1741//3281 1743//3281 1739//3281
f 1743//3282 1744//3282 1739//3282
f 1739//3283 1744//3283 1737//3283
f 1744//3272 1745//3272 1737//3272
f 1737//3272 1745//3272 1735//3272
f 1746//3284 1707//3284 1735//3284
f 1735//3284 1707//3284 1705//3284
f 1735//3284 1705//3284 1703//3284
f 1735//3284 1703//3284 1701//3284
f 1735//3284 1701//3284 1700//3284
f 1735//3284 1700//3284 1718//3284
f 1735//3284 1718//3284 1716//3284
f 1735//3284 1716//3284 1714//3284
f 1735//3284 1714//3284 1713//3284
f 1724//3284 1740//3284 1725//3284
f 1740//3284 1738//3284 1725//3284
f 1725//3284 1738//3284 1727//3284
f 1738//3284 1736//3284 1727//3284
f 1727//3284 1736//3284 1729//3284
f 1736//3284 1735//3284 1729//3284
f 1729//3284 1735//3284 1713//3284
f 1735//3284 1747//3284 1746//3284
f 1746//3284 1747//3284 1748//3284
f 1747//3284 1749//3284 1750//3284
f 1747//3284 1750//3284 1751//3284
f 1747//3284 1751//3284 1752//3284
f 1747//3284 1752//3284 1748//3284
f 1749//3284 1747//3284 1753//3284
f 1749//3284 1753//3284 1754//3284
f 1749//3284 1754//3284 1755//3284
f 1749//3284 1755//3284 1756//3284
f 1749//3284 1756//3284 1757//3284
f 1758//3284 1759//3284 1760//3284
f 1759//3284 1761//3284 1760//3284
f 1760//3284 1761//3284 1762//3284
f 1761//3284 1763//3284 1762//3284
f 1762//3284 1763//3284 1764//3284
f 1763//3284 1753//3284 1764//3284
f 1764//3284 1753//3284 1747//3284
f 1749//3284 1757//3284 1765//3284
f 1749//3284 1765//3284 1766//3284
f 1749//3284 1766//3284 1767//3284
f 1749//3284 1767//3284 1768//3284
f 1768//3284 1769//3284 1770//3284
f 1768//3284 1770//3284 1771//3284
f 1768//3284 1771//3284 1772//3284
f 1768//3284 1772//3284 1749//3284
f 1768//3284 1773//3284 1774//3284
f 1768//3284 1774//3284 1775//3284
f 1768//3284 1775//3284 1776//3284
f 1768//3284 1776//3284 1769//3284
f 1768//3284 1777//3284 1778//3284
f 1768//3284 1778//3284 1779//3284
f 1768//3284 1779//3284 1780//3284
f 1768//3284 1780//3284 1773//3284
f 1777//3284 1768//3284 1781//3284
f 1781//3284 1768//3284 1782//3284
f 1781//3284 1782//3284 1783//3284
f 1735//3285 1745//3285 1747//3285
f 1747//3285 1745//3285 1784//3285
f 1643//3285 1655//3285 1644//3285
f 1655//3285 1653//3285 1644//3285
f 1644//3285 1653//3285 1646//3285
f 1653//3285 1651//3285 1646//3285
f 1646//3285 1651//3285 1648//3285
f 1651//3285 1650//3285 1648//3285
f 1648//3285 1650//3285 1642//3285
f 1642//3285 1650//3285 1662//3285
f 1642//3285 1662//3285 1660//3285
f 1642//3285 1660//3285 1658//3285
f 1642//3285 1658//3285 1657//3285
f 1642//3285 1657//3285 1669//3285
f 1642//3285 1669//3285 1667//3285
f 1642//3285 1667//3285 1665//3285
f 1642//3285 1665//3285 1664//3285
f 1642//3285 1664//3285 1676//3285
f 1642//3285 1676//3285 1674//3285
f 1642//3285 1674//3285 1672//3285
f 1642//3285 1672//3285 1671//3285
f 1642//3285 1671//3285 1683//3285
f 1642//3285 1683//3285 1681//3285
f 1642//3285 1681//3285 1679//3285
f 1642//3285 1679//3285 1678//3285
f 1642//3285 1678//3285 1690//3285
f 1642//3285 1690//3285 1688//3285
f 1642//3285 1688//3285 1686//3285
f 1642//3285 1686//3285 1685//3285
f 1642//3285 1685//3285 1697//3285
f 1642//3285 1697//3285 1695//3285
f 1642//3285 1695//3285 1693//3285
f 1642//3285 1693//3285 1692//3285
f 1642//3285 1692//3285 1708//3285
f 1642//3285 1708//3285 1707//3285
f 1692//3285 1699//3285 1708//3285
f 1708//3285 1699//3285 1785//3285
f 1708//3285 1785//3285 1786//3285
f 1787//3285 1788//3285 1789//3285
f 1788//3285 1790//3285 1789//3285
f 1789//3285 1790//3285 1791//3285
f 1790//3285 1792//3285 1791//3285
f 1791//3285 1792//3285 1793//3285
f 1792//3285 1794//3285 1793//3285
f 1793//3285 1794//3285 1699//3285
f 1699//3285 1794//3285 1795//3285
f 1699//3285 1795//3285 1796//3285
f 1699//3285 1796//3285 1797//3285
f 1699//3285 1797//3285 1798//3285
f 1699//3285 1798//3285 1799//3285
f 1699//3285 1799//3285 1800//3285
f 1699//3285 1800//3285 1801//3285
f 1699//3285 1801//3285 1785//3285
f 1746//3285 1802//3285 1707//3285
f 1707//3285 1802//3285 1803//3285
f 1707//3285 1803//3285 1592//3285
f 1803//3285 1802//3285 1804//3285
f 1803//3285 1804//3285 1805//3285
f 1803//3285 1805//3285 1806//3285
f 1803//3285 1806//3285 1807//3285
f 1803//3285 1807//3285 1808//3285
f 1803//3285 1808//3285 1809//3285
f 1803//3285 1809//3285 1810//3285
f 1803//3285 1810//3285 1811//3285
f 1812//3285 1813//3285 1814//3285
f 1813//3285 1815//3285 1814//3285
f 1814//3285 1815//3285 1816//3285
f 1815//3285 1817//3285 1816//3285
f 1816//3285 1817//3285 1818//3285
f 1817//3285 1803//3285 1818//3285
f 1818//3285 1803//3285 1811//3285
f 1707//3285 1592//3285 1635//3285
f 1635//3285 1592//3285 1590//3285
f 1635//3285 1590//3285 1588//3285
f 1635//3285 1588//3285 1586//3285
f 1635//3285 1586//3285 1585//3285
f 1635//3285 1585//3285 1598//3285
f 1635//3285 1598//3285 1596//3285
f 1635//3285 1596//3285 1594//3285
f 1635//3285 1594//3285 1593//3285
f 1635//3285 1593//3285 1605//3285
f 1635//3285 1605//3285 1603//3285
f 1635//3285 1603//3285 1601//3285
f 1635//3285 1601//3285 1600//3285
f 1635//3285 1600//3285 1612//3285
f 1635//3285 1612//3285 1610//3285
f 1635//3285 1610//3285 1608//3285
f 1635//3285 1608//3285 1607//3285
f 1635//3285 1607//3285 1619//3285
f 1635//3285 1619//3285 1617//3285
f 1635//3285 1617//3285 1615//3285
f 1635//3285 1615//3285 1614//3285
f 1635//3285 1614//3285 1626//3285
f 1635//3285 1626//3285 1624//3285
f 1635//3285 1624//3285 1622//3285
f 1635//3285 1622//3285 1621//3285
f 1628//3285 1640//3285 1629//3285
f 1640//3285 1638//3285 1629//3285
f 1629//3285 1638//3285 1631//3285
f 1638//3285 1636//3285 1631//3285
f 1631//3285 1636//3285 1633//3285
f 1636//3285 1635//3285 1633//3285
f 1633//3285 1635//3285 1621//3285
f 1635//3285 1642//3285 1707//3285
f 1843//3117 1844//3117 1845//3117
f 1845//3117 1844//3117 1846//3117
f 1845//3117 1846//3117 1847//3117
f 1845//3117 1847//3117 1848//3117
f 1845//3117 1848//3117 1849//3117
f 1845//3117 1849//3117 1850//3117
f 1850//3117 1849//3117 1851//3117
f 1850//3117 1851//3117 1852//3117
f 1850//3117 1852//3117 1853//3117
f 1850//3117 1853//3117 1854//3117
f 1850//3117 1854//3117 1855//3117
f 1850//3117 1855//3117 1856//3117
f 1850//3117 1856//3117 1857//3117
f 1850//3117 1857//3117 1858//3117
f 1843//3117 1859//3117 1860//3117
f 1843//3117 1860//3117 1861//3117
f 1843//3117 1861//3117 1862//3117
f 1843//3117 1862//3117 1844//3117
f 1859//3117 1843//3117 1863//3117
f 1863//3117 1864//3117 1865//3117
f 1863//3117 1865//3117 1866//3117
f 1863//3117 1866//3117 1867//3117
f 1863//3117 1867//3117 1859//3117
f 1863//3117 1868//3117 1869//3117
f 1863//3117 1869//3117 1870//3117
f 1863//3117 1870//3117 1871//3117
f 1863//3117 1871//3117 1864//3117
f 1863//3398 1872//3398 1873//3398
f 1863//3117 1873//3117 1874//3117
f 1863//3117 1874//3117 1875//3117
f 1863//3117 1875//3117 1868//3117
f 1872//3117 1863//3117 1876//3117
f 1872//3117 1876//3117 1877//3117
f 1877//3117 1878//3117 1879//3117
f 1877//3117 1879//3117 1880//3117
f 1877//3117 1880//3117 1881//3117
f 1877//3117 1881//3117 1872//3117
f 1878//3117 1877//3117 1882//3117
f 1882//3117 1883//3117 1884//3117
f 1882//3117 1884//3117 1885//3117
f 1882//3117 1885//3117 1886//3117
f 1882//3398 1886//3398 1878//3398
f 1882//3117 1887//3117 1888//3117
f 1882//3117 1888//3117 1889//3117
f 1882//3117 1889//3117 1890//3117
f 1882//3117 1890//3117 1883//3117
f 1882//3117 1891//3117 1892//3117
f 1882//3117 1892//3117 1893//3117
f 1882//3117 1893//3117 1894//3117
f 1882//3117 1894//3117 1887//3117
f 1891//3117 1882//3117 1895//3117
f 1895//3117 1896//3117 1897//3117
f 1895//3117 1897//3117 1898//3117
f 1895//3117 1898//3117 1899//3117
f 1895//3117 1899//3117 1891//3117
f 1896//3117 1895//3117 1900//3117
f 1900//3117 1901//3117 1902//3117
f 1900//3117 1902//3117 1903//3117
f 1900//3117 1903//3117 1904//3117
f 1900//3117 1904//3117 1896//3117
f 1901//3117 1900//3117 1905//3117
f 1905//3117 1906//3117 1907//3117
f 1905//3117 1907//3117 1908//3117
f 1905//3117 1908//3117 1909//3117
f 1905//3117 1909//3117 1901//3117
f 1905//3117 1910//3117 1911//3117
f 1905//3117 1911//3117 1912//3117
f 1905//3117 1912//3117 1913//3117
f 1905//3117 1913//3117 1906//3117
f 1905//3398 1914//3398 1915//3398
f 1905//3117 1915//3117 1916//3117
f 1905//3117 1916//3117 1917//3117
f 1905//3117 1917//3117 1910//3117
f 1914//3117 1905//3117 1918//3117
f 1918//3117 1919//3117 1920//3117
f 1918//3117 1920//3117 1921//3117
f 1918//3117 1921//3117 1922//3117
f 1918//3117 1922//3117 1914//3117
f 1919//3117 1918//3117 1923//3117
f 1919//3117 1923//3117 1850//3117
f 1850//3117 1858//3117 1924//3117
f 1850//3117 1924//3117 1925//3117
f 1850//3117 1925//3117 1926//3117
f 1850//3398 1926//3398 1919//3398
f 1863//3285 1843//3285 1927//3285
f 1927//3285 1843//3285 1928//3285
f 1876//3230 1863//3230 1929//3230
f 1929//3230 1863//3230 1927//3230
f 1877//3285 1876//3285 1930//3285
f 1930//3285 1876//3285 1929//3285
f 1882//3284 1877//3284 1931//3284
f 1931//3284 1877//3284 1930//3284
f 1895//3285 1882//3285 1932//3285
f 1932//3285 1882//3285 1931//3285
f 1900//3284 1895//3284 1933//3284
f 1933//3284 1895//3284 1932//3284
f 1905//3231 1900//3231 1934//3231
f 1934//3231 1900//3231 1933//3231
f 1918//3284 1905//3284 1935//3284
f 1935//3284 1905//3284 1934//3284
f 1923//3231 1918//3231 1936//3231
f 1936//3231 1918//3231 1935//3231
f 1850//3230 1923//3230 1937//3230
f 1937//3230 1923//3230 1936//3230
f 1845//3231 1850//3231 1938//3231
f 1938//3231 1850//3231 1937//3231
f 1843//3230 1845//3230 1928//3230
f 1928//3230 1845//3230 1938//3230
f 1928//3398 1938//3398 1927//3398
f 1927//3398 1938//3398 1937//3398
f 1927//3398 1937//3398 1931//3398
f 1931//3398 1937//3398 1934//3398
f 1931//3398 1934//3398 1932//3398
f 1932//3398 1934//3398 1933//3398
f 1937//3398 1936//3398 1934//3398
f 1934//3398 1936//3398 1935//3398
f 1931//3398 1930//3398 1927//3398
f 1927//3398 1930//3398 1929//3398
f 1859//3399 1939//3399 1860//3399
f 1939//3400 1940//3400 1860//3400
f 1860//3401 1940//3401 1861//3401
f 1940//3402 1941//3402 1861//3402
f 1861//3403 1941//3403 1862//3403
f 1941//3404 1942//3404 1862//3404
f 1862//3405 1942//3405 1844//3405
f 1943//3406 1944//3406 1945//3406
f 1944//3407 1946//3407 1945//3407
f 1945//3408 1946//3408 1947//3408
f 1946//3409 1948//3409 1947//3409
f 1947//3410 1948//3410 1949//3410
f 1948//3411 1844//3411 1949//3411
f 1949//3412 1844//3412 1942//3412
f 1844//3413 1948//3413 1846//3413
f 1948//3414 1946//3414 1846//3414
f 1846//3415 1946//3415 1847//3415
f 1946//3416 1944//3416 1847//3416
f 1847//3417 1944//3417 1848//3417
f 1944//3418 1943//3418 1848//3418
f 1848//3419 1943//3419 1849//3419
f 1950//3420 1951//3420 1952//3420
f 1951//3421 1953//3421 1952//3421
f 1952//3422 1953//3422 1954//3422
f 1953//3423 1955//3423 1954//3423
f 1954//3424 1955//3424 1956//3424
f 1955//3425 1849//3425 1956//3425
f 1956//3426 1849//3426 1943//3426
f 1849//3427 1955//3427 1851//3427
f 1955//3428 1953//3428 1851//3428
f 1851//3429 1953//3429 1852//3429
f 1953//3430 1951//3430 1852//3430
f 1852//3431 1951//3431 1853//3431
f 1951//3432 1950//3432 1853//3432
f 1853//3433 1950//3433 1854//3433
f 1957//3434 1958//3434 1959//3434
f 1958//3435 1960//3435 1959//3435
f 1959//3436 1960//3436 1961//3436
f 1960//3437 1962//3437 1961//3437
f 1961//3438 1962//3438 1963//3438
f 1962//3439 1854//3439 1963//3439
f 1963//3440 1854//3440 1950//3440
f 1854//3441 1962//3441 1855//3441
f 1962//3442 1960//3442 1855//3442
f 1855//3443 1960//3443 1856//3443
f 1960//3444 1958//3444 1856//3444
f 1856//3445 1958//3445 1857//3445
f 1958//3446 1957//3446 1857//3446
f 1857//3447 1957//3447 1858//3447
f 1964//3448 1965//3448 1966//3448
f 1965//3449 1967//3449 1966//3449
f 1966//3450 1967//3450 1968//3450
f 1967//3451 1969//3451 1968//3451
f 1968//3452 1969//3452 1970//3452
f 1969//3453 1858//3453 1970//3453
f 1970//3454 1858//3454 1957//3454
f 1858//3455 1969//3455 1924//3455
f 1969//3456 1967//3456 1924//3456
f 1924//3457 1967//3457 1925//3457
f 1967//3458 1965//3458 1925//3458
f 1925//3459 1965//3459 1926//3459
f 1965//3460 1964//3460 1926//3460
f 1926//3461 1964//3461 1919//3461
f 1971//3462 1972//3462 1973//3462
f 1972//3463 1974//3463 1973//3463
f 1973//3464 1974//3464 1975//3464
f 1974//3465 1976//3465 1975//3465
f 1975//3466 1976//3466 1977//3466
f 1976//3467 1919//3467 1977//3467
f 1977//3468 1919//3468 1964//3468
f 1919//3469 1976//3469 1920//3469
f 1976//3470 1974//3470 1920//3470
f 1920//3471 1974//3471 1921//3471
f 1974//3472 1972//3472 1921//3472
f 1921//3473 1972//3473 1922//3473
f 1972//3474 1971//3474 1922//3474
f 1922//3475 1971//3475 1914//3475
f 1978//3476 1979//3476 1980//3476
f 1979//3477 1981//3477 1980//3477
f 1980//3478 1981//3478 1982//3478
f 1981//3479 1983//3479 1982//3479
f 1982//3480 1983//3480 1984//3480
f 1983//3481 1914//3481 1984//3481
f 1984//3482 1914//3482 1971//3482
f 1914//3483 1983//3483 1915//3483
f 1983//3484 1981//3484 1915//3484
f 1915//3485 1981//3485 1916//3485
f 1981//3486 1979//3486 1916//3486
f 1916//3487 1979//3487 1917//3487
f 1979//3488 1978//3488 1917//3488
f 1917//3489 1978//3489 1910//3489
f 1985//3490 1986//3490 1987//3490
f 1986//3491 1988//3491 1987//3491
f 1987//3492 1988//3492 1989//3492
f 1988//3493 1990//3493 1989//3493
f 1989//3494 1990//3494 1991//3494
f 1990//3495 1910//3495 1991//3495
f 1991//3496 1910//3496 1978//3496
f 1910//3497 1990//3497 1911//3497
f 1990//3498 1988//3498 1911//3498
f 1911//3499 1988//3499 1912//3499
f 1988//3500 1986//3500 1912//3500
f 1912//3501 1986//3501 1913//3501
f 1986//3502 1985//3502 1913//3502
f 1913//3503 1985//3503 1906//3503
f 1992//3504 1993//3504 1994//3504
f 1993//3505 1995//3505 1994//3505
f 1994//3506 1995//3506 1996//3506
f 1995//3507 1997//3507 1996//3507
f 1996//3508 1997//3508 1998//3508
f 1997//3509 1906//3509 1998//3509
f 1998//3510 1906//3510 1985//3510
f 1906//3511 1997//3511 1907//3511
f 1997//3512 1995//3512 1907//3512
f 1907//3513 1995//3513 1908//3513
f 1995//3514 1993//3514 1908//3514
f 1908//3515 1993//3515 1909//3515
f 1993//3516 1992//3516 1909//3516
f 1909//3517 1992//3517 1901//3517
f 1896//3518 1904//3518 1999//3518
f 1904//3519 1903//3519 1999//3519
f 1999//3520 1903//3520 2000//3520
f 1903//3521 1902//3521 2000//3521
f 2000//3522 1902//3522 2001//3522
f 1902//3523 1901//3523 2001//3523
f 2001//3524 1901//3524 1992//3524
f 1992//3525 2002//3525 2001//3525
f 2002//3526 2003//3526 2001//3526
f 2001//3527 2003//3527 2000//3527
f 2003//3528 2004//3528 2000//3528
f 2000//3529 2004//3529 1999//3529
f 2004//3530 2005//3530 1999//3530
f 1999//3531 2005//3531 1896//3531
f 1891//3532 1899//3532 2006//3532
f 1899//3533 1898//3533 2006//3533
f 2006//3534 1898//3534 2007//3534
f 1898//3535 1897//3535 2007//3535
f 2007//3536 1897//3536 2008//3536
f 1897//3537 1896//3537 2008//3537
f 2008//3538 1896//3538 2005//3538
f 2005//3539 2009//3539 2008//3539
f 2009//3540 2010//3540 2008//3540
f 2008//3541 2010//3541 2007//3541
f 2010//3542 2011//3542 2007//3542
f 2007//3543 2011//3543 2006//3543
f 2011//3544 2012//3544 2006//3544
f 2006//3545 2012//3545 1891//3545
f 2013//3546 2014//3546 2015//3546
f 2014//3547 2016//3547 2015//3547
f 2015//3548 2016//3548 2017//3548
f 2016//3549 2018//3549 2017//3549
f 2017//3550 2018//3550 2019//3550
f 2018//3551 1891//3551 2019//3551
f 2019//3552 1891//3552 2012//3552
f 1942//3553 1941//3553 2020//3553
f 1941//3554 1940//3554 2020//3554
f 2020//3555 1940//3555 2021//3555
f 1940//3556 1939//3556 2021//3556
f 2021//3557 1939//3557 2022//3557
f 1939//3558 1859//3558 2022//3558
f 2022//3559 1859//3559 2023//3559
f 1864//3560 2024//3560 1865//3560
f 2024//3561 2025//3561 1865//3561
f 1865//3562 2025//3562 1866//3562
f 2025//3563 2026//3563 1866//3563
f 1866//3564 2026//3564 1867//3564
f 2026//3565 2023//3565 1867//3565
f 1867//3566 2023//3566 1859//3566
f 2023//3567 2026//3567 2027//3567
f 2026//3568 2025//3568 2027//3568
f 2027//3569 2025//3569 2028//3569
f 2025//3570 2024//3570 2028//3570
f 2028//3571 2024//3571 2029//3571
f 2024//3572 1864//3572 2029//3572
f 2029//3573 1864//3573 2030//3573
f 1868//3574 2031//3574 1869//3574
f 2031//3575 2032//3575 1869//3575
f 1869//3576 2032//3576 1870//3576
f 2032//3577 2033//3577 1870//3577
f 1870//3578 2033//3578 1871//3578
f 2033//3579 2030//3579 1871//3579
f 1871//3580 2030//3580 1864//3580
f 2030//3581 2033//3581 2034//3581
f 2033//3582 2032//3582 2034//3582
f 2034//3583 2032//3583 2035//3583
f 2032//3584 2031//3584 2035//3584
f 2035//3585 2031//3585 2036//3585
f 2031//3586 1868//3586 2036//3586
f 2036//3587 1868//3587 2037//3587
f 1872//3588 2038//3588 1873//3588
f 2038//3589 2039//3589 1873//3589
f 1873//3590 2039//3590 1874//3590
f 2039//3591 2040//3591 1874//3591
f 1874//3592 2040//3592 1875//3592
f 2040//3593 2037//3593 1875//3593
f 1875//3594 2037//3594 1868//3594
f 2037//3595 2040//3595 2041//3595
f 2040//3596 2039//3596 2041//3596
f 2041//3597 2039//3597 2042//3597
f 2039//3598 2038//3598 2042//3598
f 2042//3599 2038//3599 2043//3599
f 2038//3600 1872//3600 2043//3600
f 2043//3601 1872//3601 2044//3601
f 1878//3602 2045//3602 1879//3602
f 2045//3603 2046//3603 1879//3603
f 1879//3604 2046//3604 1880//3604
f 2046//3605 2047//3605 1880//3605
f 1880//3606 2047//3606 1881//3606
f 2047//3607 2044//3607 1881//3607
f 1881//3608 2044//3608 1872//3608
f 2044//3609 2047//3609 2048//3609
f 2047//3610 2046//3610 2048//3610
f 2048//3611 2046//3611 2049//3611
f 2046//3612 2045//3612 2049//3612
f 2049//3613 2045//3613 2050//3613
f 2045//3614 1878//3614 2050//3614
f 2050//3615 1878//3615 2051//3615
f 1883//3616 2052//3616 1884//3616
f 2052//3617 2053//3617 1884//3617
f 1884//3618 2053//3618 1885//3618
f 2053//3619 2054//3619 1885//3619
f 1885//3620 2054//3620 1886//3620
f 2054//3621 2051//3621 1886//3621
f 1886//3622 2051//3622 1878//3622
f 2051//3623 2054//3623 2055//3623
f 2054//3624 2053//3624 2055//3624
f 2055//3625 2053//3625 2056//3625
f 2053//3626 2052//3626 2056//3626
f 2056//3627 2052//3627 2057//3627
f 2052//3628 1883//3628 2057//3628
f 2057//3629 1883//3629 2058//3629
f 1887//3630 2059//3630 1888//3630
f 2059//3631 2060//3631 1888//3631
f 1888//3632 2060//3632 1889//3632
f 2060//3633 2061//3633 1889//3633
f 1889//3634 2061//3634 1890//3634
f 2061//3635 2058//3635 1890//3635
f 1890//3636 2058//3636 1883//3636
f 2058//3637 2061//3637 2062//3637
f 2061//3638 2060//3638 2062//3638
f 2062//3639 2060//3639 2063//3639
f 2060//3640 2059//3640 2063//3640
f 2063//3641 2059//3641 2064//3641
f 2059//3642 1887//3642 2064//3642
f 2064//3643 1887//3643 2013//3643
f 1891//3644 2018//3644 1892//3644
f 2018//3645 2016//3645 1892//3645
f 1892//3646 2016//3646 1893//3646
f 2016//3647 2014//3647 1893//3647
f 1893//3648 2014//3648 1894//3648
f 2014//3649 2013//3649 1894//3649
f 1894//3650 2013//3650 1887//3650
f 2065//3651 2066//3651 2067//3651
f 2066//3652 2068//3652 2067//3652
f 2067//3653 2068//3653 2069//3653
f 2068//3654 2070//3654 2069//3654
f 2069//3655 2070//3655 2071//3655
f 2070//3656 1777//3656 2071//3656
f 2071//3657 1777//3657 2072//3657
f 1777//3658 2070//3658 1778//3658
f 2070//3659 2068//3659 1778//3659
f 1778//3660 2068//3660 1779//3660
f 2068//3661 2066//3661 1779//3661
f 1779//3662 2066//3662 1780//3662
f 2066//3663 2065//3663 1780//3663
f 1780//3664 2065//3664 1773//3664
f 1769//3665 1776//3665 2073//3665
f 1776//3666 1775//3666 2073//3666
f 2073//3667 1775//3667 2074//3667
f 1775//3668 1774//3668 2074//3668
f 2074//3669 1774//3669 2075//3669
f 1774//3670 1773//3670 2075//3670
f 2075//3671 1773//3671 2065//3671
f 2065//3672 2076//3672 2075//3672
f 2076//3673 2077//3673 2075//3673
f 2075//3674 2077//3674 2074//3674
f 2077//3675 2078//3675 2074//3675
f 2074//3676 2078//3676 2073//3676
f 2078//3677 2079//3677 2073//3677
f 2073//3678 2079//3678 1769//3678
f 1749//3679 1772//3679 2080//3679
f 1772//3680 1771//3680 2080//3680
f 2080//3681 1771//3681 2081//3681
f 1771//3682 1770//3682 2081//3682
f 2081//3683 1770//3683 2082//3683
f 1770//3684 1769//3684 2082//3684
f 2082//3685 1769//3685 2079//3685
f 2079//3686 2083//3686 2082//3686
f 2083//3687 2084//3687 2082//3687
f 2082//3688 2084//3688 2081//3688
f 2084//3689 2085//3689 2081//3689
f 2081//3690 2085//3690 2080//3690
f 2085//3691 2086//3691 2080//3691
f 2080//3692 2086//3692 1749//3692
f 2087//3693 2088//3693 2089//3693
f 2088//3694 2090//3694 2089//3694
f 2089//3695 2090//3695 2091//3695
f 2090//3696 2092//3696 2091//3696
f 2091//3697 2092//3697 2093//3697
f 2092//3698 1749//3698 2093//3698
f 2093//3699 1749//3699 2086//3699
f 1749//3700 2092//3700 1750//3700
f 2092//3701 2090//3701 1750//3701
f 1750//3702 2090//3702 1751//3702
f 2090//3703 2088//3703 1751//3703
f 1751//3704 2088//3704 1752//3704
f 2088//3705 2087//3705 1752//3705
f 1752//3706 2087//3706 1748//3706
f 1786//3231 1746//3231 2087//3231
f 2087//3231 1746//3231 1748//3231
f 2094//3707 2095//3707 2096//3707
f 2095//3708 2097//3708 2096//3708
f 2096//3709 2097//3709 2098//3709
f 2097//3710 2099//3710 2098//3710
f 2098//3711 2099//3711 2100//3711
f 2099//3712 2101//3712 2100//3712
f 2100//3713 2101//3713 2102//3713
f 2101//3714 2099//3714 2103//3714
f 2099//3715 2097//3715 2103//3715
f 2103//3716 2097//3716 2104//3716
f 2097//3717 2095//3717 2104//3717
f 2104//3718 2095//3718 2105//3718
f 2095//3719 2094//3719 2105//3719
f 2105//3720 2094//3720 2106//3720
f 2107//3721 2108//3721 2109//3721
f 2108//3722 2110//3722 2109//3722
f 2109//3723 2110//3723 2111//3723
f 2110//3724 2112//3724 2111//3724
f 2111//3725 2112//3725 2113//3725
f 2112//3726 2106//3726 2113//3726
f 2113//3727 2106//3727 2094//3727
f 2094//3728 2114//3728 2113//3728
f 2114//3729 2115//3729 2113//3729
f 2113//3730 2115//3730 2111//3730
f 2115//3731 2116//3731 2111//3731
f 2111//3732 2116//3732 2109//3732
f 2116//3733 2117//3733 2109//3733
f 2109//3734 2117//3734 2107//3734
f 2118//3735 2119//3735 2120//3735
f 2119//3736 2121//3736 2120//3736
f 2120//3737 2121//3737 2122//3737
f 2121//3738 2123//3738 2122//3738
f 2122//3739 2123//3739 2124//3739
f 2123//3740 2107//3740 2124//3740
f 2124//3741 2107//3741 2117//3741
f 2117//3742 2125//3742 2124//3742
f 2125//3743 2126//3743 2124//3743
f 2124//3744 2126//3744 2122//3744
f 2126//3745 2127//3745 2122//3745
f 2122//3746 2127//3746 2120//3746
f 2127//3747 2128//3747 2120//3747
f 2120//3748 2128//3748 2118//3748
f 2129//3749 2130//3749 2131//3749
f 2130//3750 2132//3750 2131//3750
f 2131//3751 2132//3751 2133//3751
f 2132//3752 2134//3752 2133//3752
f 2133//3753 2134//3753 2135//3753
f 2134//3754 2118//3754 2135//3754
f 2135//3755 2118//3755 2128//3755
f 2118//3756 2134//3756 2136//3756
f 2134//3757 2132//3757 2136//3757
f 2136//3758 2132//3758 2137//3758
f 2132//3759 2130//3759 2137//3759
f 2137//3760 2130//3760 2138//3760
f 2130//3761 2129//3761 2138//3761
f 2138//3762 2129//3762 2139//3762
f 2140//3398 1942//3398 2020//3398
f 2140//3398 2020//3398 2021//3398
f 2140//3398 2021//3398 2022//3398
f 2140//3398 2022//3398 2023//3398
f 1942//3398 2140//3398 2141//3398
f 1942//3398 2141//3398 2129//3398
f 2140//3398 2023//3398 2142//3398
f 2142//3398 2023//3398 2027//3398
f 2142//3398 2027//3398 2028//3398
f 2142//3398 2028//3398 2029//3398
f 2142//3398 2029//3398 2030//3398
f 2142//3398 2030//3398 2034//3398
f 2142//3398 2034//3398 2035//3398
f 2142//3398 2035//3398 2036//3398
f 2142//3398 2036//3398 2037//3398
f 2142//3398 2037//3398 2041//3398
f 2142//3398 2041//3398 2042//3398
f 2142//3398 2042//3398 2043//3398
f 2142//3398 2043//3398 2044//3398
f 2142//3398 2044//3398 2048//3398
f 2142//3398 2048//3398 2049//3398
f 2142//3398 2049//3398 2050//3398
f 2142//3398 2050//3398 2051//3398
f 2142//3398 2051//3398 1782//3398
f 1782//3398 2051//3398 2055//3398
f 1782//3398 2055//3398 2056//3398
f 1782//3398 2056//3398 2057//3398
f 1782//3398 2057//3398 2058//3398
f 1782//3398 2058//3398 2062//3398
f 1782//3398 2062//3398 2063//3398
f 1782//3398 2063//3398 2064//3398
f 1782//3398 2064//3398 2013//3398
f 1782//3398 2013//3398 2015//3398
f 1782//3398 2015//3398 2017//3398
f 1782//3398 2017//3398 2019//3398
f 1782//3398 2019//3398 2012//3398
f 1782//3398 2012//3398 2143//3398
f 2143//3398 2012//3398 2011//3398
f 2143//3398 2011//3398 2010//3398
f 2143//3398 2010//3398 2009//3398
f 2143//3398 2009//3398 2005//3398
f 2143//3398 2005//3398 2144//3398
f 2144//3398 2005//3398 2145//3398
f 2145//3398 2005//3398 2146//3398
f 2145//3398 2146//3398 2147//3398
f 2145//3398 2147//3398 2148//3398
f 2145//3398 2148//3398 2149//3398
f 2145//3398 2149//3398 2150//3398
f 2146//3398 2005//3398 2004//3398
f 2146//3398 2004//3398 2003//3398
f 2146//3398 2003//3398 2002//3398
f 2146//3398 2002//3398 1992//3398
f 2146//3398 1992//3398 1994//3398
f 2146//3398 1994//3398 1996//3398
f 2146//3398 1996//3398 1998//3398
f 2146//3398 1998//3398 1985//3398
f 2146//3398 1985//3398 1987//3398
f 2146//3398 1987//3398 1989//3398
f 2146//3398 1989//3398 1991//3398
f 2146//3398 1991//3398 1978//3398
f 2146//3398 1978//3398 1980//3398
f 2146//3398 1980//3398 1982//3398
f 2146//3398 1982//3398 1984//3398
f 2146//3398 1984//3398 1971//3398
f 2146//3398 1971//3398 1973//3398
f 2146//3398 1973//3398 1975//3398
f 2146//3398 1975//3398 1977//3398
f 2146//3398 1977//3398 1964//3398
f 2146//3398 1964//3398 2102//3398
f 2102//3398 1964//3398 1966//3398
f 2102//3398 1966//3398 1968//3398
f 2102//3398 1968//3398 1970//3398
f 2102//3398 1970//3398 1957//3398
f 2102//3398 1957//3398 1959//3398
f 2102//3398 1959//3398 1961//3398
f 2102//3398 1961//3398 1963//3398
f 2102//3398 1963//3398 1950//3398
f 2102//3398 1950//3398 1952//3398
f 2102//3398 1952//3398 1954//3398
f 2102//3398 1954//3398 1956//3398
f 2102//3398 1956//3398 1943//3398
f 2102//3398 1943//3398 1945//3398
f 2102//3398 1945//3398 1947//3398
f 2102//3398 1947//3398 1949//3398
f 2102//3398 1949//3398 1942//3398
f 2102//3398 1942//3398 2129//3398
f 2128//3398 2127//3398 2135//3398
f 2127//3398 2126//3398 2135//3398
f 2135//3398 2126//3398 2133//3398
f 2126//3398 2125//3398 2133//3398
f 2133//3398 2125//3398 2131//3398
f 2125//3398 2117//3398 2131//3398
f 2131//3398 2117//3398 2129//3398
f 2129//3398 2117//3398 2116//3398
f 2129//3398 2116//3398 2115//3398
f 2129//3398 2115//3398 2114//3398
f 2129//3398 2114//3398 2094//3398
f 2129//3398 2094//3398 2096//3398
f 2129//3398 2096//3398 2098//3398
f 2129//3398 2098//3398 2100//3398
f 2129//3398 2100//3398 2102//3398
f 2145//3398 2150//3398 2151//3398
f 2145//3398 2151//3398 2152//3398
f 2145//3398 2152//3398 2153//3398
f 2145//3398 2153//3398 2154//3398
f 2155//3398 2156//3398 2157//3398
f 2156//3398 2158//3398 2157//3398
f 2157//3398 2158//3398 2159//3398
f 2158//3398 2160//3398 2159//3398
f 2159//3398 2160//3398 2161//3398
f 2160//3398 2145//3398 2161//3398
f 2161//3398 2145//3398 2154//3398
f 2162//3398 2163//3398 2164//3398
f 2163//3398 2165//3398 2164//3398
f 2164//3398 2165//3398 2166//3398
f 2165//3398 2167//3398 2166//3398
f 2166//3398 2167//3398 2168//3398
f 2167//3398 2169//3398 2168//3398
f 2168//3398 2169//3398 2144//3398
f 2144//3398 2169//3398 2170//3398
f 2144//3398 2170//3398 2171//3398
f 2144//3398 2171//3398 2172//3398
f 2144//3398 2172//3398 2173//3398
f 2144//3398 2173//3398 2174//3398
f 2144//3398 2174//3398 2175//3398
f 2144//3398 2175//3398 2176//3398
f 2144//3398 2176//3398 2143//3398
f 1782//3398 1768//3398 2142//3398
f 2142//3398 1768//3398 2177//3398
f 2141//3398 2140//3398 2178//3398
f 2141//3398 2178//3398 2179//3398
f 2141//3398 2179//3398 2180//3398
f 2141//3398 2180//3398 2181//3398
f 2141//3398 2181//3398 2182//3398
f 2141//3398 2182//3398 2183//3398
f 2141//3398 2183//3398 2184//3398
f 2141//3398 2184//3398 2185//3398
f 2186//3398 2187//3398 2188//3398
f 2187//3398 2189//3398 2188//3398
f 2188//3398 2189//3398 2190//3398
f 2189//3398 2191//3398 2190//3398
f 2190//3398 2191//3398 2192//3398
f 2191//3398 2141//3398 2192//3398
f 2192//3398 2141//3398 2185//3398
f 2101//3231 2193//3231 2102//3231
f 2102//3231 2193//3231 2146//3231
f 2155//3763 2194//3763 2156//3763
f 2194//3764 2195//3764 2156//3764
f 2156//3765 2195//3765 2158//3765
f 2195//3766 2196//3766 2158//3766
f 2158//3767 2196//3767 2160//3767
f 2196//3768 2197//3768 2160//3768
f 2160//3769 2197//3769 2145//3769
f 2197//3770 2196//3770 2198//3770
f 2196//3771 2195//3771 2198//3771
f 2198//3772 2195//3772 2199//3772
f 2195//3773 2194//3773 2199//3773
f 2199//3774 2194//3774 2200//3774
f 2194//3775 2155//3775 2200//3775
f 2200//3776 2155//3776 2201//3776
f 2202//3777 2203//3777 2204//3777
f 2203//3778 2205//3778 2204//3778
f 2204//3779 2205//3779 2206//3779
f 2205//3780 2207//3780 2206//3780
f 2206//3781 2207//3781 2208//3781
f 2207//3782 2201//3782 2208//3782
f 2208//3783 2201//3783 2155//3783
f 2155//3784 2157//3784 2208//3784
f 2157//3785 2159//3785 2208//3785
f 2208//3786 2159//3786 2206//3786
f 2159//3787 2161//3787 2206//3787
f 2206//3788 2161//3788 2204//3788
f 2161//3789 2154//3789 2204//3789
f 2204//3790 2154//3790 2202//3790
f 2209//3791 2210//3791 2211//3791
f 2210//3792 2212//3792 2211//3792
f 2211//3793 2212//3793 2213//3793
f 2212//3794 2214//3794 2213//3794
f 2213//3795 2214//3795 2215//3795
f 2214//3796 2202//3796 2215//3796
f 2215//3797 2202//3797 2154//3797
f 2154//3798 2153//3798 2215//3798
f 2153//3799 2152//3799 2215//3799
f 2215//3800 2152//3800 2213//3800
f 2152//3801 2151//3801 2213//3801
f 2213//3802 2151//3802 2211//3802
f 2151//3803 2150//3803 2211//3803
f 2211//3804 2150//3804 2209//3804
f 2146//3805 2216//3805 2147//3805
f 2216//3806 2217//3806 2147//3806
f 2147//3807 2217//3807 2148//3807
f 2217//3808 2218//3808 2148//3808
f 2148//3809 2218//3809 2149//3809
f 2218//3810 2209//3810 2149//3810
f 2149//3811 2209//3811 2150//3811
f 2209//3812 2218//3812 2219//3812
f 2218//3813 2217//3813 2219//3813
f 2219//3814 2217//3814 2220//3814
f 2217//3815 2216//3815 2220//3815
f 2220//3816 2216//3816 2221//3816
f 2216//3817 2146//3817 2221//3817
f 2221//3818 2146//3818 2193//3818
f 2173//3819 2222//3819 2174//3819
f 2222//3820 2223//3820 2174//3820
f 2174//3821 2223//3821 2175//3821
f 2223//3822 2224//3822 2175//3822
f 2175//3823 2224//3823 2176//3823
f 2224//3824 2225//3824 2176//3824
f 2176//3825 2225//3825 2143//3825
f 2225//3826 2224//3826 2226//3826
f 2224//3827 2223//3827 2226//3827
f 2226//3828 2223//3828 2227//3828
f 2223//3829 2222//3829 2227//3829
f 2227//3830 2222//3830 2228//3830
f 2222//3831 2173//3831 2228//3831
f 2228//3832 2173//3832 2229//3832
f 2230//3833 2231//3833 2232//3833
f 2231//3834 2233//3834 2232//3834
f 2232//3835 2233//3835 2234//3835
f 2233//3836 2235//3836 2234//3836
f 2234//3837 2235//3837 2236//3837
f 2235//3838 2229//3838 2236//3838
f 2236//3839 2229//3839 2173//3839
f 2173//3840 2172//3840 2236//3840
f 2172//3841 2171//3841 2236//3841
f 2236//3842 2171//3842 2234//3842
f 2171//3843 2170//3843 2234//3843
f 2234//3844 2170//3844 2232//3844
f 2170//3845 2169//3845 2232//3845
f 2232//3846 2169//3846 2230//3846
f 2237//3847 2238//3847 2239//3847
f 2238//3848 2240//3848 2239//3848
f 2239//3849 2240//3849 2241//3849
f 2240//3850 2242//3850 2241//3850
f 2241//3851 2242//3851 2243//3851
f 2242//3852 2230//3852 2243//3852
f 2243//3853 2230//3853 2169//3853
f 2169//3854 2167//3854 2243//3854
f 2167//3855 2165//3855 2243//3855
f 2243//3856 2165//3856 2241//3856
f 2165//3857 2163//3857 2241//3857
f 2241//3858 2163//3858 2239//3858
f 2163//3859 2162//3859 2239//3859
f 2239//3860 2162//3860 2237//3860
f 2144//3861 2244//3861 2168//3861
f 2244//3862 2245//3862 2168//3862
f 2168//3863 2245//3863 2166//3863
f 2245//3864 2246//3864 2166//3864
f 2166//3865 2246//3865 2164//3865
f 2246//3866 2237//3866 2164//3866
f 2164//3867 2237//3867 2162//3867
f 2237//3868 2246//3868 2247//3868
f 2246//3869 2245//3869 2247//3869
f 2247//3870 2245//3870 2248//3870
f 2245//3871 2244//3871 2248//3871
f 2248//3872 2244//3872 2249//3872
f 2244//3873 2144//3873 2249//3873
f 2249//3874 2144//3874 2250//3874
f 2225//3285 1783//3285 2143//3285
f 2143//3285 1783//3285 1782//3285
f 2186//3875 2251//3875 2187//3875
f 2251//3876 2252//3876 2187//3876
f 2187//3877 2252//3877 2189//3877
f 2252//3878 2253//3878 2189//3878
f 2189//3879 2253//3879 2191//3879
f 2253//3880 2254//3880 2191//3880
f 2191//3881 2254//3881 2141//3881
f 2254//3882 2253//3882 2255//3882
f 2253//3883 2252//3883 2255//3883
f 2255//3884 2252//3884 2256//3884
f 2252//3885 2251//3885 2256//3885
f 2256//3886 2251//3886 2257//3886
f 2251//3887 2186//3887 2257//3887
f 2257//3888 2186//3888 2258//3888
f 2259//3889 2260//3889 2261//3889
f 2260//3890 2262//3890 2261//3890
f 2261//3891 2262//3891 2263//3891
f 2262//3892 2264//3892 2263//3892
f 2263//3893 2264//3893 2265//3893
f 2264//3894 2258//3894 2265//3894
f 2265//3895 2258//3895 2186//3895
f 2186//3896 2188//3896 2265//3896
f 2188//3897 2190//3897 2265//3897
f 2265//3898 2190//3898 2263//3898
f 2190//3899 2192//3899 2263//3899
f 2263//3900 2192//3900 2261//3900
f 2192//3901 2185//3901 2261//3901
f 2261//3902 2185//3902 2259//3902
f 2266//3903 2267//3903 2268//3903
f 2267//3904 2269//3904 2268//3904
f 2268//3905 2269//3905 2270//3905
f 2269//3906 2271//3906 2270//3906
f 2270//3907 2271//3907 2272//3907
f 2271//3908 2259//3908 2272//3908
f 2272//3909 2259//3909 2185//3909
f 2185//3910 2184//3910 2272//3910
f 2184//3911 2183//3911 2272//3911
f 2272//3912 2183//3912 2270//3912
f 2183//3913 2182//3913 2270//3913
f 2270//3914 2182//3914 2268//3914
f 2182//3915 2181//3915 2268//3915
f 2268//3916 2181//3916 2266//3916
f 2140//3917 2273//3917 2178//3917
f 2273//3918 2274//3918 2178//3918
f 2178//3919 2274//3919 2179//3919
f 2274//3920 2275//3920 2179//3920
f 2179//3921 2275//3921 2180//3921
f 2275//3922 2266//3922 2180//3922
f 2180//3923 2266//3923 2181//3923
f 2266//3924 2275//3924 2276//3924
f 2275//3925 2274//3925 2276//3925
f 2276//3926 2274//3926 2277//3926
f 2274//3927 2273//3927 2277//3927
f 2277//3928 2273//3928 2278//3928
f 2273//3929 2140//3929 2278//3929
f 2278//3930 2140//3930 2279//3930
f 2129//3230 2141//3230 2139//3230
f 2139//3230 2141//3230 2254//3230
f 1757//3931 2280//3931 1765//3931
f 2280//3932 2281//3932 1765//3932
f 1765//3933 2281//3933 1766//3933
f 2281//3934 2282//3934 1766//3934
f 1766//3935 2282//3935 1767//3935
f 2282//3936 2177//3936 1767//3936
f 1767//3937 2177//3937 1768//3937
f 2177//3938 2282//3938 2283//3938
f 2282//3939 2281//3939 2283//3939
f 2283//3940 2281//3940 2284//3940
f 2281//3941 2280//3941 2284//3941
f 2284//3942 2280//3942 2285//3942
f 2280//3943 1757//3943 2285//3943
f 2285//3944 1757//3944 2286//3944
f 2287//3945 2288//3945 2289//3945
f 2288//3946 2290//3946 2289//3946
f 2289//3947 2290//3947 2291//3947
f 2290//3948 2292//3948 2291//3948
f 2291//3949 2292//3949 2293//3949
f 2292//3950 2286//3950 2293//3950
f 2293//3951 2286//3951 1757//3951
f 1757//3952 1756//3952 2293//3952
f 1756//3953 1755//3953 2293//3953
f 2293//3954 1755//3954 2291//3954
f 1755//3955 1754//3955 2291//3955
f 2291//3956 1754//3956 2289//3956
f 1754//3957 1753//3957 2289//3957
f 2289//3958 1753//3958 2287//3958
f 2294//3959 2295//3959 2296//3959
f 2295//3960 2297//3960 2296//3960
f 2296//3961 2297//3961 2298//3961
f 2297//3962 2299//3962 2298//3962
f 2298//3963 2299//3963 2300//3963
f 2299//3964 2287//3964 2300//3964
f 2300//3965 2287//3965 1753//3965
f 1753//3966 1763//3966 2300//3966
f 1763//3967 1761//3967 2300//3967
f 2300//3968 1761//3968 2298//3968
f 1761//3969 1759//3969 2298//3969
f 2298//3970 1759//3970 2296//3970
f 1759//3971 1758//3971 2296//3971
f 2296//3972 1758//3972 2294//3972
f 1747//3973 2301//3973 1764//3973
f 2301//3974 2302//3974 1764//3974
f 1764//3975 2302//3975 1762//3975
f 2302//3976 2303//3976 1762//3976
f 1762//3977 2303//3977 1760//3977
f 2303//3978 2294//3978 1760//3978
f 1760//3979 2294//3979 1758//3979
f 2294//3980 2303//3980 2304//3980
f 2303//3981 2302//3981 2304//3981
f 2304//3982 2302//3982 2305//3982
f 2302//3983 2301//3983 2305//3983
f 2305//3984 2301//3984 2306//3984
f 2301//3985 1747//3985 2306//3985
f 2306//3986 1747//3986 1784//3986
f 2072//3117 1777//3117 2307//3117
f 2307//3117 1777//3117 1781//3117
f 1734//3230 1733//3230 1742//3230
f 1733//3230 1732//3230 1742//3230
f 1742//3230 1732//3230 1743//3230
f 1732//3230 1731//3230 1743//3230
f 1743//3230 1731//3230 1744//3230
f 1731//3230 1723//3230 1744//3230
f 1744//3230 1723//3230 1745//3230
f 1745//3230 1723//3230 1722//3230
f 1745//3230 1722//3230 1721//3230
f 1745//3230 1721//3230 1720//3230
f 1745//3230 1720//3230 1712//3230
f 1745//3230 1712//3230 1786//3230
f 1786//3230 1712//3230 1711//3230
f 1786//3230 1711//3230 1710//3230
f 1786//3230 1710//3230 1709//3230
f 1786//3230 1709//3230 1708//3230
f 1745//3230 1786//3230 1784//3230
f 1784//3230 1786//3230 2087//3230
f 1784//3230 2087//3230 2287//3230
f 2087//3230 2286//3230 2292//3230
f 2087//3230 2292//3230 2290//3230
f 2087//3230 2290//3230 2288//3230
f 2087//3230 2288//3230 2287//3230
f 2286//3230 2087//3230 2089//3230
f 2286//3230 2089//3230 2091//3230
f 2286//3230 2091//3230 2093//3230
f 2286//3230 2093//3230 2086//3230
f 2086//3230 2177//3230 2283//3230
f 2086//3230 2283//3230 2284//3230
f 2086//3230 2284//3230 2285//3230
f 2086//3230 2285//3230 2286//3230
f 2177//3230 2086//3230 2085//3230
f 2177//3230 2085//3230 2084//3230
f 2177//3230 2084//3230 2083//3230
f 2177//3230 2083//3230 2079//3230
f 2177//3230 2079//3230 2078//3230
f 2177//3230 2078//3230 2077//3230
f 2177//3230 2077//3230 2076//3230
f 2177//3230 2076//3230 2065//3230
f 2177//3230 2065//3230 2067//3230
f 2177//3230 2067//3230 2069//3230
f 2177//3230 2069//3230 2071//3230
f 2177//3230 2071//3230 2072//3230
f 2177//3230 2072//3230 2307//3230
f 2177//3230 2307//3230 2142//3230
f 2142//3230 2307//3230 2308//3230
f 2294//3230 2304//3230 2295//3230
f 2304//3230 2305//3230 2295//3230
f 2295//3230 2305//3230 2297//3230
f 2305//3230 2306//3230 2297//3230
f 2297//3230 2306//3230 2299//3230
f 2306//3230 1784//3230 2299//3230
f 2299//3230 1784//3230 2287//3230
f 1783//3398 2225//3398 1781//3398
f 1781//3398 2225//3398 2309//3398
f 2309//3398 2225//3398 2226//3398
f 2309//3398 2226//3398 2227//3398
f 2309//3398 2227//3398 2228//3398
f 2309//3398 2228//3398 2229//3398
f 2229//3398 2310//3398 2311//3398
f 2229//3398 2311//3398 2312//3398
f 2229//3398 2312//3398 2313//3398
f 2229//3398 2313//3398 2309//3398
f 2310//3398 2229//3398 2235//3398
f 2310//3398 2235//3398 2233//3398
f 2310//3398 2233//3398 2231//3398
f 2310//3398 2231//3398 2230//3398
f 2230//3398 2314//3398 2315//3398
f 2230//3398 2315//3398 2316//3398
f 2230//3398 2316//3398 2317//3398
f 2230//3398 2317//3398 2310//3398
f 2230//3398 2318//3398 2319//3398
f 2230//3398 2319//3398 2320//3398
f 2230//3398 2320//3398 2321//3398
f 2230//3398 2321//3398 2314//3398
f 2230//3398 2322//3398 2323//3398
f 2230//3398 2323//3398 2324//3398
f 2230//3398 2324//3398 2325//3398
f 2230//3398 2325//3398 2318//3398
f 2230//3398 2326//3398 2327//3398
f 2230//3398 2327//3398 2328//3398
f 2230//3398 2328//3398 2329//3398
f 2230//3398 2329//3398 2322//3398
f 2230//3398 2330//3398 2331//3398
f 2230//3398 2331//3398 2332//3398
f 2230//3398 2332//3398 2333//3398
f 2230//3398 2333//3398 2326//3398
f 2230//3398 2334//3398 2335//3398
f 2230//3398 2335//3398 2336//3398
f 2230//3398 2336//3398 2337//3398
f 2230//3398 2337//3398 2330//3398
f 2334//3398 2230//3398 2242//3398
f 2334//3398 2242//3398 2240//3398
f 2334//3398 2240//3398 2238//3398
f 2334//3398 2238//3398 2237//3398
f 2237//3398 2338//3398 2339//3398
f 2237//3398 2339//3398 2340//3398
f 2237//3398 2340//3398 2341//3398
f 2237//3398 2341//3398 2334//3398
f 2338//3398 2237//3398 2247//3398
f 2338//3398 2247//3398 2248//3398
f 2338//3398 2248//3398 2249//3398
f 2338//3398 2249//3398 2250//3398
f 2338//3398 2250//3398 2197//3398
f 2338//3398 2197//3398 2342//3398
f 2342//3398 2197//3398 2198//3398
f 2342//3398 2198//3398 2199//3398
f 2342//3398 2199//3398 2200//3398
f 2342//3398 2200//3398 2201//3398
f 2201//3398 2343//3398 2344//3398
f 2201//3398 2344//3398 2345//3398
f 2201//3398 2345//3398 2346//3398
f 2201//3398 2346//3398 2342//3398
f 2343//3398 2201//3398 2207//3398
f 2343//3398 2207//3398 2205//3398
f 2343//3398 2205//3398 2203//3398
f 2343//3398 2203//3398 2202//3398
f 2202//3398 2347//3398 2348//3398
f 2202//3398 2348//3398 2349//3398
f 2202//3398 2349//3398 2350//3398
f 2202//3398 2350//3398 2343//3398
f 2202//3398 2351//3398 2352//3398
f 2202//3398 2352//3398 2353//3398
f 2202//3398 2353//3398 2354//3398
f 2202//3398 2354//3398 2347//3398
f 2202//3398 2355//3398 2356//3398
f 2202//3398 2356//3398 2357//3398
f 2202//3398 2357//3398 2358//3398
f 2202//3398 2358//3398 2351//3398
f 2202//3398 2359//3398 2360//3398
f 2202//3398 2360//3398 2361//3398
f 2202//3398 2361//3398 2362//3398
f 2202//3398 2362//3398 2355//3398
f 2202//3398 2363//3398 2364//3398
f 2202//3398 2364//3398 2365//3398
f 2202//3398 2365//3398 2366//3398
f 2202//3398 2366//3398 2359//3398
f 2202//3398 2367//3398 2368//3398
f 2202//3398 2368//3398 2369//3398
f 2202//3398 2369//3398 2370//3398
f 2202//3398 2370//3398 2363//3398
f 2367//3398 2202//3398 2214//3398
f 2367//3398 2214//3398 2212//3398
f 2367//3398 2212//3398 2210//3398
f 2367//3398 2210//3398 2209//3398
f 2209//3398 2371//3398 2372//3398
f 2209//3398 2372//3398 2373//3398
f 2209//3398 2373//3398 2374//3398
f 2209//3398 2374//3398 2367//3398
f 2371//3398 2209//3398 2219//3398
f 2371//3398 2219//3398 2220//3398
f 2371//3398 2220//3398 2221//3398
f 2371//3398 2221//3398 2193//3398
f 2371//3398 2193//3398 2101//3398
f 2371//3398 2101//3398 2375//3398
f 2375//3398 2101//3398 2103//3398
f 2375//3398 2103//3398 2104//3398
f 2375//3398 2104//3398 2105//3398
f 2375//3398 2105//3398 2106//3398
f 2106//3398 2376//3398 2377//3398
f 2106//3398 2377//3398 2378//3398
f 2106//3398 2378//3398 2379//3398
f 2106//3398 2379//3398 2375//3398
f 2376//3398 2106//3398 2112//3398
f 2376//3398 2112//3398 2110//3398
f 2376//3398 2110//3398 2108//3398
f 2376//3398 2108//3398 2107//3398
f 2107//3398 2380//3398 2381//3398
f 2107//3398 2381//3398 2382//3398
f 2107//3398 2382//3398 2383//3398
f 2107//3398 2383//3398 2376//3398
f 2107//3398 2384//3398 2385//3398
f 2107//3398 2385//3398 2386//3398
f 2107//3398 2386//3398 2387//3398
f 2107//3398 2387//3398 2380//3398
f 2107//3398 2388//3398 2389//3398
f 2107//3398 2389//3398 2390//3398
f 2107//3398 2390//3398 2391//3398
f 2107//3398 2391//3398 2384//3398
f 2107//3398 2392//3398 2393//3398
f 2107//3398 2393//3398 2394//3398
f 2107//3398 2394//3398 2395//3398
f 2107//3398 2395//3398 2388//3398
f 2107//3398 2396//3398 2397//3398
f 2107//3398 2397//3398 2398//3398
f 2107//3398 2398//3398 2399//3398
f 2107//3398 2399//3398 2392//3398
f 2107//3398 2400//3398 2401//3398
f 2107//3398 2401//3398 2402//3398
f 2107//3398 2402//3398 2403//3398
f 2107//3398 2403//3398 2396//3398
f 2400//3398 2107//3398 2123//3398
f 2400//3398 2123//3398 2121//3398
f 2400//3398 2121//3398 2119//3398
f 2400//3398 2119//3398 2118//3398
f 2118//3398 2404//3398 2405//3398
f 2118//3398 2405//3398 2406//3398
f 2118//3398 2406//3398 2407//3398
f 2118//3398 2407//3398 2400//3398
f 2404//3398 2118//3398 2136//3398
f 2404//3398 2136//3398 2137//3398
f 2404//3398 2137//3398 2138//3398
f 2404//3398 2138//3398 2139//3398
f 2404//3398 2139//3398 2254//3398
f 2404//3398 2254//3398 2408//3398
f 2408//3398 2254//3398 2255//3398
f 2408//3398 2255//3398 2256//3398
f 2408//3398 2256//3398 2257//3398
f 2408//3398 2257//3398 2258//3398
f 2258//3398 2409//3398 2410//3398
f 2258//3398 2410//3398 2411//3398
f 2258//3398 2411//3398 2412//3398
f 2258//3398 2412//3398 2408//3398
f 2409//3398 2258//3398 2264//3398
f 2409//3398 2264//3398 2262//3398
f 2409//3398 2262//3398 2260//3398
f 2409//3398 2260//3398 2259//3398
f 2259//3398 2413//3398 2414//3398
f 2259//3398 2414//3398 2415//3398
f 2259//3398 2415//3398 2416//3398
f 2259//3398 2416//3398 2409//3398
f 2259//3398 2417//3398 2418//3398
f 2259//3398 2418//3398 2419//3398
f 2259//3398 2419//3398 2420//3398
f 2259//3398 2420//3398 2413//3398
f 2259//3398 2421//3398 2422//3398
f 2259//3398 2422//3398 2423//3398
f 2259//3398 2423//3398 2424//3398
f 2259//3398 2424//3398 2417//3398
f 2259//3398 2425//3398 2426//3398
f 2259//3398 2426//3398 2427//3398
f 2259//3398 2427//3398 2428//3398
f 2259//3398 2428//3398 2421//3398
f 2259//3398 2429//3398 2430//3398
f 2259//3398 2430//3398 2431//3398
f 2259//3398 2431//3398 2432//3398
f 2259//3398 2432//3398 2425//3398
f 2259//3398 2433//3398 2434//3398
f 2259//3398 2434//3398 2435//3398
f 2259//3398 2435//3398 2436//3398
f 2259//3398 2436//3398 2429//3398
f 2433//3398 2259//3398 2271//3398
f 2433//3398 2271//3398 2269//3398
f 2433//3398 2269//3398 2267//3398
f 2433//3398 2267//3398 2266//3398
f 2266//3398 2437//3398 2438//3398
f 2266//3398 2438//3398 2439//3398
f 2266//3398 2439//3398 2440//3398
f 2266//3398 2440//3398 2433//3398
f 2437//3398 2266//3398 2276//3398
f 2437//3398 2276//3398 2277//3398
f 2437//3398 2277//3398 2278//3398
f 2437//3398 2278//3398 2279//3398
f 2437//3398 2279//3398 2307//3398
f 2307//3398 2279//3398 2308//3398
f 2140//3285 2142//3285 2279//3285
f 2279//3285 2142//3285 2308//3285
f 2197//3284 2250//3284 2145//3284
f 2145//3284 2250//3284 2144//3284
# Vertices: 4788, normals: 8689, texture coordinates: 0, faces: 9572

